filename,dynasty,author,title,form,technique_zh,subject_zh,technique,subject,category_3,category_raw,category_fine
" _ _丹凤呦鹿图_页_浅绛,山水__ _绢本_ _ _d7fc676d.jpg",,,丹凤呦鹿图,页,浅绛,山水,LightOchre,Landscape,Landscape,LightOchre-Landscape,LightOchre-Landscape
" _周文矩_合乐 _页_工笔,人物_ _ _ _ _ _e270bfe1.jpg",,周文矩,合乐,页,工笔,人物,Gongbi,Figure,Figure,Gongbi-Figure,Gongbi-Figure
" _周文矩_琉璃堂人物图_页_工笔,人物_ _ _绢本_ _ _47df201a.jpg",,周文矩,琉璃堂人物图,页,工笔,人物,Gongbi,Figure,Figure,Gongbi-Figure,Gongbi-Figure
" _周文矩_西子浣纱图_页_工笔,人物_  _ _绢本 _  _ _e88c8d4f.jpg",,周文矩,西子浣纱图,页,工笔,人物,Gongbi,Figure,Figure,Gongbi-Figure,Gongbi-Figure
" _周文矩_重屏会棋图_卷_工笔,人物__ _纸本 _  _ _54512de1.jpg",,周文矩,重屏会棋图,卷,工笔,人物,Gongbi,Figure,Figure,Gongbi-Figure,Gongbi-Figure
" _周文矩_重屏会棋图_页_工笔,人物_  _ _绢本 _  _ _bafddbf3.jpg",,周文矩,重屏会棋图,页,工笔,人物,Gongbi,Figure,Figure,Gongbi-Figure,Gongbi-Figure
" _巨然_山水图_页_水墨,山水_山水 _  _  _ _74e79d64.jpg",,巨然,山水图,页,水墨,山水,Ink,Landscape,Landscape,Ink-Landscape,Ink-Landscape
" _徐熙_雪竹图_页_水墨,山水_花鸟 _  _  _ _69f93cba.jpg",,徐熙,雪竹图,页,水墨,山水,Ink,Landscape,Landscape,Ink-Landscape,Ink-Landscape
" _赵干_江行初雪图_卷_工笔,人物__ _绢本 _  _ _c2493f3e.jpg",,赵干,江行初雪图,卷,工笔,人物,Gongbi,Figure,Figure,Gongbi-Figure,Gongbi-Figure
" _顾闳中_韩熙载夜宴图_卷 _工笔,人物_人物,古装,彩绘,文字,印章,坐卧,集体人物,扇子_绢本_28.7cmX333.5cm_北京故宫博物院_28f90b83.jpg",,顾闳中,韩熙载夜宴图,卷,工笔,人物,Gongbi,Figure,Figure,Gongbi-Figure,Gongbi-Figure
"_ _乡村织布鸟_页_白描,花鸟_ _ _ _36b29e9d.jpg",,,乡村织布鸟,页,白描,花鸟,Baimiao,FlowerBird,FlowerBird,Baimiao-FlowerBird,Gongbi-FlowerBird
"_ _云雀_页_白描,花鸟_ _ _ _53379b29.jpg",,,云雀,页,白描,花鸟,Baimiao,FlowerBird,FlowerBird,Baimiao-FlowerBird,Gongbi-FlowerBird
"_关仝_秋山晚翠图_页_水墨,山水_ _ _绢本_ _ _90c5a211.jpg",,关仝,秋山晚翠图,页,水墨,山水,Ink,Landscape,Landscape,Ink-Landscape,Ink-Landscape
"_周文矩_宋摹本宫中 _页_工笔,人物_ _ _绢本_ _ _ca6d5122.jpg",,周文矩,宋摹本宫中,页,工笔,人物,Gongbi,Figure,Figure,Gongbi-Figure,Gongbi-Figure
"五代 _ _神骏图_卷_工笔,人物_ _绢本_28cmX143cm _ _0fca6d8d.jpg",五代,,神骏图,卷,工笔,人物,Gongbi,Figure,Figure,Gongbi-Figure,Gongbi-Figure
"五代_黄荃_写生珍禽图_页_工笔,花鸟_ _花鸟_绢本_41.5cmX70.8cm _ _b50b598d.jpg",五代,黄荃,写生珍禽图,页,工笔,花鸟,Gongbi,FlowerBird,FlowerBird,Gongbi-FlowerBird,Gongbi-FlowerBird
"五代后蜀_黃居寀_宣和图谱_页_工笔,花鸟_ _工笔,树枝,树叶,含苞花,蝴蝶,印章 _  _  _ _3ef6afd4.jpg",五代后蜀,黃居寀,宣和图谱,页,工笔,花鸟,Gongbi,FlowerBird,FlowerBird,Gongbi-FlowerBird,Gongbi-FlowerBird
"五代后蜀_黃居寀_宣和图谱_页_工笔,花鸟_ _工笔,树枝,树叶,盛开花,白花,印章 _  _  __f3aa8b87.jpg",五代后蜀,黃居寀,宣和图谱,页,工笔,花鸟,Gongbi,FlowerBird,FlowerBird,Gongbi-FlowerBird,Gongbi-FlowerBird
"五代后蜀_黃居寀_宣和图谱_页_工笔,花鸟_ _工笔,树枝,树叶,盛开花,白花,含苞花,蓝花,印章 _  _  _ _fefbc974.jpg",五代后蜀,黃居寀,宣和图谱,页,工笔,花鸟,Gongbi,FlowerBird,FlowerBird,Gongbi-FlowerBird,Gongbi-FlowerBird
"五代后蜀_黃居寀_宣和图谱_页_工笔,花鸟_ _工笔,树枝,树叶,盛开花,白花,红花,印章 _  _  _ _7c0b9c75.jpg",五代后蜀,黃居寀,宣和图谱,页,工笔,花鸟,Gongbi,FlowerBird,FlowerBird,Gongbi-FlowerBird,Gongbi-FlowerBird
"五代后蜀_黃居寀_宣和图谱_页_工笔,花鸟_ _工笔,树枝,树叶,盛开花,白花,红花,蓝花,石头,草,印章 _  _  _ _b3b5978e.jpg",五代后蜀,黃居寀,宣和图谱,页,工笔,花鸟,Gongbi,FlowerBird,FlowerBird,Gongbi-FlowerBird,Gongbi-FlowerBird
"五代后蜀_黃居寀_宣和图谱_页_工笔,花鸟_ _工笔,树枝,树叶,盛开花,红花,含苞花,印章 _  _e03c3e14.jpg",五代后蜀,黃居寀,宣和图谱,页,工笔,花鸟,Gongbi,FlowerBird,FlowerBird,Gongbi-FlowerBird,Gongbi-FlowerBird
"五代后蜀_黃居寀_宣和图谱_页_工笔,花鸟_ _工笔,树枝,树叶,草,白花,粉花 _  _  _ _cb52dcf5.jpg",五代后蜀,黃居寀,宣和图谱,页,工笔,花鸟,Gongbi,FlowerBird,FlowerBird,Gongbi-FlowerBird,Gongbi-FlowerBird
"五代后蜀_黃居寀_宣和图谱_页_工笔,花鸟_ _工笔,石头,树枝,树叶,盛开花,白花,红花,草,印章 _  _  _ _c201915b.jpg",五代后蜀,黃居寀,宣和图谱,页,工笔,花鸟,Gongbi,FlowerBird,FlowerBird,Gongbi-FlowerBird,Gongbi-FlowerBird
"五代后蜀_黃居寀_宣和图谱_页_工笔,花鸟_ _工笔,芦苇,树枝,盛开花,白花 _  _  _ _e3fcfb11.jpg",五代后蜀,黃居寀,宣和图谱,页,工笔,花鸟,Gongbi,FlowerBird,FlowerBird,Gongbi-FlowerBird,Gongbi-FlowerBird
"五代后蜀_黃居寀_宣和图谱_页_工笔,花鸟_ _工笔,芦苇,盛开花,含苞花,红花,白花,印章 _  _  _ _32921289.jpg",五代后蜀,黃居寀,宣和图谱,页,工笔,花鸟,Gongbi,FlowerBird,FlowerBird,Gongbi-FlowerBird,Gongbi-FlowerBird
"五代后蜀_黃居寀_宣和图谱_页_工笔,花鸟_ _工笔,芦苇,盛开花,树枝,树叶,白花,粉花,石头,草,印章 _  _  _ _d73fe352.jpg",五代后蜀,黃居寀,宣和图谱,页,工笔,花鸟,Gongbi,FlowerBird,FlowerBird,Gongbi-FlowerBird,Gongbi-FlowerBird
"五代后蜀_黃居寀_宣和图谱_页_工笔,花鸟_ _工笔,芦苇,盛开花,白花,印章 _  _  _ _2ec16ece.jpg",五代后蜀,黃居寀,宣和图谱,页,工笔,花鸟,Gongbi,FlowerBird,FlowerBird,Gongbi-FlowerBird,Gongbi-FlowerBird
"元 _ _寒林归樵册_页_水墨,山水_ _山水、人物 _ _93cmX49cm_东京博物馆_0d6ce927.jpg",元,,寒林归樵册,页,水墨,山水,Ink,Landscape,Landscape,Ink-Landscape,Ink-Landscape
"元 _ _白衣观音图_页_工笔,人物_轴_人物 _ _83cmX39cm_日本京都国立博物馆_65d1a8d6.jpg",元,,白衣观音图,页,工笔,人物,Gongbi,Figure,Figure,Gongbi-Figure,Gongbi-Figure
"元 _ _秋山行旅册_页_水墨,山水_ _山水 _ _190cmX118cm _ _0b0cd4f2.jpg",元,,秋山行旅册,页,水墨,山水,Ink,Landscape,Landscape,Ink-Landscape,Ink-Landscape
"元_人_招涼仕女圖 _页_工笔,人物_人物 _  _  _ _6c5fa67d.jpg",元,人,招涼仕女圖,页,工笔,人物,Gongbi,Figure,Figure,Gongbi-Figure,Gongbi-Figure
"元_人_林亭秋色圖 _页_水墨,山水_  _  _  _ _9663a0a3.jpg",元,人,林亭秋色圖,页,水墨,山水,Ink,Landscape,Landscape,Ink-Landscape,Ink-Landscape
"元_任康民_山水册_页_水墨,山水_ _山水 _ _23.8cmX21cm _ _c971cf0c.jpg",元,任康民,山水册,页,水墨,山水,Ink,Landscape,Landscape,Ink-Landscape,Ink-Landscape
"元_仿巨然_山水图_页_水墨,山水_轴_山水_绢本_170cmX85.26cm _ _6b453b72.jpg",元,仿巨然,山水图,页,水墨,山水,Ink,Landscape,Landscape,Ink-Landscape,Ink-Landscape
"元_仿巨然_山水图_页_水墨,山水_轴_山水_绢本_175.5cmX97.5cm _ _00d55308.jpg",元,仿巨然,山水图,页,水墨,山水,Ink,Landscape,Landscape,Ink-Landscape,Ink-Landscape
"元_倪瓒_幽涧寒松图_轴_水墨,山水_ _纸本_59.7cmX50.4cm _ _a60afd6f.jpg",元,倪瓒,幽涧寒松图,轴,水墨,山水,Ink,Landscape,Landscape,Ink-Landscape,Ink-Landscape
"元_倪瓒_枯木幽篁图_轴_水墨,山水_ _纸本_88.6cmX30cm_北京博物馆_5cc2e128.jpg",元,倪瓒,枯木幽篁图,轴,水墨,山水,Ink,Landscape,Landscape,Ink-Landscape,Ink-Landscape
"元_倪瓒_梧竹秀石图_轴_水墨,山水_ _纸本_96cmX36.5cm _ _9515fc7f.jpg",元,倪瓒,梧竹秀石图,轴,水墨,山水,Ink,Landscape,Landscape,Ink-Landscape,Ink-Landscape
"元_倪瓒_水竹居图_轴_浅绛,山水_山水 _ _28cmX48cm _ _8497428f.jpg",元,倪瓒,水竹居图,轴,浅绛,山水,LightOchre,Landscape,Landscape,LightOchre-Landscape,LightOchre-Landscape
"元_倪瓒_江渚风林图_轴_水墨,山水_  _ _59.1cmX31.1cm_大都会博物馆_4f124cd5.jpg",元,倪瓒,江渚风林图,轴,水墨,山水,Ink,Landscape,Landscape,Ink-Landscape,Ink-Landscape
"元_倪瓒_王绎_杨竹_轴_写意,人物_西小像 _  _  _  _  _ _819930d8.jpg",元,倪瓒,王绎,杨竹,写意,人物,Xieyi,Figure,Figure,Xieyi-Figure,Xieyi-Figure
"元_倪瓒_疏林图_轴_水墨,山水_  _ _68cmX57cm_日本_67b46d9f.jpg",元,倪瓒,疏林图,轴,水墨,山水,Ink,Landscape,Landscape,Ink-Landscape,Ink-Landscape
"元_倪瓒_紫芝山房图_轴_水墨,山水_  _ _80.5cmX34.8cm_台北故宫博物院_fd315ca2.jpg",元,倪瓒,紫芝山房图,轴,水墨,山水,Ink,Landscape,Landscape,Ink-Landscape,Ink-Landscape
"元_吴镇_溪山高隐图_页_水墨,山水_轴_山水_绢本_160.5cmX73.4cm _ _7b3dda9e.jpg",元,吴镇,溪山高隐图,页,水墨,山水,Ink,Landscape,Landscape,Ink-Landscape,Ink-Landscape
"元_吴镇_花鸟册_双页_没骨,花鸟_印章,文字,竹节,竹叶_纸本_ _ _9f936b1e.jpg",元,吴镇,花鸟册,双页,没骨,花鸟,Mogu,FlowerBird,FlowerBird,Mogu-FlowerBird,Mogu-FlowerBird
"元_吴镇_花鸟册_双页_没骨,花鸟_文字,竹节,竹叶,印章,文字_纸本_ _ _81deb249.jpg",元,吴镇,花鸟册,双页,没骨,花鸟,Mogu,FlowerBird,FlowerBird,Mogu-FlowerBird,Mogu-FlowerBird
"元_吴镇_花鸟册_双页_没骨,花鸟_树,竹节,竹叶,印章,文字_纸本_ _ _91976cdf.jpg",元,吴镇,花鸟册,双页,没骨,花鸟,Mogu,FlowerBird,FlowerBird,Mogu-FlowerBird,Mogu-FlowerBird
"元_吴镇_花鸟册_双页_没骨,花鸟_石头,竹节,竹叶,印章,文字,石头_纸本_ _ _54e94ed3.jpg",元,吴镇,花鸟册,双页,没骨,花鸟,Mogu,FlowerBird,FlowerBird,Mogu-FlowerBird,Mogu-FlowerBird
"元_吴镇_花鸟册_双页_没骨,花鸟_竹,竹叶,竹节,印章,文字_纸本_ _ _388fbfb5.jpg",元,吴镇,花鸟册,双页,没骨,花鸟,Mogu,FlowerBird,FlowerBird,Mogu-FlowerBird,Mogu-FlowerBird
"元_吴镇_花鸟册_双页_没骨,花鸟_竹,竹叶,竹节,文字,印章_纸本_ _ _8463c7be.jpg",元,吴镇,花鸟册,双页,没骨,花鸟,Mogu,FlowerBird,FlowerBird,Mogu-FlowerBird,Mogu-FlowerBird
"元_吴镇_花鸟册_双页_没骨,花鸟_竹,竹节,石头,草,文字,印章_纸本_ _ _2c41071e.jpg",元,吴镇,花鸟册,双页,没骨,花鸟,Mogu,FlowerBird,FlowerBird,Mogu-FlowerBird,Mogu-FlowerBird
"元_吴镇_花鸟册_双页_没骨,花鸟_竹节,竹,文字,印章_纸本_ _ _1df502a3.jpg",元,吴镇,花鸟册,双页,没骨,花鸟,Mogu,FlowerBird,FlowerBird,Mogu-FlowerBird,Mogu-FlowerBird
"元_唐子华_山居说听图_页_水墨,山水_  _ _24cmX24.8cm _ _1c034c38.jpg",元,唐子华,山居说听图,页,水墨,山水,Ink,Landscape,Landscape,Ink-Landscape,Ink-Landscape
"元_商琦_春山图_卷_浅绛,山水_山水_绢本_39.6cmX217cm _ _162a44ea.jpg",元,商琦,春山图,卷,浅绛,山水,LightOchre,Landscape,Landscape,LightOchre-Landscape,LightOchre-Landscape
"元_因陀罗_寒山拾得图_页_写意,人物_禅机图断简 _ _人物_纸本 _  _ _6fab056f.jpg",元,因陀罗,寒山拾得图,页,写意,人物,Xieyi,Figure,Figure,Xieyi-Figure,Xieyi-Figure
"元_夏叔文_柳汀聚禽图_页_工笔,花鸟_ _花鸟 _ _128cmX66.5cm _ _e09a0c66.jpg",元,夏叔文,柳汀聚禽图,页,工笔,花鸟,Gongbi,FlowerBird,FlowerBird,Gongbi-FlowerBird,Gongbi-FlowerBird
"元_孙君泽_高士观眺图_页_水墨,山水_ _山水_ _137cmX111cm _ _b95d62a5.jpg",元,孙君泽,高士观眺图,页,水墨,山水,Ink,Landscape,Landscape,Ink-Landscape,Ink-Landscape
"元_方从义_云山图_页_水墨,山水_卷_山水 _ _27cmX144.5cm _ _73760a8a.jpg",元,方从义,云山图,页,水墨,山水,Ink,Landscape,Landscape,Ink-Landscape,Ink-Landscape
"元_方從義_崇岡獨眺圖 _页_水墨,山水_山水 _  _  _ _684c28d4.jpg",元,方從義,崇岡獨眺圖,页,水墨,山水,Ink,Landscape,Landscape,Ink-Landscape,Ink-Landscape
"元_普明_兰图_页_写意,花鸟_ _花鸟 _ _50cmX54cm _ _a38acd01.jpg",元,普明,兰图,页,写意,花鸟,Xieyi,FlowerBird,FlowerBird,Xieyi-FlowerBird,Xieyi-FlowerBird
"元_沈孟坚_牡丹蝴蝶图_页_工笔,花鸟_ _工笔,花鸟 _ _26.9cmX27cm _ _fced131d.jpg",元,沈孟坚,牡丹蝴蝶图,页,工笔,花鸟,Gongbi,FlowerBird,FlowerBird,Gongbi-FlowerBird,Gongbi-FlowerBird
"元_王渊_花竹锦鸡图_页_工笔,花鸟_花竹、锦鸡_绢本_135cmX85cm _ _83140865.jpg",元,王渊,花竹锦鸡图,页,工笔,花鸟,Gongbi,FlowerBird,FlowerBird,Gongbi-FlowerBird,Gongbi-FlowerBird
"元_王蒙_秋山草堂册_页_浅绛,山水_ _山水_纸本_123.3cmX54.8cm _ _1d1bbbdd.jpg",元,王蒙,秋山草堂册,页,浅绛,山水,LightOchre,Landscape,Landscape,LightOchre-Landscape,LightOchre-Landscape
"元_盛懋_山居纳凉图_页_浅绛,山水_  _ _120.81cmX56.99cm_纳尔逊博物馆_717d6517.jpg",元,盛懋,山居纳凉图,页,浅绛,山水,LightOchre,Landscape,Landscape,LightOchre-Landscape,LightOchre-Landscape
"元_盛懋_山水图 _页_浅绛,山水_山水 _ _30.3cmX24.4cm _ _e807f8de.jpg",元,盛懋,山水图,页,浅绛,山水,LightOchre,Landscape,Landscape,LightOchre-Landscape,LightOchre-Landscape
"元_盛懋_秋溪放艇册_页_水墨,山水_ _山水_绢本_67cmX72cm _ _bf293f15.jpg",元,盛懋,秋溪放艇册,页,水墨,山水,Ink,Landscape,Landscape,Ink-Landscape,Ink-Landscape
"元_盛懋_秋溪釣庭圖 _页_浅绛,山水_山水 _  _  _ _61b5add1.jpg",元,盛懋,秋溪釣庭圖,页,浅绛,山水,LightOchre,Landscape,Landscape,LightOchre-Landscape,LightOchre-Landscape
"元_盛昌年_柳燕图_页_工笔,花鸟_ _花鸟_纸本_75.9cmX25.5cm _ _b89209db.jpg",元,盛昌年,柳燕图,页,工笔,花鸟,Gongbi,FlowerBird,FlowerBird,Gongbi-FlowerBird,Gongbi-FlowerBird
"元_赵孟頫,赵雍,赵麟_三世人马图 _页_工笔,人物_人马 _ _30cmX177cm_大都会博物馆_d7ca29b8.jpg",元,"赵孟頫,赵雍,赵麟",三世人马图,页,工笔,人物,Gongbi,Figure,Figure,Gongbi-Figure,Gongbi-Figure
"元_赵孟頫_红衣罗汉图_页_工笔,人物_ _人物_纸本_26cmX52cm _ _c7597e11.jpg",元,赵孟頫,红衣罗汉图,页,工笔,人物,Gongbi,Figure,Figure,Gongbi-Figure,Gongbi-Figure
"元_赵孟頮_双松平远册_页_水墨,山水_ _山水 _ _26.8cmX107.5cm _ _33edfac4.jpg",元,赵孟頮,双松平远册,页,水墨,山水,Ink,Landscape,Landscape,Ink-Landscape,Ink-Landscape
"元_郭熙_雪山行旅图_页_水墨,山水_轴_山水_绢布_106cmX51.5cm _ _0016c71a.jpg",元,郭熙,雪山行旅图,页,水墨,山水,Ink,Landscape,Landscape,Ink-Landscape,Ink-Landscape
"元_钱选_八花图_页_工笔,花鸟_卷_花鸟 _ _29cmX333.9cm _ _9c582d6f.jpg",元,钱选,八花图,页,工笔,花鸟,Gongbi,FlowerBird,FlowerBird,Gongbi-FlowerBird,Gongbi-FlowerBird
"元_钱选_王羲之观鹅图_页_浅绛,山水_卷 _ 青绿山水_纸本 _ _大都会博物馆_765d72e7.jpg",元,钱选,王羲之观鹅图,页,浅绛,山水,LightOchre,Landscape,Landscape,LightOchre-Landscape,LightOchre-Landscape
"元_钱选_芭蕉唐子册_页_工笔,人物_  _山水_ _37cmX38cm _ _5fb22026.jpg",元,钱选,芭蕉唐子册,页,工笔,人物,Gongbi,Figure,Figure,Gongbi-Figure,Gongbi-Figure
"元_钱选_花鸟图_页_写意,花鸟_卷_花鸟_纸本_38cmX316.7cm_天津博物馆_f84c6fb3.jpg",元,钱选,花鸟图,页,写意,花鸟,Xieyi,FlowerBird,FlowerBird,Xieyi-FlowerBird,Xieyi-FlowerBird
"元_钱选_花鸟图_页_工笔,花鸟_卷_花鸟_纸本_38cmX316.7cm_天津博物馆_1735758774_5fd16a03.jpg",元,钱选,花鸟图,页,工笔,花鸟,Gongbi,FlowerBird,FlowerBird,Gongbi-FlowerBird,Gongbi-FlowerBird
"元_钱选_鼠图_页_工笔,花鸟_ _花鸟 _ _24.3cmX27cm _ _bb3036b1.jpg",元,钱选,鼠图,页,工笔,花鸟,Gongbi,FlowerBird,FlowerBird,Gongbi-FlowerBird,Gongbi-FlowerBird
"元_陈鉴如_竹林大士出山图_ 卷_工笔,人物_古树,石头,草,对话,集体人物_纸本,绢本_ _ _db78481d.jpg",元,陈鉴如,竹林大士出山图,卷,工笔,人物,Gongbi,Figure,Figure,Gongbi-Figure,Gongbi-Figure
"元_陈鉴如_竹林大士出山图_ 卷_工笔,人物_山林,石头,草,贵族人物,欢聚,印章,文字_纸本,绢本_0b77386d.jpg",元,陈鉴如,竹林大士出山图,卷,工笔,人物,Gongbi,Figure,Figure,Gongbi-Figure,Gongbi-Figure
"元_颜辉_十六罗汉图_页_工笔,人物_卷_人物 _ _25cmX256cm _ _fbb548de.jpg",元,颜辉,十六罗汉图,页,工笔,人物,Gongbi,Figure,Figure,Gongbi-Figure,Gongbi-Figure
"元_高克恭_夏山過雨圖 _页_水墨,山水_山水 _  _  _ _1735758774_30e2198d.jpg",元,高克恭,夏山過雨圖,页,水墨,山水,Ink,Landscape,Landscape,Ink-Landscape,Ink-Landscape
"唐 _ _仕女图_页_工笔,人物_ _人物_绢本_27.95cmX73.31cm _ _7289936e.jpg",唐,,仕女图,页,工笔,人物,Gongbi,Figure,Figure,Gongbi-Figure,Gongbi-Figure
"唐_佚名_宫乐图_页_工笔,人物_页_工笔,人物_  _ _绢本_48.7cmX69cm _ _3a8b5993.jpg",唐,佚名,宫乐图,页,工笔,人物,Gongbi,Figure,Figure,Gongbi-Figure,Gongbi-Figure
"唐_吴道子_先师孔子行教像_页_工笔,人物_拓片_人物 _ _97cmX48cm _ _7dabac2e.jpg",唐,吴道子,先师孔子行教像,页,工笔,人物,Gongbi,Figure,Figure,Gongbi-Figure,Gongbi-Figure
"唐_吴道子_八十七神仙_页_工笔,人物_卷_人物_绢本_30cmX292cm_徐悲鸿纪念馆_906ce7d8.jpg",唐,吴道子,八十七神仙,页,工笔,人物,Gongbi,Figure,Figure,Gongbi-Figure,Gongbi-Figure
"唐_吴道子_写意观音像_页_工笔,人物_拓片_观音 _ _68cmX31cm _ _69708bb5.jpg",唐,吴道子,写意观音像,页,工笔,人物,Gongbi,Figure,Figure,Gongbi-Figure,Gongbi-Figure
"唐_吴道子_观音菩萨像_页_工笔,人物_拓片_人物 _ _80cmX32cm _ _58ab0913.jpg",唐,吴道子,观音菩萨像,页,工笔,人物,Gongbi,Figure,Figure,Gongbi-Figure,Gongbi-Figure
"唐_吴道子_送子天王图_页_工笔,人物_页_工笔,人物_  _ _纸本_35.5cmX338cm_日本大阪市立美術館_b3d9724a.jpg",唐,吴道子,送子天王图,页,工笔,人物,Gongbi,Figure,Figure,Gongbi-Figure,Gongbi-Figure
"唐_周肪_簪花仕女图_页_工笔,人物_卷_仕女_绢本_182cmX46.4cm_辽宁博物馆_1735758774_4b6821ff.jpg",唐,周肪,簪花仕女图,页,工笔,人物,Gongbi,Figure,Figure,Gongbi-Figure,Gongbi-Figure
"唐_孙位_竹林七贤图_卷_工笔,人物_绢本_36cmX137cm _ _1992f31f.jpg",唐,孙位,竹林七贤图,卷,工笔,人物,Gongbi,Figure,Figure,Gongbi-Figure,Gongbi-Figure
"唐_张暄_捣练图_页_工笔,人物_页_工笔,人物_  _  _ _37cmX145cm _ _e4300c94.jpg",唐,张暄,捣练图,页,工笔,人物,Gongbi,Figure,Figure,Gongbi-Figure,Gongbi-Figure
"唐_张祐_梅图_页_工笔,人物_页_写意,花鸟_ _花鸟 _ _21.4cmX25cm _ _05578a41.jpg",唐,张祐,梅图,页,工笔,人物,Gongbi,Figure,Figure,Gongbi-Figure,Gongbi-Figure
"唐_惠崇_雁图_页_工笔,花鸟_ _花鸟 _ _46cmX50cm _ _0f9c6086.jpg",唐,惠崇,雁图,页,工笔,花鸟,Gongbi,FlowerBird,FlowerBird,Gongbi-FlowerBird,Gongbi-FlowerBird
"唐_戴泽_牧童图_页_工笔,人物_ _人物 _ _41X37cm _ _4ddeaaab.jpg",唐,戴泽,牧童图,页,工笔,人物,Gongbi,Figure,Figure,Gongbi-Figure,Gongbi-Figure
"唐_李思训_九成避暑图_页_浅绛,山水_页 _青绿山水_纸本_41cmX81cm_故宫博物院_462dfb65.jpg",唐,李思训,九成避暑图,页,浅绛,山水,LightOchre,Landscape,Landscape,LightOchre-Landscape,LightOchre-Landscape
"唐_李思训_宫苑图_页_浅绛,山水_卷 _青绿山水_绢本_23.9cmX77.2cm_北京故宫博物院_aef36bdf.jpg",唐,李思训,宫苑图,页,浅绛,山水,LightOchre,Landscape,Landscape,LightOchre-Landscape,LightOchre-Landscape
"唐_杨升_蓬莱飞雪图_轴_浅绛,山水_ _ _75x68 _ _3b7537e1.jpg",唐,杨升,蓬莱飞雪图,轴,浅绛,山水,LightOchre,Landscape,Landscape,LightOchre-Landscape,LightOchre-Landscape
"唐_赵福_犹图_页_工笔,人物_页_工笔,人物_  _  _ _24.4cmX24cm _ _442a64b5.jpg",唐,赵福,犹图,页,工笔,人物,Gongbi,Figure,Figure,Gongbi-Figure,Gongbi-Figure
"唐_赵福_羊图_页_工笔,人物_页_工笔,人物_ _花鸟 _ _24.8cmX25cm _ _9e82dd10.jpg",唐,赵福,羊图,页,工笔,人物,Gongbi,Figure,Figure,Gongbi-Figure,Gongbi-Figure
"唐_郑虔_峻岭溪桥图_页_水墨,山水_山水 _ _24.8cmX26.3cm _ _dc7860c9.jpg",唐,郑虔,峻岭溪桥图,页,水墨,山水,Ink,Landscape,Landscape,Ink-Landscape,Ink-Landscape
"唐_阎立本_佛_页_工笔,人物_ _人物 _  _  _ _6319cb3b.jpg",唐,阎立本,佛,页,工笔,人物,Gongbi,Figure,Figure,Gongbi-Figure,Gongbi-Figure
"唐_阎立本_北齐校书图_页_工笔,人物_卷 _ _绢本_80cmX240cm _ _99dbc73b.jpg",唐,阎立本,北齐校书图,页,工笔,人物,Gongbi,Figure,Figure,Gongbi-Figure,Gongbi-Figure
"唐_阎立本_步辇图_页_工笔,人物_卷 _ _绢本_38.5cmX129.6cm _ _c881b67a.jpg",唐,阎立本,步辇图,页,工笔,人物,Gongbi,Figure,Figure,Gongbi-Figure,Gongbi-Figure
"唐_阎立本_步辇图_页_工笔,人物_页_工笔,人物_  _  _ _38.5cmX129cm _ _f6ae14f6.jpg",唐,阎立本,步辇图,页,工笔,人物,Gongbi,Figure,Figure,Gongbi-Figure,Gongbi-Figure
"唐_阎立本_画孔子弟子像卷_卷_工笔,人物_人物 _ _32.3cmX870cm _ _b1489095.jpg",唐,阎立本,画孔子弟子像卷,卷,工笔,人物,Gongbi,Figure,Figure,Gongbi-Figure,Gongbi-Figure
"唐_阎立本_职贡图_页_工笔,人物_页_工笔,人物_  _ _绢本_61.5cmX191.5cm_台北故宫_6943ba44.jpg",唐,阎立本,职贡图,页,工笔,人物,Gongbi,Figure,Figure,Gongbi-Figure,Gongbi-Figure
"唐_阎立本_萧翼赚兰亭_页_工笔,人物_画芯 _ _绢本_28cmX65cm _ _ebed8b5a.jpg",唐,阎立本,萧翼赚兰亭,页,工笔,人物,Gongbi,Figure,Figure,Gongbi-Figure,Gongbi-Figure
"唐_阎立本_萧翼赚兰亭图_页_工笔,人物_页_工笔,人物_  _ _绢本_28cmX158cm _ _2c030b3a.jpg",唐,阎立本,萧翼赚兰亭图,页,工笔,人物,Gongbi,Figure,Figure,Gongbi-Figure,Gongbi-Figure
"宋 _ _冬日戏婴图_页_工笔,人物_人物_绢本_196.2cmX107.1cm _ _02d1e730.jpg",宋,,冬日戏婴图,页,工笔,人物,Gongbi,Figure,Figure,Gongbi-Figure,Gongbi-Figure
"宋 _ _出水芙蓉图_页_工笔,花鸟_页_花鸟_绢本_23.8cmX25cm _ _71762a9c.jpg",宋,,出水芙蓉图,页,工笔,花鸟,Gongbi,FlowerBird,FlowerBird,Gongbi-FlowerBird,Gongbi-FlowerBird
"宋 _ _夏卉骈芳图_页_工笔,花鸟_页_花鸟 _ _48cmX93cm _ _0f74bf79.jpg",宋,,夏卉骈芳图,页,工笔,花鸟,Gongbi,FlowerBird,FlowerBird,Gongbi-FlowerBird,Gongbi-FlowerBird
"宋 _ _夜合花图_页_工笔,花鸟_页_花鸟 _ _24.5cmX25.4cm _ _a7fc9fcb.jpg",宋,,夜合花图,页,工笔,花鸟,Gongbi,FlowerBird,FlowerBird,Gongbi-FlowerBird,Gongbi-FlowerBird
"宋 _ _如意轮观音图_页_工笔,人物_ _人物 _ _130cmX68cm _ _04a9b545.jpg",宋,,如意轮观音图,页,工笔,人物,Gongbi,Figure,Figure,Gongbi-Figure,Gongbi-Figure
"宋 _ _子母鸡图_页_工笔,花鸟_ _工笔,花鸟_纸本_60.8cmX32.8cm _ _debc5309.jpg",宋,,子母鸡图,页,工笔,花鸟,Gongbi,FlowerBird,FlowerBird,Gongbi-FlowerBird,Gongbi-FlowerBird
"宋 _ _寒柯山鹧图 _页_工笔,花鸟_ _绢本_32cmX32cm _ _4b615663.jpg",宋,,寒柯山鹧图,页,工笔,花鸟,Gongbi,FlowerBird,FlowerBird,Gongbi-FlowerBird,Gongbi-FlowerBird
"宋 _ _山中水_页_浅绛,山水_山水_纸本_30cmX106cm _ _78dbb92e.jpg",宋,,山中水,页,浅绛,山水,LightOchre,Landscape,Landscape,LightOchre-Landscape,LightOchre-Landscape
"宋 _ _山居对奕册_页_浅绛,山水_ _山水、人物 _ _36cmX38cm _ _b0f251ba.jpg",宋,,山居对奕册,页,浅绛,山水,LightOchre,Landscape,Landscape,LightOchre-Landscape,LightOchre-Landscape
"宋 _ _山水人物册_页_浅绛,山水_ _山水,人物 _ _28cmX29cm _ _6e347ed5.jpg",宋,,山水人物册,页,浅绛,山水,LightOchre,Landscape,Landscape,LightOchre-Landscape,LightOchre-Landscape
"宋 _ _山水图_页_浅绛,山水_页_山水 _ _21cmX23cm _ _c2989d2b.jpg",宋,,山水图,页,浅绛,山水,LightOchre,Landscape,Landscape,LightOchre-Landscape,LightOchre-Landscape
"宋 _ _戏嘤图_页_工笔,人物_  _工笔,人物,集体人物_绢本_30.3cmX49.3cm _ _b1c97da2.jpg",宋,,戏嘤图,页,工笔,人物,Gongbi,Figure,Figure,Gongbi-Figure,Gongbi-Figure
"宋 _ _文姬图_页_工笔,人物_ _人物 _ _26.4cmX24.2cm_波士顿博物馆_d912bfb0.jpg",宋,,文姬图,页,工笔,人物,Gongbi,Figure,Figure,Gongbi-Figure,Gongbi-Figure
"宋 _ _文姬图_页_工笔,人物_ _工笔,人物 _ _26.4cmX24.2cm_波士顿博物馆_1735758774_1c7d2110.jpg",宋,,文姬图,页,工笔,人物,Gongbi,Figure,Figure,Gongbi-Figure,Gongbi-Figure
"宋 _ _斗雀图_页_工笔,花鸟_页_花鸟 _ _24.2cmX5.4cm _ _50dadac5.jpg",宋,,斗雀图,页,工笔,花鸟,Gongbi,FlowerBird,FlowerBird,Gongbi-FlowerBird,Gongbi-FlowerBird
"宋 _ _普贤菩萨 _页_工笔,人物_人物_绢本_71cmX71cm _ _c7d15221.jpg",宋,,普贤菩萨,页,工笔,人物,Gongbi,Figure,Figure,Gongbi-Figure,Gongbi-Figure
"宋 _ _松阴策杖图_页_浅绛,山水_页 _青绿山水_ _50cmX56cm _ _e3271c53.jpg",宋,,松阴策杖图,页,浅绛,山水,LightOchre,Landscape,Landscape,LightOchre-Landscape,LightOchre-Landscape
"宋 _ _柳溪泛舟册_页_浅绛,山水_ _山水 _ _23.3cmX24cm _ _3e352f17.jpg",宋,,柳溪泛舟册,页,浅绛,山水,LightOchre,Landscape,Landscape,LightOchre-Landscape,LightOchre-Landscape
"宋 _ _柳荫群盲图_页_工笔,人物_ _人物_绢本_82cmX78.5cm _ _7427a64d.jpg",宋,,柳荫群盲图,页,工笔,人物,Gongbi,Figure,Figure,Gongbi-Figure,Gongbi-Figure
"宋 _ _橘枝栖雀图_页_工笔,花鸟_ _花鸟 _ _35cmX39cm _ _e1407f9b.jpg",宋,,橘枝栖雀图,页,工笔,花鸟,Gongbi,FlowerBird,FlowerBird,Gongbi-FlowerBird,Gongbi-FlowerBird
"宋 _ _水村烟霭册_页_水墨,山水_ _山水 _ _32cmX35cm _ _fd4e8caf.jpg",宋,,水村烟霭册,页,水墨,山水,Ink,Landscape,Landscape,Ink-Landscape,Ink-Landscape
"宋 _ _江上青峰册_页_浅绛,山水_ _青绿山水,山水 _ _42cmX45cm _ _567e456c.jpg",宋,,江上青峰册,页,浅绛,山水,LightOchre,Landscape,Landscape,LightOchre-Landscape,LightOchre-Landscape
"宋 _ _燃灯佛授记释迦文图_页_工笔,人物_卷 _工笔,人物,佛教_  _  _ _dfbd5b1f.jpg",宋,,燃灯佛授记释迦文图,页,工笔,人物,Gongbi,Figure,Figure,Gongbi-Figure,Gongbi-Figure
"宋 _ _牧牛图_页_写意,人物_ _人物_绢本_39cmX39cm _ _3a667ac7.jpg",宋,,牧牛图,页,写意,人物,Xieyi,Figure,Figure,Xieyi-Figure,Xieyi-Figure
"宋 _ _画松涧山禽图 _页_水墨,山水_松、山、禽_绢本_25.3cmX25.3cm _ _c06cbba5.jpg",宋,,画松涧山禽图,页,水墨,山水,Ink,Landscape,Landscape,Ink-Landscape,Ink-Landscape
"宋 _ _画松涧山禽图 _页_浅绛,山水_松涧、山禽_绢本_25.3cmX25.3cm _ _e768574d.jpg",宋,,画松涧山禽图,页,浅绛,山水,LightOchre,Landscape,Landscape,LightOchre-Landscape,LightOchre-Landscape
"宋 _ _百子嬉春图_页_工笔,人物_人物 _ _26.6cmX27.7cm _ _2b8a661c.jpg",宋,,百子嬉春图,页,工笔,人物,Gongbi,Figure,Figure,Gongbi-Figure,Gongbi-Figure
"宋 _ _百花图_页_工笔,花鸟_卷_花鸟_纸本_31.5cmX1679.5cm _ _2bf4de5b.jpg",宋,,百花图,页,工笔,花鸟,Gongbi,FlowerBird,FlowerBird,Gongbi-FlowerBird,Gongbi-FlowerBird
"宋 _ _秋兰绽蕊图_页_工笔,花鸟_页_花鸟_绢本_27cmX28cm _ _14aee34c.jpg",宋,,秋兰绽蕊图,页,工笔,花鸟,Gongbi,FlowerBird,FlowerBird,Gongbi-FlowerBird,Gongbi-FlowerBird
"宋 _ _秋山红树册_页_浅绛,山水_ _山水_绢布_197.8cmX111.8cm _ _1c44a7f3.jpg",宋,,秋山红树册,页,浅绛,山水,LightOchre,Landscape,Landscape,LightOchre-Landscape,LightOchre-Landscape
"宋 _ _竹塘宿雁图_页_工笔,花鸟_ _花鸟 _ _68cmX77cm_东京博物馆_8c0935bb.jpg",宋,,竹塘宿雁图,页,工笔,花鸟,Gongbi,FlowerBird,FlowerBird,Gongbi-FlowerBird,Gongbi-FlowerBird
"宋 _ _竹涧鸳鸯图_页_浅绛,山水_ _花鸟 _ _51cmX51cm _ _7f6573a6.jpg",宋,,竹涧鸳鸯图,页,浅绛,山水,LightOchre,Landscape,Landscape,LightOchre-Landscape,LightOchre-Landscape
"宋 _ _红梅孔雀图_页_工笔,花鸟_页_花鸟 _ _32cmX89cm _ _1735758775_15b1da81.jpg",宋,,红梅孔雀图,页,工笔,花鸟,Gongbi,FlowerBird,FlowerBird,Gongbi-FlowerBird,Gongbi-FlowerBird
"宋 _ _花卉四段图_卷_工笔,花鸟_花卉_绢本_49.2cmX77.6cm _ _2eabbc54.jpg",宋,,花卉四段图,卷,工笔,花鸟,Gongbi,FlowerBird,FlowerBird,Gongbi-FlowerBird,Gongbi-FlowerBird
"宋 _ _花蓝图_页_工笔,花鸟_工笔_花鸟 _ _47cmX46cm _ _fe90c2cb.jpg",宋,,花蓝图,页,工笔,花鸟,Gongbi,FlowerBird,FlowerBird,Gongbi-FlowerBird,Gongbi-FlowerBird
"宋 _ _花鸟秋菊 _页_工笔,花鸟_花鸟 _ _32cmX34cm _ _929b9833.jpg",宋,,花鸟秋菊,页,工笔,花鸟,Gongbi,FlowerBird,FlowerBird,Gongbi-FlowerBird,Gongbi-FlowerBird
"宋 _ _荷塘鸂鵣图_页_工笔,花鸟_ _花鸟_绢本_16.8cmX21cm_北京故宫博物院_1735758775_3103a398.jpg",宋,,荷塘鸂鵣图,页,工笔,花鸟,Gongbi,FlowerBird,FlowerBird,Gongbi-FlowerBird,Gongbi-FlowerBird
"宋 _ _荷塘鸂鵣图_页_工笔,花鸟_ _花鸟_绢本_16.8cmX21cm_北京故宫博物院_f3e0971d.jpg",宋,,荷塘鸂鵣图,页,工笔,花鸟,Gongbi,FlowerBird,FlowerBird,Gongbi-FlowerBird,Gongbi-FlowerBird
"宋 _ _蓮池水禽图_页_工笔,花鸟_ _花鸟 _ _86cmX53cm_东京国立博物馆_050150a3.jpg",宋,,蓮池水禽图,页,工笔,花鸟,Gongbi,FlowerBird,FlowerBird,Gongbi-FlowerBird,Gongbi-FlowerBird
"宋 _ _蓮池水禽图_页_工笔,花鸟_轴_花鸟_绢本_85cmX53_东京国立博物馆_a393de00.jpg",宋,,蓮池水禽图,页,工笔,花鸟,Gongbi,FlowerBird,FlowerBird,Gongbi-FlowerBird,Gongbi-FlowerBird
"宋 _ _蕉石婴戏册_页_工笔,人物_ _青绿山水,人物 _ _44cmX47cm _ _f0944d64.jpg",宋,,蕉石婴戏册,页,工笔,人物,Gongbi,Figure,Figure,Gongbi-Figure,Gongbi-Figure
"宋 _ _观瀑布册_页_浅绛,山水_ _山水_绢本_23.9cmX25.1cm _ _f0921785.jpg",宋,,观瀑布册,页,浅绛,山水,LightOchre,Landscape,Landscape,LightOchre-Landscape,LightOchre-Landscape
"宋 _ _阿弥陀佛图 _页_工笔,人物_  _ _135.9cmX58.4cm_大都會博物館_b2d6aa61.jpg",宋,,阿弥陀佛图,页,工笔,人物,Gongbi,Figure,Figure,Gongbi-Figure,Gongbi-Figure
"宋 _ _雀山茶图 _页_工笔,花鸟_ _绢本_23.5cmX26.7cm _ _dde76127.jpg",宋,,雀山茶图,页,工笔,花鸟,Gongbi,FlowerBird,FlowerBird,Gongbi-FlowerBird,Gongbi-FlowerBird
"宋 _ _雪山行旅册_页_水墨,山水_ _山水_绢本_226cmX80cm_台北故宫博物院_4ad8c2e5.jpg",宋,,雪山行旅册,页,水墨,山水,Ink,Landscape,Landscape,Ink-Landscape,Ink-Landscape
"宋 _ _高士观瀑册_页_浅绛,山水_ _山水、人物 _ _25.1cmX25.7cm _ _3265f02e.jpg",宋,,高士观瀑册,页,浅绛,山水,LightOchre,Landscape,Landscape,LightOchre-Landscape,LightOchre-Landscape
"宋 _ _高士麋鹿图_页_工笔,人物_人物, 动物 _ _33cmX38cm _ _ae94f8c8.jpg",宋,,高士麋鹿图,页,工笔,人物,Gongbi,Figure,Figure,Gongbi-Figure,Gongbi-Figure
"宋_(传)任仁发_大豆图_ 页_工笔,花鸟_树枝,树叶,含苞花,蝴蝶,留白_39cmX43cm_绢本_d4297dd3.jpg",宋,(传)任仁发,大豆图,页,工笔,花鸟,Gongbi,FlowerBird,FlowerBird,Gongbi-FlowerBird,Gongbi-FlowerBird
"宋_(传)梁楷_枯木图_ 页_水墨,山水_山,枯树,草,留白_绢本_40cmX39cm_ _75afc95a.jpg",宋,(传)梁楷,枯木图,页,水墨,山水,Ink,Landscape,Landscape,Ink-Landscape,Ink-Landscape
"宋_传夏珪_五位图_ 页_工笔,花鸟_河流,石头,白鹭,草,芦苇,印章,留白_绢本_49cmX51cm_ _4afc9969.jpg",宋,传夏珪,五位图,页,工笔,花鸟,Gongbi,FlowerBird,FlowerBird,Gongbi-FlowerBird,Gongbi-FlowerBird
"宋_传夏珪_山水册_页_水墨,山水_ _山水 _ _55cmX69cm _ _c9d3199e.jpg",宋,传夏珪,山水册,页,水墨,山水,Ink,Landscape,Landscape,Ink-Landscape,Ink-Landscape
"宋_传李唐_牛图耕耘图 _页_水墨,山水_牛 _ _38cmX42cm _ _c7af891a.jpg",宋,传李唐,牛图耕耘图,页,水墨,山水,Ink,Landscape,Landscape,Ink-Landscape,Ink-Landscape
"宋_佚名(传毛益)_榴枝黄鸟_ 页_工笔,花鸟_树枝,树叶,鸟,盛开花_绢本_24.6cmX25.4_9e42615d.jpg",宋,佚名(传毛益),榴枝黄鸟,页,工笔,花鸟,Gongbi,FlowerBird,FlowerBird,Gongbi-FlowerBird,Gongbi-FlowerBird
"宋_佚名(传毛益)榴枝黄鸟_双 页_工笔,花鸟_印章,文字,树枝,盛开花,树叶,鸟_ 页_工笔,花鸟_d7579d34.jpg",宋,佚名(传毛益)榴枝黄鸟,双 页,"工笔,花鸟",工笔,花鸟,Gongbi,FlowerBird,FlowerBird,Gongbi-FlowerBird,Gongbi-FlowerBird
"宋_佚名(传马麟)_石榴蜡嘴_ 页_没骨,花鸟_树枝,树叶,鸟,盛开花_绢本_27.3cmX27.3cm_ _c2c00369.jpg",宋,佚名(传马麟),石榴蜡嘴,页,没骨,花鸟,Mogu,FlowerBird,FlowerBird,Mogu-FlowerBird,Mogu-FlowerBird
"宋_佚名_争禽图_页_工笔,花鸟_树枝,树叶,盛开花,白花,鸟,印章_绢本_48cmX55cm_ _ef54e97e.jpg",宋,佚名,争禽图,页,工笔,花鸟,Gongbi,FlowerBird,FlowerBird,Gongbi-FlowerBird,Gongbi-FlowerBird
"宋_佚名_杂剧(打花鼓)图_页_工笔,人物_印章,扇子,舞者_绢本_24cmX24.3cm_故宫博物_6e7a4c56.jpg",宋,佚名,杂剧(打花鼓)图,页,工笔,人物,Gongbi,Figure,Figure,Gongbi-Figure,Gongbi-Figure
"宋_佚名_桑果山鸟_ 页_工笔,花鸟_树枝,树叶,印章,鸟_25.2cmX26.4cm_ _71f6d4a4.jpg",宋,佚名,桑果山鸟,页,工笔,花鸟,Gongbi,FlowerBird,FlowerBird,Gongbi-FlowerBird,Gongbi-FlowerBird
"宋_佚名_梅竹双鹊_ 页_工笔,花鸟_树枝,树叶,盛开花,白花,鸟,竹叶,印章_绢本_42cmX42cm_ _dc74311a.jpg",宋,佚名,梅竹双鹊,页,工笔,花鸟,Gongbi,FlowerBird,FlowerBird,Gongbi-FlowerBird,Gongbi-FlowerBird
"宋_佚名_梧桐庭院_双 页_浅绛,山水__文字,印章,河流,树,亭子,石头_绢本_28cmX50cm_7060a265.jpg",宋,佚名,梧桐庭院,双 页,浅绛,山水,LightOchre,Landscape,Landscape,LightOchre-Landscape,LightOchre-Landscape
"宋_佚名_水阁风凉_ 页_浅绛,山水__河流,树林,亭子,学者,坐卧,石头_绢本_21cmX20cm_59b8a1cc.jpg",宋,佚名,水阁风凉,页,浅绛,山水,LightOchre,Landscape,Landscape,LightOchre-Landscape,LightOchre-Landscape
"宋_佚名_沧海涌日_双页_水墨,山水_文字,河流,海浪,印章_绢本_23.4cmX24.7cm_ _65889007.jpg",宋,佚名,沧海涌日,双页,水墨,山水,Ink,Landscape,Landscape,Ink-Landscape,Ink-Landscape
"宋_佚名_海棠蛱蝶_ 页_工笔,花鸟_树枝,树叶,盛开花,白花,蝴蝶,印章_绢本_25cmX24.5_714ff780.jpg",宋,佚名,海棠蛱蝶,页,工笔,花鸟,Gongbi,FlowerBird,FlowerBird,Gongbi-FlowerBird,Gongbi-FlowerBird
"宋_佚名_深堂琴趣图_ 页_浅绛,山水_山,树,石头,亭子,松树_绢本_59cmX78cm_北京故宫博物院_4b569cff.jpg",宋,佚名,深堂琴趣图,页,浅绛,山水,LightOchre,Landscape,Landscape,LightOchre-Landscape,LightOchre-Landscape
"宋_佚名_溪芦野鸭_双 页_工笔,花鸟_故宫_印章,文字,河流,鸭,竹节,竹叶,草_绢本_26.4c_0bf3a0b3.jpg",宋,佚名,溪芦野鸭,双 页,工笔,花鸟,Gongbi,FlowerBird,FlowerBird,Gongbi-FlowerBird,Gongbi-FlowerBird
"宋_佚名_瓦雀栖枝_ 页_工笔,花鸟_树枝,鸟,树叶_绢本_28.6cmX29.1cm_北京故宫博物院_8f3278fc.jpg",宋,佚名,瓦雀栖枝,页,工笔,花鸟,Gongbi,FlowerBird,FlowerBird,Gongbi-FlowerBird,Gongbi-FlowerBird
"宋_佚名_疏荷沙鸟_双 页_工笔,花鸟_文字,印章,荷花,树枝,鸟_绢本_36cmX62cm_ _eca057cb.jpg",宋,佚名,疏荷沙鸟,双 页,工笔,花鸟,Gongbi,FlowerBird,FlowerBird,Gongbi-FlowerBird,Gongbi-FlowerBird
"宋_佚名_盥手观花_ 页_工笔,人物_行人,石头,树,印章,扇子,树,盛开花,白花,粉花_绢本_68_37af2dbb.jpg",宋,佚名,盥手观花,页,工笔,人物,Gongbi,Figure,Figure,Gongbi-Figure,Gongbi-Figure
"宋_佚名_秋堂客话_双 页_水墨,山水_文字,印章,亭子,树,学者,对话,坐卧_绢本_21.2cmX20cm_ _a2fedc88.jpg",宋,佚名,秋堂客话,双 页,水墨,山水,Ink,Landscape,Landscape,Ink-Landscape,Ink-Landscape
"宋_佚名_竹雀_ 页_没骨,花鸟_竹节,竹叶,鸟,文字,印章_绢本_ _ _2f8e559d.jpg",宋,佚名,竹雀,页,没骨,花鸟,Mogu,FlowerBird,FlowerBird,Mogu-FlowerBird,Mogu-FlowerBird
"宋_佚名_红蓼水禽_双 页_工笔,花鸟_文字,印章,树枝,树叶,鸟_绢本_25.2cmX26.8cm_b5be35fa.jpg",宋,佚名,红蓼水禽,双 页,工笔,花鸟,Gongbi,FlowerBird,FlowerBird,Gongbi-FlowerBird,Gongbi-FlowerBird
"宋_佚名_绣羽鸣春_ 页_工笔,花鸟_石头,鸟_绢本_41cmX39cm_北京故宫博物院_2be3fb53.jpg",宋,佚名,绣羽鸣春,页,工笔,花鸟,Gongbi,FlowerBird,FlowerBird,Gongbi-FlowerBird,Gongbi-FlowerBird
"宋_佚名_胆瓶秋卉_双页_工笔,花鸟_文字,印章,盛开花,粉花_绢本_40cmX78cm_ _8a968f10.jpg",宋,佚名,胆瓶秋卉,双页,工笔,花鸟,Gongbi,FlowerBird,FlowerBird,Gongbi-FlowerBird,Gongbi-FlowerBird
"宋_佚名_荷塘双鹅_ 页_工笔,花鸟_河流,芦苇,鸟,荷花,竹节,竹叶,印章_绢本_74cmX67c_a79cc785.jpg",宋,佚名,荷塘双鹅,页,工笔,花鸟,Gongbi,FlowerBird,FlowerBird,Gongbi-FlowerBird,Gongbi-FlowerBird
"宋_佚名_荷蟹_ 页_工笔,花鸟_河流,荷花,芦苇,盛开花,螃蟹_绢本_28.4cmX28cm_ _517db6bc.jpg",宋,佚名,荷蟹,页,工笔,花鸟,Gongbi,FlowerBird,FlowerBird,Gongbi-FlowerBird,Gongbi-FlowerBird
"宋_佚名_莲舟仙渡_页_浅绛,山水_河流,石头,船,印章,学者,坐卧_绢本_44cmX47cm_ _997f08b3.jpg",宋,佚名,莲舟仙渡,页,浅绛,山水,LightOchre,Landscape,Landscape,LightOchre-Landscape,LightOchre-Landscape
"宋_佚名_蓼龟_ 页_工笔,花鸟_河流,树枝,树叶,龟,石头,盛开花,蓝花,草_绢本_58cmX57_ea19d50f.jpg",宋,佚名,蓼龟,页,工笔,花鸟,Gongbi,FlowerBird,FlowerBird,Gongbi-FlowerBird,Gongbi-FlowerBird
"宋_佚名_蕉石婴戏_页_工笔,人物_篱笆,孩童,荷花,石头,河流,坐卧_绢本_44cmX47cm_ _2bb67208.jpg",宋,佚名,蕉石婴戏,页,工笔,人物,Gongbi,Figure,Figure,Gongbi-Figure,Gongbi-Figure
"宋_佚名_蛛网攫猿_双 页_工笔,花鸟_印章,文字,树枝,树叶,猴_绢本_60cmX101cm_弗利_454aa51e.jpg",宋,佚名,蛛网攫猿,双 页,工笔,花鸟,Gongbi,FlowerBird,FlowerBird,Gongbi-FlowerBird,Gongbi-FlowerBird
"宋_佚名_豆荚蜻蜓_页_工笔,花鸟_树枝,树叶,盛开花,白花,蜻蜓,印章_绢本_47cmX40cm__0c5aa0fa.jpg",宋,佚名,豆荚蜻蜓,页,工笔,花鸟,Gongbi,FlowerBird,FlowerBird,Gongbi-FlowerBird,Gongbi-FlowerBird
"宋_佚名_采花篮花_页_工笔,花鸟_盛开花,荷花,红花_绢本_38cmX38cm_ _00881d40.jpg",宋,佚名,采花篮花,页,工笔,花鸟,Gongbi,FlowerBird,FlowerBird,Gongbi-FlowerBird,Gongbi-FlowerBird
"宋_佚名_金明池争标_页_浅绛,山水_河流,船,城楼,船,树,印章,行人_绢本_28.6cmX28.6cm_ _363789b5.jpg",宋,佚名,金明池争标,页,浅绛,山水,LightOchre,Landscape,Landscape,LightOchre-Landscape,LightOchre-Landscape
"宋_佚名_雪山行骑_页_浅绛,山水_山林,树,马,河流,石头_绢本_29cmX23cm_ _0992f6d1.jpg",宋,佚名,雪山行骑,页,浅绛,山水,LightOchre,Landscape,Landscape,LightOchre-Landscape,LightOchre-Landscape
"宋_佚名_雪渔_卷_浅绛,山水_河流,树,石头,船_绢本_30cmX650cm_ _a3363f4f.jpg",宋,佚名,雪渔,卷,浅绛,山水,LightOchre,Landscape,Landscape,LightOchre-Landscape,LightOchre-Landscape
"宋_佚名_霜柏山鸟图_页_工笔,花鸟_树枝,树叶,鸟_绢本_24.2cmX25.4cm_北京故宫博物院_d79f3df0.jpg",宋,佚名,霜柏山鸟图,页,工笔,花鸟,Gongbi,FlowerBird,FlowerBird,Gongbi-FlowerBird,Gongbi-FlowerBird
"宋_佚名_霜柯竹涧_ 页_工笔,花鸟_鸟,树枝,河流,印章,石头_绢本_27.5cmX26.8cm_ _81e5bd85.jpg",宋,佚名,霜柯竹涧,页,工笔,花鸟,Gongbi,FlowerBird,FlowerBird,Gongbi-FlowerBird,Gongbi-FlowerBird
"宋_佚名_霜篠寒雏_ 页_工笔,花鸟_树枝,竹节,竹叶,鸟_绢布_ 28.1cmX28.7cm_ _6d8b54db.jpg",宋,佚名,霜篠寒雏,页,工笔,花鸟,Gongbi,FlowerBird,FlowerBird,Gongbi-FlowerBird,Gongbi-FlowerBird
"宋_佚名_风雨归舟_ 页_水墨,山水_印章,河流,船,树林,石头_绢本_25.6cmX25.3cm__494f8b56.jpg",宋,佚名,风雨归舟,页,水墨,山水,Ink,Landscape,Landscape,Ink-Landscape,Ink-Landscape
"宋_佚名_驯禽俯啄_ 页_工笔,花鸟_鸟,盆,印章_绢本_25.7cmX24.1cm_ _5c067a25.jpg",宋,佚名,驯禽俯啄,页,工笔,花鸟,Gongbi,FlowerBird,FlowerBird,Gongbi-FlowerBird,Gongbi-FlowerBird
"宋_佚名_高士观瀑_ 页_水墨,山水_河流,石头,竹节,竹叶,草,学者,山林,树林_绢本__25.1_664a15ac.jpg",宋,佚名,高士观瀑,页,水墨,山水,Ink,Landscape,Landscape,Ink-Landscape,Ink-Landscape
"宋_佚名_鹌鹑_页_工笔,花鸟_芦苇,鸟,石头,印章_绢本_22cmX25cm_ _66ebfb90.jpg",宋,佚名,鹌鹑,页,工笔,花鸟,Gongbi,FlowerBird,FlowerBird,Gongbi-FlowerBird,Gongbi-FlowerBird
"宋_佚名_鹡鸰荷叶_ 页_工笔,花鸟_树枝,鸟,印章,树叶_绢本_41cmX42cm_北京故宫博物院_dbd452d7.jpg",宋,佚名,鹡鸰荷叶,页,工笔,花鸟,Gongbi,FlowerBird,FlowerBird,Gongbi-FlowerBird,Gongbi-FlowerBird
"宋_刘松年_四景山水圗_卷_浅绛,山水_山水 _  _  _ _6758da7f.jpg",宋,刘松年,四景山水圗,卷,浅绛,山水,LightOchre,Landscape,Landscape,LightOchre-Landscape,LightOchre-Landscape
"宋_刘松年_山馆读书图_页_浅绛,山水 _ _绢本_24.3cmX24cm _ _b418657a.jpg",宋,刘松年,山馆读书图,页,浅绛,山水,LightOchre,Landscape,Landscape,LightOchre-Landscape,LightOchre-Landscape
"宋_刘松年_松荫谈道_ 页_工笔,人物_学者,坐卧,长袍,树林,亭子,对话,草_绢本_38.1cmX_af074f8f.jpg",宋,刘松年,松荫谈道,页,工笔,人物,Gongbi,Figure,Figure,Gongbi-Figure,Gongbi-Figure
"宋_刘松年_秋窗读易图_双页_浅绛,山水_林间,印章,文字,针叶树,亭子,学者,河流,山,草,苔藓,_910ff72f.jpg",宋,刘松年,秋窗读易图,双页,浅绛,山水,LightOchre,Landscape,Landscape,LightOchre-Landscape,LightOchre-Landscape
"宋_刘松年_罗汉图_页_工笔,人物_ _工笔,人物 _ _117cmX55.8cm_台北故宫博物院_9b7b9fd5.jpg",宋,刘松年,罗汉图,页,工笔,人物,Gongbi,Figure,Figure,Gongbi-Figure,Gongbi-Figure
"宋_刘松年_雪山行旅册_页_水墨,山水_ _山水、人物_绢本_160cmX99.5cm_四川省博物馆_296a6750.jpg",宋,刘松年,雪山行旅册,页,水墨,山水,Ink,Landscape,Landscape,Ink-Landscape,Ink-Landscape
"宋_卫昇_写生紫薇 _页_工笔,花鸟_花鸟_纸本_31cmX28cm _ _8fc14164.jpg",宋,卫昇,写生紫薇,页,工笔,花鸟,Gongbi,FlowerBird,FlowerBird,Gongbi-FlowerBird,Gongbi-FlowerBird
"宋_夏_烟岫林居_ 页_水墨,山水_古树,山林,印章,树,石头_绢本_25cmX26.1cm_ _06256b77.jpg",宋,夏,烟岫林居,页,水墨,山水,Ink,Landscape,Landscape,Ink-Landscape,Ink-Landscape
"宋_夏圭_临流抚琴册_页_水墨,山水_ _山水、人物 _ _47cmX49cm _ _a32c756e.jpg",宋,夏圭,临流抚琴册,页,水墨,山水,Ink,Landscape,Landscape,Ink-Landscape,Ink-Landscape
"宋_夏圭_临流抚琴图_ 页_水墨,山水_树,松树,柏树,学者,坐卧,河流,印章,石头_绢本_47cm_355edac7.jpg",宋,夏圭,临流抚琴图,页,水墨,山水,Ink,Landscape,Landscape,Ink-Landscape,Ink-Landscape
"宋_夏圭_坐看云起_ 页_水墨,山水_河流,枯树,石头,学者,坐卧_绢本_53cmX50cm_ _60d2805c.jpg",宋,夏圭,坐看云起,页,水墨,山水,Ink,Landscape,Landscape,Ink-Landscape,Ink-Landscape
"宋_夏圭_山腰楼观_双 页_水墨,山水_印章,文字,双页,山林_绢本_38cmX89cm_ _c3b75282.jpg",宋,夏圭,山腰楼观,双 页,水墨,山水,Ink,Landscape,Landscape,Ink-Landscape,Ink-Landscape
"宋_夏圭_松下观瀑 _页_水墨,山水_山水 _ _46cmX46cm _ _dfbc32df.jpg",宋,夏圭,松下观瀑,页,水墨,山水,Ink,Landscape,Landscape,Ink-Landscape,Ink-Landscape
"宋_夏圭_松下观瀑_ 页_水墨,山水_石头,河流,树,学者,坐卧,草_绢本_46cmX46cm_ _15a4d7ed.jpg",宋,夏圭,松下观瀑,页,水墨,山水,Ink,Landscape,Landscape,Ink-Landscape,Ink-Landscape
"宋_夏圭_松溪泛月_ 页_浅绛,山水_河流,印章,树,船_绢本_24.7cmX25.2cm_ _c8b576eb.jpg",宋,夏圭,松溪泛月,页,浅绛,山水,LightOchre,Landscape,Landscape,LightOchre-Landscape,LightOchre-Landscape
"宋_夏圭_泽畔疾风_ 页_水墨,山水_松树,山林,草,河流,农夫_绢本_26x27cm_ _82ffb77a.jpg",宋,夏圭,泽畔疾风,页,水墨,山水,Ink,Landscape,Landscape,Ink-Landscape,Ink-Landscape
"宋_夏圭_溪山清远册_页_水墨,山水_ _山水_纸本_46.5cmX889.1cm _ _1c6cc4d0.jpg",宋,夏圭,溪山清远册,页,水墨,山水,Ink,Landscape,Landscape,Ink-Landscape,Ink-Landscape
"宋_夏圭_遥岑烟霭_ 页_水墨,山水_文字,印章,树,山林,亭子,河流_绢本_67cmX77cm_ _5cd7b101.jpg",宋,夏圭,遥岑烟霭,页,水墨,山水,Ink,Landscape,Landscape,Ink-Landscape,Ink-Landscape
"宋_夏圭_雪堂客话图_ 页_水墨,山水_河流,山,枯树,亭子,石头,船,松树_绢本_57cmX60c_d295ce40.jpg",宋,夏圭,雪堂客话图,页,水墨,山水,Ink,Landscape,Landscape,Ink-Landscape,Ink-Landscape
"宋_夏珪_山水图_ 页_水墨,山水_河流,树,船,山,草_绢本_23cmX24cm_ _28913f09.jpg",宋,夏珪,山水图,页,水墨,山水,Ink,Landscape,Landscape,Ink-Landscape,Ink-Landscape
"宋_夏禹玉_雪溪放牧_ 页_水墨,山水_文字,树林,石头,牛,河流,草_绢本_75X76_ _fbaf76e2.jpg",宋,夏禹玉,雪溪放牧,页,水墨,山水,Ink,Landscape,Landscape,Ink-Landscape,Ink-Landscape
"宋_孙隆_兔图_页_工笔,花鸟_兔,草_绢本_21.2cmX27cm_ _c09fda1b.jpg",宋,孙隆,兔图,页,工笔,花鸟,Gongbi,FlowerBird,FlowerBird,Gongbi-FlowerBird,Gongbi-FlowerBird
"宋_宋人_南唐文会_双 页_工笔,人物_文字,印章,山林,行人,欢聚,草_绢本 _30.4cmX29.6cm_ _7533e86d.jpg",宋,宋人,南唐文会,双 页,工笔,人物,Gongbi,Figure,Figure,Gongbi-Figure,Gongbi-Figure
"宋_宋人_戏猫图_页_工笔,人物_ _工笔,人物,动物 _ _45cmX33cm _ _1b46064c.jpg",宋,宋人,戏猫图,页,工笔,人物,Gongbi,Figure,Figure,Gongbi-Figure,Gongbi-Figure
"宋_宋人_赵昌南唐文会_双 页_工笔,人物_文字,印章,聚会,行人,山林,石头,草_绢本_30.4c_b2bd8aa8.jpg",宋,宋人,赵昌南唐文会,双 页,工笔,人物,Gongbi,Figure,Figure,Gongbi-Figure,Gongbi-Figure
"宋_宋汝志_雏雀_ 页_工笔,花鸟_鸟,篮子,花篮_绢本_21.7cmX22cm_东京国立博物馆_5830852f.jpg",宋,宋汝志,雏雀,页,工笔,花鸟,Gongbi,FlowerBird,FlowerBird,Gongbi-FlowerBird,Gongbi-FlowerBird
"宋_崔慤(传)_梅渓瀑布_ 页_浅绛,山水_树枝,枯树,河流,鸟,石头,盛开花_绢本_24.7cmX_33754d22.jpg",宋,崔慤(传),梅渓瀑布,页,浅绛,山水,LightOchre,Landscape,Landscape,LightOchre-Landscape,LightOchre-Landscape
"宋_崔白_双喜图 _页_工笔,花鸟_ _绢本_193.7cmX103cm _ _5412210d.jpg",宋,崔白,双喜图,页,工笔,花鸟,Gongbi,FlowerBird,FlowerBird,Gongbi-FlowerBird,Gongbi-FlowerBird
"宋_崔白_寒雀图_卷_工笔,花鸟_ _绢本_25.5cmX101.4cm_北京故宫博物院_53907402.jpg",宋,崔白,寒雀图,卷,工笔,花鸟,Gongbi,FlowerBird,FlowerBird,Gongbi-FlowerBird,Gongbi-FlowerBird
"宋_崔白_沙渚凫雏图册_页_工笔,花鸟_ _绢本_31.4cmX25.7cm_大都会博物馆_621026ba.jpg",宋,崔白,沙渚凫雏图册,页,工笔,花鸟,Gongbi,FlowerBird,FlowerBird,Gongbi-FlowerBird,Gongbi-FlowerBird
"宋_巨然_湖山春晓册_页_水墨,山水_ _山水 _  _  _ _941d3783.jpg",宋,巨然,湖山春晓册,页,水墨,山水,Ink,Landscape,Landscape,Ink-Landscape,Ink-Landscape
"宋_巨然_溪山兰若册_页_水墨,山水_ _山水_绢本_185.4cmX57.6cm _ _856d4613.jpg",宋,巨然,溪山兰若册,页,水墨,山水,Ink,Landscape,Landscape,Ink-Landscape,Ink-Landscape
"宋_徐熙本_玉堂富贵图_页_工笔,花鸟_ _花鸟 _ _69cmX34cm _ _6bb1926f.jpg",宋,徐熙本,玉堂富贵图,页,工笔,花鸟,Gongbi,FlowerBird,FlowerBird,Gongbi-FlowerBird,Gongbi-FlowerBird
"宋_惠崇_沙汀烟树册_页_水墨,山水_ _山水 _  _  _ _3c334da3.jpg",宋,惠崇,沙汀烟树册,页,水墨,山水,Ink,Landscape,Landscape,Ink-Landscape,Ink-Landscape
"宋_无款_竹汀鸳鸯_ 页_浅绛,山水_山,林树,鸟,石头,草,印章_绢本_25.4cmX25.1cm_6a8a1051.jpg",宋,无款,竹汀鸳鸯,页,浅绛,山水,LightOchre,Landscape,Landscape,LightOchre-Landscape,LightOchre-Landscape
"宋_日观_葡萄图_页_工笔,花鸟_ _花鸟 _ _33.3cmX26cm _ _991f8756.jpg",宋,日观,葡萄图,页,工笔,花鸟,Gongbi,FlowerBird,FlowerBird,Gongbi-FlowerBird,Gongbi-FlowerBird
"宋_朱光普_江亭晚眺_页_浅绛,山水_水,水面,留白,书,树林,树叶,草,草地,建筑,房子,桥,船,_a8f4e8ea.jpg",宋,朱光普,江亭晚眺,页,浅绛,山水,LightOchre,Landscape,Landscape,LightOchre-Landscape,LightOchre-Landscape
"宋_朱惟德_江亭揽胜册_页_浅绛,山水_ _山水 _ _24cmX25.6cm _ _9efd6838.jpg",宋,朱惟德,江亭揽胜册,页,浅绛,山水,LightOchre,Landscape,Landscape,LightOchre-Landscape,LightOchre-Landscape
"宋_朱锐_溪山行旅_页_浅绛,山水_马车,马,农民,行人,印章,草_绢本_26.2cmX27.3cm_65ec69f0.jpg",宋,朱锐,溪山行旅,页,浅绛,山水,LightOchre,Landscape,Landscape,LightOchre-Landscape,LightOchre-Landscape
"宋_朴庵_烟江欲雨_ 页_水墨,山水_河流,树,石头,草,山林_绢本_24.9cmX26.3cm_上海博物馆_49abc1c7.jpg",宋,朴庵,烟江欲雨,页,水墨,山水,Ink,Landscape,Landscape,Ink-Landscape,Ink-Landscape
"宋_李公麟_维摩居士像 _页_工笔,人物_人物_绢本_95cmX56cm_京都国立博物馆_1e29a381.jpg",宋,李公麟,维摩居士像,页,工笔,人物,Gongbi,Figure,Figure,Gongbi-Figure,Gongbi-Figure
"宋_李唐_万壑松风册_页_浅绛,山水_ _山水_绢本_187.5cmX138cm_台北故宫博物院_33daf31d.jpg",宋,李唐,万壑松风册,页,浅绛,山水,LightOchre,Landscape,Landscape,LightOchre-Landscape,LightOchre-Landscape
"宋_李唐_松湖钓隐册_页_浅绛,山水_ _山水_绢本_25cmX25.3cm _ _866a3ec8.jpg",宋,李唐,松湖钓隐册,页,浅绛,山水,LightOchre,Landscape,Landscape,LightOchre-Landscape,LightOchre-Landscape
"宋_李唐_松湖钓隐册_页_浅绛,山水_ _山水_绢本_46cmX67cm _ _0984eb1c.jpg",宋,李唐,松湖钓隐册,页,浅绛,山水,LightOchre,Landscape,Landscape,LightOchre-Landscape,LightOchre-Landscape
"宋_李唐_江山小景 _页_水墨,山水_山水 _ _39cmX149cm_台北博物院_116df715.jpg",宋,李唐,江山小景,页,水墨,山水,Ink,Landscape,Landscape,Ink-Landscape,Ink-Landscape
"宋_李唐_牧牛图_ 页_工笔,人物_牛,枯树,草,印章,鸟_绢本_61cmX63cm_ _53557ab1.jpg",宋,李唐,牧牛图,页,工笔,人物,Gongbi,Figure,Figure,Gongbi-Figure,Gongbi-Figure
"宋_李大忠_秋葵图_页_工笔,花鸟_ _花鸟_绢本_25cmX28cm_台北博物馆_5df12ff8.jpg",宋,李大忠,秋葵图,页,工笔,花鸟,Gongbi,FlowerBird,FlowerBird,Gongbi-FlowerBird,Gongbi-FlowerBird
"宋_李安忠_哺雏图_ 页_工笔,花鸟_竹叶,树枝,鸟_绢本_36cmX40cm_故宫博物院_e5d63bea.jpg",宋,李安忠,哺雏图,页,工笔,花鸟,Gongbi,FlowerBird,FlowerBird,Gongbi-FlowerBird,Gongbi-FlowerBird
"宋_李安忠_山水图_ 页_浅绛,山水_河流,树林,亭子,草地_绢本_33cmX34cm_克利夫兰美术_da158652.jpg",宋,李安忠,山水图,页,浅绛,山水,LightOchre,Landscape,Landscape,LightOchre-Landscape,LightOchre-Landscape
"宋_李安忠_晴春蝶戏图_页_工笔,花鸟_ _花鸟 _ _23.7cmX25.3cm _ _ff84f64f.jpg",宋,李安忠,晴春蝶戏图,页,工笔,花鸟,Gongbi,FlowerBird,FlowerBird,Gongbi-FlowerBird,Gongbi-FlowerBird
"宋_李嵩_明皇斗鸡_ 页_工笔,人物_马,石头,树,草,对话,欢聚,行人,坐卧,聚会_绢本_42cm_b9f07937.jpg",宋,李嵩,明皇斗鸡,页,工笔,人物,Gongbi,Figure,Figure,Gongbi-Figure,Gongbi-Figure
"宋_李嵩_月夜看潮_ 页_浅绛,山水_印章,亭子,文字,树,河流,船_绢本_22.3cmX22cm_台北故宫博物院_127cdbe9.jpg",宋,李嵩,月夜看潮,页,浅绛,山水,LightOchre,Landscape,Landscape,LightOchre-Landscape,LightOchre-Landscape
"宋_李嵩_水末孤亭_ 页_浅绛,山水_山林,亭子,草,河流,印章,文字_绢本_46cmX50cm_北_0f906739.jpg",宋,李嵩,水末孤亭,页,浅绛,山水,LightOchre,Landscape,Landscape,LightOchre-Landscape,LightOchre-Landscape
"宋_李嵩_溪山水阁_ 页_水墨,山水_印章,亭子,树,河流,山林_绢本_24.2cmX24.7cm__53b6e97d.jpg",宋,李嵩,溪山水阁,页,水墨,山水,Ink,Landscape,Landscape,Ink-Landscape,Ink-Landscape
"宋_李嵩_溪山水阁图_页_水墨,山水_页_山水_绢本_24.2cmX24.7cm _ _82a54cb2.jpg",宋,李嵩,溪山水阁图,页,水墨,山水,Ink,Landscape,Landscape,Ink-Landscape,Ink-Landscape
"宋_李嵩_货郎_ 页_工笔,人物_印章,学者,孩童,树枝,树叶,石头_绢本_25.5cmX70.4c_bbcbcb67.jpg",宋,李嵩,货郎,页,工笔,人物,Gongbi,Figure,Figure,Gongbi-Figure,Gongbi-Figure
"宋_李成_茂林远岫册_页_水墨,山水_ _山水_绢本 _  _ _4ea0911b.jpg",宋,李成,茂林远岫册,页,水墨,山水,Ink,Landscape,Landscape,Ink-Landscape,Ink-Landscape
"宋_李迪_双雀图_ 页_工笔,花鸟_枯树,石头,树,鸟,印章_绢本_35cmX34cm_ _2db580b4.jpg",宋,李迪,双雀图,页,工笔,花鸟,Gongbi,FlowerBird,FlowerBird,Gongbi-FlowerBird,Gongbi-FlowerBird
"宋_李迪_双雀图_页_工笔,花鸟_ _花鸟_绢本_35cmX34cm _ _133e0d8c.jpg",宋,李迪,双雀图,页,工笔,花鸟,Gongbi,FlowerBird,FlowerBird,Gongbi-FlowerBird,Gongbi-FlowerBird
"宋_李迪_古木寒禽_ 页_水墨,山水_山,枯树,河流,草,印章,文字,山林_绢本_48cmX50cm_23b7c333.jpg",宋,李迪,古木寒禽,页,水墨,山水,Ink,Landscape,Landscape,Ink-Landscape,Ink-Landscape
"宋_李迪_古木寒禽图_页_水墨,山水_水墨,山水_树_ _48cmX50cm _ _1018a837.jpg",宋,李迪,古木寒禽图,页,水墨,山水,Ink,Landscape,Landscape,Ink-Landscape,Ink-Landscape
"宋_李迪_无花果图_页_工笔,花鸟_ _工笔,花鸟_绢本_24.8cmX25cm _ _1d8a1fed.jpg",宋,李迪,无花果图,页,工笔,花鸟,Gongbi,FlowerBird,FlowerBird,Gongbi-FlowerBird,Gongbi-FlowerBird
"宋_李迪_红白芙蓉图_页_工笔,花鸟_ _花鸟_绢本_25.2cmX26cm_东京博物馆_15d2f8b2.jpg",宋,李迪,红白芙蓉图,页,工笔,花鸟,Gongbi,FlowerBird,FlowerBird,Gongbi-FlowerBird,Gongbi-FlowerBird
"宋_李迪_红白芙蓉图_页_工笔,花鸟_ _花鸟_绢本_25.2cmX26cm_东京博物馆_1735758774_ef06ab41.jpg",宋,李迪,红白芙蓉图,页,工笔,花鸟,Gongbi,FlowerBird,FlowerBird,Gongbi-FlowerBird,Gongbi-FlowerBird
"宋_李迪_苏武牧羊_ 页_工笔,人物_牧羊人,羊,树,石头,草,印章,文字_绢本_53cmX50cm_ _08fcff4f.jpg",宋,李迪,苏武牧羊,页,工笔,人物,Gongbi,Figure,Figure,Gongbi-Figure,Gongbi-Figure
"宋_杨士贤_寒山飞瀑_ 页_水墨,山水_山林,文字,亭子,河流_绢本_50cmX56cm_ _8264b506.jpg",宋,杨士贤,寒山飞瀑,页,水墨,山水,Ink,Landscape,Landscape,Ink-Landscape,Ink-Landscape
"宋_杨无咎_雪梅图_页_工笔,花鸟_卷_花鸟_绢本_27cmX64.2cm _ _d6f010e3.jpg",宋,杨无咎,雪梅图,页,工笔,花鸟,Gongbi,FlowerBird,FlowerBird,Gongbi-FlowerBird,Gongbi-FlowerBird
"宋_林椿_枇杷山鸟图 _页_工笔,花鸟_绢本_26.9cmX27.2cm _ _1735758774_7762f260.jpg",宋,林椿,枇杷山鸟图,页,工笔,花鸟,Gongbi,FlowerBird,FlowerBird,Gongbi-FlowerBird,Gongbi-FlowerBird
"宋_林椿_枇杷山鸟图_页_工笔,花鸟_ _花鸟_绢本_26.9cmX27.2cm _ _546c9546.jpg",宋,林椿,枇杷山鸟图,页,工笔,花鸟,Gongbi,FlowerBird,FlowerBird,Gongbi-FlowerBird,Gongbi-FlowerBird
"宋_林椿_果熟来禽图_页_工笔,花鸟_绢本_26cmX27cm _ _1735758774_5675838b.jpg",宋,林椿,果熟来禽图,页,工笔,花鸟,Gongbi,FlowerBird,FlowerBird,Gongbi-FlowerBird,Gongbi-FlowerBird
"宋_林椿_葡萄草虫图 _ _工笔,花鸟_葡萄,草虫_绢本_39cmX38cm_北京故宫博物院_05f4c9e3.jpg",宋,林椿,葡萄草虫图,,工笔,花鸟,Gongbi,FlowerBird,FlowerBird,Gongbi-FlowerBird,Gongbi-FlowerBird
"宋_林椿_葡萄草虫图_ 页_工笔,花鸟_树枝,树叶,蜻蜓,文字_绢本_39cmX38cm_故宫博物院_6b33b43f.jpg",宋,林椿,葡萄草虫图,页,工笔,花鸟,Gongbi,FlowerBird,FlowerBird,Gongbi-FlowerBird,Gongbi-FlowerBird
"宋_梁楷_三高游赏_双 页_写意,人物_文字,学者,对话_绢本_26cmX25.2cm_ _e4a91fee.jpg",宋,梁楷,三高游赏,双 页,写意,人物,Xieyi,Figure,Figure,Xieyi-Figure,Xieyi-Figure
"宋_梁楷_六祖截竹图_页_写意,人物_ _人物 _ _77cmX33cm _ _358dde94.jpg",宋,梁楷,六祖截竹图,页,写意,人物,Xieyi,Figure,Figure,Xieyi-Figure,Xieyi-Figure
"宋_梁楷_布袋和尚图_页_工笔,人物_ _人物_绢本_31.3cmX24cm_上海博物馆_c058634d.jpg",宋,梁楷,布袋和尚图,页,工笔,人物,Gongbi,Figure,Figure,Gongbi-Figure,Gongbi-Figure
"宋_梁楷_李白行吟图_页_写意,人物_ _人物 _ _81.1cmX30cm _ _b8467092.jpg",宋,梁楷,李白行吟图,页,写意,人物,Xieyi,Figure,Figure,Xieyi-Figure,Xieyi-Figure
"宋_梁楷_柳溪卧笛册_页_水墨,山水_ _山水_绢本_45cmX45cm _ _027ecccf.jpg",宋,梁楷,柳溪卧笛册,页,水墨,山水,Ink,Landscape,Landscape,Ink-Landscape,Ink-Landscape
"宋_梁楷_泽畔行吟_ 页_写意,人物_河流,学者,文字_绢本_22cmX26cm_ _79217279.jpg",宋,梁楷,泽畔行吟,页,写意,人物,Xieyi,Figure,Figure,Xieyi-Figure,Xieyi-Figure
"宋_梁楷_泽畔行吟册_页_水墨,山水_  _工笔,山水_ _22cmX26cm _ _7912477a.jpg",宋,梁楷,泽畔行吟册,页,水墨,山水,Ink,Landscape,Landscape,Ink-Landscape,Ink-Landscape
"宋_梁楷_疏柳寒鸦_ 页_写意,花鸟_树枝,树叶,鸟_绢本_30cmX32cm_ _8015907b.jpg",宋,梁楷,疏柳寒鸦,页,写意,花鸟,Xieyi,FlowerBird,FlowerBird,Xieyi-FlowerBird,Xieyi-FlowerBird
"宋_梁楷_秋柳双鸦_双 页_写意,花鸟_文字,印章,树,鸟_绢本_24.7cmX25.7cm_ _9eeda541.jpg",宋,梁楷,秋柳双鸦,双 页,写意,花鸟,Xieyi,FlowerBird,FlowerBird,Xieyi-FlowerBird,Xieyi-FlowerBird
"宋_梁楷_雪景山水_页_水墨,山水_山水 _ _25cmX27cm_日本私人藏_99e7cb6c.jpg",宋,梁楷,雪景山水,页,水墨,山水,Ink,Landscape,Landscape,Ink-Landscape,Ink-Landscape
"宋_梁楷_雪景山水册_页_水墨,山水_ _山水_绢本_111.3cmX49cm _ _eb65b44d.jpg",宋,梁楷,雪景山水册,页,水墨,山水,Ink,Landscape,Landscape,Ink-Landscape,Ink-Landscape
"宋_毛益_鸡图_页_工笔,花鸟_ _花鸟 _ _21.6cmX22.5cm _ _370daf39.jpg",宋,毛益,鸡图,页,工笔,花鸟,Gongbi,FlowerBird,FlowerBird,Gongbi-FlowerBird,Gongbi-FlowerBird
"宋_燕文贵_层楼春眺_双 页_浅绛,山水_印章,文字,亭子,山林,河流,松树,草_绢本_23.7cm_9f49161a.jpg",宋,燕文贵,层楼春眺,双 页,浅绛,山水,LightOchre,Landscape,Landscape,LightOchre-Landscape,LightOchre-Landscape
"宋_燕文贵_秋山萧寺册_页_水墨,山水_ _山水_绢本_32.5cmX321cm _ _5a5e8772.jpg",宋,燕文贵,秋山萧寺册,页,水墨,山水,Ink,Landscape,Landscape,Ink-Landscape,Ink-Landscape
"宋_王晋卿_柳荫高士_ 页_工笔,人物_学者,坐卧,竹节,竹叶,树_绢本_67cmX67cm_ _2c338618.jpg",宋,王晋卿,柳荫高士,页,工笔,人物,Gongbi,Figure,Figure,Gongbi-Figure,Gongbi-Figure
"宋_王诜_柳荫高士图_页_工笔,人物_ _人物 _ _40cmX40cm_北京故宫博物院_17357_6fa6f3a7.jpg",宋,王诜,柳荫高士图,页,工笔,人物,Gongbi,Figure,Figure,Gongbi-Figure,Gongbi-Figure
"宋_王诜_柳荫高士图_页_工笔,人物_ _人物 _ _40cmX40cm_北京故宫博物院_b633818d.jpg",宋,王诜,柳荫高士图,页,工笔,人物,Gongbi,Figure,Figure,Gongbi-Figure,Gongbi-Figure
"宋_王诜_溪山秋霁图_页_浅绛,山水_ _绢本_45.2cmX206cm_弗利尔博物馆_fa707779.jpg",宋,王诜,溪山秋霁图,页,浅绛,山水,LightOchre,Landscape,Landscape,LightOchre-Landscape,LightOchre-Landscape
"宋_王诜_玉楼春思_ 页_浅绛,山水_河流,印章,文字,亭子,山林,树,石头,草,船_绢本_25cm_841bea4b.jpg",宋,王诜,玉楼春思,页,浅绛,山水,LightOchre,Landscape,Landscape,LightOchre-Landscape,LightOchre-Landscape
"宋_王诜_赢山图_卷_浅绛,山水_ _绢本_24.5cmX145.1cm _ _36eb5b74.jpg",宋,王诜,赢山图,卷,浅绛,山水,LightOchre,Landscape,Landscape,LightOchre-Landscape,LightOchre-Landscape
"宋_珪观_山水册_页_水墨,山水_ _山水 _ _47cmX45cm _ _e449d252.jpg",宋,珪观,山水册,页,水墨,山水,Ink,Landscape,Landscape,Ink-Landscape,Ink-Landscape
"宋_祁序_江山放牧册_页_浅绛,山水_ _山水、人物_绢本_47.3cmx115.6cm _ _eb3d79a9.jpg",宋,祁序,江山放牧册,页,浅绛,山水,LightOchre,Landscape,Landscape,LightOchre-Landscape,LightOchre-Landscape
"宋_米友仁_好山无数图_ 卷_水墨,山水_印章,文字,山群,树_绢本_34cmX195cm_ _1181435d.jpg",宋,米友仁,好山无数图,卷,水墨,山水,Ink,Landscape,Landscape,Ink-Landscape,Ink-Landscape
"宋_米友仁_山水 卷_水墨,山水_ 卷_水墨,山水_印章,文字,山群,树_绢本_26cmX270cm_f4f99828.jpg",宋,米友仁,山水 卷,"水墨,山水",水墨,山水,Ink,Landscape,Landscape,Ink-Landscape,Ink-Landscape
"宋_胡直天_朝阳_ 页_写意,人物_学者,长袍,坐卧_绢本_22.3cmX23cm_ _a5e01a2a.jpg",宋,胡直天,朝阳,页,写意,人物,Xieyi,Figure,Figure,Xieyi-Figure,Xieyi-Figure
"宋_苏汉臣_侲童傀儡_ 页_工笔,人物_树,孩童,坐卧_绢本_23.6cmX23cm_ _9afe0d90.jpg",宋,苏汉臣,侲童傀儡,页,工笔,人物,Gongbi,Figure,Figure,Gongbi-Figure,Gongbi-Figure
"宋_苏汉臣_百子嬉春_双 页_工笔,人物_印章,文字,双页,亭子,行人,欢聚,歌舞_绢本_37.2c_7d483be7.jpg",宋,苏汉臣,百子嬉春,双 页,工笔,人物,Gongbi,Figure,Figure,Gongbi-Figure,Gongbi-Figure
"宋_苏汉臣_秋庭戏婴图_页_工笔,人物_ _人物_绢本_197.5cmX108.7cm_北京故宫博物馆_acd01341.jpg",宋,苏汉臣,秋庭戏婴图,页,工笔,人物,Gongbi,Figure,Figure,Gongbi-Figure,Gongbi-Figure
"宋_范宽_溪山行旅册_页_水墨,山水_ _山水_绢本_206.3cmX103.3cm_台北故宫博物馆_9a6f7197.jpg",宋,范宽,溪山行旅册,页,水墨,山水,Ink,Landscape,Landscape,Ink-Landscape,Ink-Landscape
"宋_萝窗_竹鸡图_页_工笔,花鸟_轴_花鸟_绢本_96.3cmX43.4cm_东京博物馆_fcc39f27.jpg",宋,萝窗,竹鸡图,页,工笔,花鸟,Gongbi,FlowerBird,FlowerBird,Gongbi-FlowerBird,Gongbi-FlowerBird
"宋_萧照_山腰楼观图_页_浅绛,山水_ _绢本_179.3cmX112.7cm _ _59163898.jpg",宋,萧照,山腰楼观图,页,浅绛,山水,LightOchre,Landscape,Landscape,LightOchre-Landscape,LightOchre-Landscape
"宋_萧照_秋山红树_双 页_浅绛,山水_文字,印章,山,树,船,草_绢本_69.9cmX42.2cm_3444b1d5.jpg",宋,萧照,秋山红树,双 页,浅绛,山水,LightOchre,Landscape,Landscape,LightOchre-Landscape,LightOchre-Landscape
"宋_萧照_秋山红树_页_浅绛,山水_山水_绢本_69.9cmX42.2cm _ _8b4f06cb.jpg",宋,萧照,秋山红树,页,浅绛,山水,LightOchre,Landscape,Landscape,LightOchre-Landscape,LightOchre-Landscape
"宋_萧照_秋山红树册_页_水墨,山水_ _山水 _  _  _ _6f3d68eb.jpg",宋,萧照,秋山红树册,页,水墨,山水,Ink,Landscape,Landscape,Ink-Landscape,Ink-Landscape
"宋_萧照_秋山红树图_页_水墨,山水_轴_山水_绢本_197.8cmX111.8cm _ _a6668f2c.jpg",宋,萧照,秋山红树图,页,水墨,山水,Ink,Landscape,Landscape,Ink-Landscape,Ink-Landscape
"宋_赵伯驹_蓬莱仙馆_双页_浅绛,山水_文字,亭子,河流,印章,双页,树,石头,行人_绢本_31cm_024b1f46.jpg",宋,赵伯驹,蓬莱仙馆,双页,浅绛,山水,LightOchre,Landscape,Landscape,LightOchre-Landscape,LightOchre-Landscape
"宋_赵伯骕_碧山绀宇图 _页_浅绛,山水_ _绢本_25.5cmX25cm _ _0ce7057b.jpg",宋,赵伯骕,碧山绀宇图,页,浅绛,山水,LightOchre,Landscape,Landscape,LightOchre-Landscape,LightOchre-Landscape
"宋_赵伯骕_骑士猎归_双页_工笔,人物_印章,文字,马,士兵_绢本+纸本_41cmX66cm_ _6cd075cd.jpg",宋,赵伯骕,骑士猎归,双页,工笔,人物,Gongbi,Figure,Figure,Gongbi-Figure,Gongbi-Figure
"宋_赵佶_五色鹦鹉图_页_工笔,花鸟_画芯 _ _绢本_53.3cmX125.1cm _ _05a1d934.jpg",宋,赵佶,五色鹦鹉图,页,工笔,花鸟,Gongbi,FlowerBird,FlowerBird,Gongbi-FlowerBird,Gongbi-FlowerBird
"宋_赵佶_听琴图_页_工笔,人物_  _  _  _ _故宫博物院_85de5e87.jpg",宋,赵佶,听琴图,页,工笔,人物,Gongbi,Figure,Figure,Gongbi-Figure,Gongbi-Figure
"宋_赵佶_戴胜图_页_工笔,花鸟_ _绢本_55cmX59cm_ _7628ec5e.jpg",宋,赵佶,戴胜图,页,工笔,花鸟,Gongbi,FlowerBird,FlowerBird,Gongbi-FlowerBird,Gongbi-FlowerBird
"宋_赵佶_戴胜图_页_工笔,花鸟_树枝,树叶,含苞花,鸟_绢本_55cmX59cm_ _e4d4847c.jpg",宋,赵佶,戴胜图,页,工笔,花鸟,Gongbi,FlowerBird,FlowerBird,Gongbi-FlowerBird,Gongbi-FlowerBird
"宋_赵佶_文会图_页_工笔,人物_  _ _绢本_184.4cmX123.9cm_台北故宫博物院_fc126b53.jpg",宋,赵佶,文会图,页,工笔,人物,Gongbi,Figure,Figure,Gongbi-Figure,Gongbi-Figure
"宋_赵佶_枇杷山鸟图_双页_工笔,花鸟_印章,文字,树枝,树叶,含苞花,鸟_绢本_26.9cmX27_ae8d34d1.jpg",宋,赵佶,枇杷山鸟图,双页,工笔,花鸟,Gongbi,FlowerBird,FlowerBird,Gongbi-FlowerBird,Gongbi-FlowerBird
"宋_赵佶_枇杷山鸟图_页_工笔,花鸟_花鸟_绢本_26.9cmX27.2cm _ _f1100298.jpg",宋,赵佶,枇杷山鸟图,页,工笔,花鸟,Gongbi,FlowerBird,FlowerBird,Gongbi-FlowerBird,Gongbi-FlowerBird
"宋_赵佶_柳鸦芦雁图_页_工笔,花鸟_柳、鸦、芦、雁_绢本_34cmX223cm _ _c155f7fe.jpg",宋,赵佶,柳鸦芦雁图,页,工笔,花鸟,Gongbi,FlowerBird,FlowerBird,Gongbi-FlowerBird,Gongbi-FlowerBird
"宋_赵佶_桃鸠图_页_工笔,花鸟_花鸟_绢本_28.5cmX27cm _ _99b91579.jpg",宋,赵佶,桃鸠图,页,工笔,花鸟,Gongbi,FlowerBird,FlowerBird,Gongbi-FlowerBird,Gongbi-FlowerBird
"宋_赵佶_梅花绣眼图_页_工笔,花鸟_花鸟_绢本_24.5cmX24.8cm_北京故宫博物院_1735758775_451990c6.jpg",宋,赵佶,梅花绣眼图,页,工笔,花鸟,Gongbi,FlowerBird,FlowerBird,Gongbi-FlowerBird,Gongbi-FlowerBird
"宋_赵佶_梅花绣眼图_页_工笔,花鸟_花鸟_绢本_24.5cmX24.8cm_北京故宫博物院_e8f59cfa.jpg",宋,赵佶,梅花绣眼图,页,工笔,花鸟,Gongbi,FlowerBird,FlowerBird,Gongbi-FlowerBird,Gongbi-FlowerBird
"宋_赵佶_池塘秋晚图_页_工笔,花鸟_ _纸本 _  _ _1c89e0d1.jpg",宋,赵佶,池塘秋晚图,页,工笔,花鸟,Gongbi,FlowerBird,FlowerBird,Gongbi-FlowerBird,Gongbi-FlowerBird
"宋_赵佶_瑞鹤图_页_工笔,花鸟_ _绢本_51cmX138cm _ _3229a1d4.jpg",宋,赵佶,瑞鹤图,页,工笔,花鸟,Gongbi,FlowerBird,FlowerBird,Gongbi-FlowerBird,Gongbi-FlowerBird
"宋_赵佶_祥龙石图_页_工笔,花鸟_ _绢本_53.9cmX127cm _ _05bf306e.jpg",宋,赵佶,祥龙石图,页,工笔,花鸟,Gongbi,FlowerBird,FlowerBird,Gongbi-FlowerBird,Gongbi-FlowerBird
"宋_赵佶_芙蓉锦鸡图_页_工笔,花鸟_花鸟_绢本_81.5cmX53.6cm _ _b2a6906f.jpg",宋,赵佶,芙蓉锦鸡图,页,工笔,花鸟,Gongbi,FlowerBird,FlowerBird,Gongbi-FlowerBird,Gongbi-FlowerBird
"宋_赵佶_花鸟图册_页_工笔,花鸟_树枝,针叶树,盛开花,粉花,鸟,印章,文字,含苞花_绢本_58c_29d86277.jpg",宋,赵佶,花鸟图册,页,工笔,花鸟,Gongbi,FlowerBird,FlowerBird,Gongbi-FlowerBird,Gongbi-FlowerBird
"宋_赵佶_雪江归棹图_页_工笔,花鸟_ _绢本_30.3cmX190.8cm_北京故宫博物院_aadae2b8.jpg",宋,赵佶,雪江归棹图,页,工笔,花鸟,Gongbi,FlowerBird,FlowerBird,Gongbi-FlowerBird,Gongbi-FlowerBird
"宋_赵孟坚_墨兰图_页_工笔,花鸟_卷_花鸟_纸本_34.5cmX90.2cm _ _47976a38.jpg",宋,赵孟坚,墨兰图,页,工笔,花鸟,Gongbi,FlowerBird,FlowerBird,Gongbi-FlowerBird,Gongbi-FlowerBird
"宋_赵孟坚_岁寒三友图_页_写意,花鸟_ _花鸟 _ _24.3cmX23.3cm_上海博物馆_6e887d02.jpg",宋,赵孟坚,岁寒三友图,页,写意,花鸟,Xieyi,FlowerBird,FlowerBird,Xieyi-FlowerBird,Xieyi-FlowerBird
"宋_赵昌_写生蛱蝶图_页_工笔,花鸟_卷_花鸟_纸本_27.7cmX242cm _ _16474302.jpg",宋,赵昌,写生蛱蝶图,页,工笔,花鸟,Gongbi,FlowerBird,FlowerBird,Gongbi-FlowerBird,Gongbi-FlowerBird
"宋_郭熙_溪山行旅册_页_水墨,山水_ _山水 _ _26.3cmX24.7cm _ _e295a52e.jpg",宋,郭熙,溪山行旅册,页,水墨,山水,Ink,Landscape,Landscape,Ink-Landscape,Ink-Landscape
"宋_郭熙_秋山行旅册_页_水墨,山水_ _山水_绢本_141cmX97cm_海外遗散_27980013.jpg",宋,郭熙,秋山行旅册,页,水墨,山水,Ink,Landscape,Landscape,Ink-Landscape,Ink-Landscape
"宋_金大受_十六罗汉图2 _页_工笔,人物_人物_绢本_172cmX77cm_东京博物馆_61f2b66a.jpg",宋,金大受,十六罗汉图2,页,工笔,人物,Gongbi,Figure,Figure,Gongbi-Figure,Gongbi-Figure
"宋_阎次于_山村归骑_ 页_浅绛,山水_留白,印章,树林,石头,河流,山林_绢本_34cmX36cm_be00b616.jpg",宋,阎次于,山村归骑,页,浅绛,山水,LightOchre,Landscape,Landscape,LightOchre-Landscape,LightOchre-Landscape
"宋_陈容_墨龙卷_卷_水墨,山水_龙 _ _34.3cmX50cm _ _2a2a881a.jpg",宋,陈容,墨龙卷,卷,水墨,山水,Ink,Landscape,Landscape,Ink-Landscape,Ink-Landscape
"宋_陈居中_四羊_ 页_工笔,花鸟_枯树,羊,印章,草,树枝_绢本_22.5cmX24cm_ _af2b11d7.jpg",宋,陈居中,四羊,页,工笔,花鸟,Gongbi,FlowerBird,FlowerBird,Gongbi-FlowerBird,Gongbi-FlowerBird
"宋_陈清波_湖山春晓册_页_水墨,山水_ _山水 _ _67cmX77cm _ _9281f434.jpg",宋,陈清波,湖山春晓册,页,水墨,山水,Ink,Landscape,Landscape,Ink-Landscape,Ink-Landscape
"宋_雪渔_卷_浅绛,山水_树,河流,船,山林,草,石头_卷_绢本_30cmX650cm_ _3e26dd1c.jpg",宋,雪渔,卷,"浅绛,山水",浅绛,山水,LightOchre,Landscape,Landscape,LightOchre-Landscape,LightOchre-Landscape
"宋_马和之_画赵构书唐风_ 页_工笔,人物_树枝,树叶,印章,学者,对话,山林_绢本_71.2cmX52.1cm_ _2b6847bc.jpg",宋,马和之,画赵构书唐风,页,工笔,人物,Gongbi,Figure,Figure,Gongbi-Figure,Gongbi-Figure
"宋_马和之_画赵构书唐风册_ 页_工笔,人物_亭子,学者,坐卧,树,石头,草,印章_绢本_71.2c_ef3069c8.jpg",宋,马和之,画赵构书唐风册,页,工笔,人物,Gongbi,Figure,Figure,Gongbi-Figure,Gongbi-Figure
"宋_马和之_画赵构书唐风册_ 页_工笔,人物_学者,长袍,行人,印章_绢本_71.2cmX52.1cm_ _f8febfc0.jpg",宋,马和之,画赵构书唐风册,页,工笔,人物,Gongbi,Figure,Figure,Gongbi-Figure,Gongbi-Figure
"宋_马和之_画赵构书唐风册_ 页_工笔,人物_河流,学者,树,石头_绢本_71.2cmX52.1cm_ _c98d41ff.jpg",宋,马和之,画赵构书唐风册,页,工笔,人物,Gongbi,Figure,Figure,Gongbi-Figure,Gongbi-Figure
"宋_马远(传)_山水_ 页_水墨,山水_树,树枝,山,石头,人,人物,草地_绢本_ 25.5cmX2_ca9f4c5b.jpg",宋,马远(传),山水,页,水墨,山水,Ink,Landscape,Landscape,Ink-Landscape,Ink-Landscape
"宋_马远_ _ 页_水墨,山水_学者,坐卧,山,草,石头,留白,印章_绢本_30cmX30cm__4956b0d3.jpg",宋,马远,,页,水墨,山水,Ink,Landscape,Landscape,Ink-Landscape,Ink-Landscape
"宋_马远_倚云仙杏图_页_工笔,花鸟_页 _工笔,花鸟_ _27cmX28cm_台北博物院_b1af7d2e.jpg",宋,马远,倚云仙杏图,页,工笔,花鸟,Gongbi,FlowerBird,FlowerBird,Gongbi-FlowerBird,Gongbi-FlowerBird
"宋_马远_寒山子_ 页_写意,人物_学者,袍子,行走,草,草地,印章_绢本_49cmX53cm_ _1ac7f04b.jpg",宋,马远,寒山子,页,写意,人物,Xieyi,Figure,Figure,Xieyi-Figure,Xieyi-Figure
"宋_马远_寒江独釣册_页_水墨,山水_ _山水_绢本_40cmX51cm_东京博物馆_0d53424c.jpg",宋,马远,寒江独釣册,页,水墨,山水,Ink,Landscape,Landscape,Ink-Landscape,Ink-Landscape
"宋_马远_山径春行图 _页_工笔,人物_  _ _27.4cmX43.1cm_台北故宫博物院_66de8af5.jpg",宋,马远,山径春行图,页,工笔,人物,Gongbi,Figure,Figure,Gongbi-Figure,Gongbi-Figure
"宋_马远_山水册_页_水墨,山水_ _山水 _ _28.2cmX38cm _ _dab3eece.jpg",宋,马远,山水册,页,水墨,山水,Ink,Landscape,Landscape,Ink-Landscape,Ink-Landscape
"宋_马远_山水册_页_水墨,山水_ _山水_绢本_25.5cmX25.7cm_维多利亚和阿尔伯特博物馆_89e9f7ad.jpg",宋,马远,山水册,页,水墨,山水,Ink,Landscape,Landscape,Ink-Landscape,Ink-Landscape
"宋_马远_柳溪钓艇_双 页_水墨,山水_文字,印章,树,石头_绢本_34cmX89cm_ _622e8ebb.jpg",宋,马远,柳溪钓艇,双 页,水墨,山水,Ink,Landscape,Landscape,Ink-Landscape,Ink-Landscape
"宋_马远_梅溪放艇_ 页_水墨,山水_船,河流,树,树林,山,石头,草,印章_绢本_49cmX50c_345e7497.jpg",宋,马远,梅溪放艇,页,水墨,山水,Ink,Landscape,Landscape,Ink-Landscape,Ink-Landscape
"宋_马远_梅溪放艇册_页_水墨,山水_ _山水 _ _49cmX50cm _ _092b1be9.jpg",宋,马远,梅溪放艇册,页,水墨,山水,Ink,Landscape,Landscape,Ink-Landscape,Ink-Landscape
"宋_马远_白蔷薇图_页_工笔,花鸟_工笔,花,叶子_ _26.2cmX25cm _ _10dad763.jpg",宋,马远,白蔷薇图,页,工笔,花鸟,Gongbi,FlowerBird,FlowerBird,Gongbi-FlowerBird,Gongbi-FlowerBird
"宋_马远_白蔷薇图_页_工笔,花鸟_页_花鸟 _ _26.2cmX25cm _ _df5cf525.jpg",宋,马远,白蔷薇图,页,工笔,花鸟,Gongbi,FlowerBird,FlowerBird,Gongbi-FlowerBird,Gongbi-FlowerBird
"宋_马远_石壁看云册_页_水墨,山水_ _山水_绢本_49cmX49cm _ _949a24eb.jpg",宋,马远,石壁看云册,页,水墨,山水,Ink,Landscape,Landscape,Ink-Landscape,Ink-Landscape
"宋_马远_石壁看云图_ 页_水墨,山水_河流,石头,学者,草_绢本_49cmX49cm_ _abade6f2.jpg",宋,马远,石壁看云图,页,水墨,山水,Ink,Landscape,Landscape,Ink-Landscape,Ink-Landscape
"宋_马远_竹涧焚香图_双页_水墨,山水_文字,印章,石头,学者,坐卧,山,草_绢本_34cmX67cm_ _71ef91cb.jpg",宋,马远,竹涧焚香图,双页,水墨,山水,Ink,Landscape,Landscape,Ink-Landscape,Ink-Landscape
"宋_马远_舟人形图_ 页_工笔,人物_河流,船,枯树,芦苇,学者,坐卧,长袍_绢本_21.2cmX21.8cm_ _cc6e28a5.jpg",宋,马远,舟人形图,页,工笔,人物,Gongbi,Figure,Figure,Gongbi-Figure,Gongbi-Figure
"宋_马远_舟人形图_页_工笔,人物_ _绢本_21.2cmX21.8cm _ _b8c65d5d.jpg",宋,马远,舟人形图,页,工笔,人物,Gongbi,Figure,Figure,Gongbi-Figure,Gongbi-Figure
"宋_马远_观瀑_ 页_水墨,山水_河流,学者,树林,石头,印章,文字_绢本_30cmX30cm_ _81684ad4.jpg",宋,马远,观瀑,页,水墨,山水,Ink,Landscape,Landscape,Ink-Landscape,Ink-Landscape
"宋_马麟_层叠冰绡图_轴_工笔,花鸟_工笔,花,树枝_绢布_101.7cmX49.6cm_北京故宫博物院_59e8f25e.jpg",宋,马麟,层叠冰绡图,轴,工笔,花鸟,Gongbi,FlowerBird,FlowerBird,Gongbi-FlowerBird,Gongbi-FlowerBird
"宋_马麟_山水图_页_水墨,山水_页_山水 _ _30cmX32cm _ _2766d6bf.jpg",宋,马麟,山水图,页,水墨,山水,Ink,Landscape,Landscape,Ink-Landscape,Ink-Landscape
"宋_马麟_林和靖图_页_工笔,人物_石头,学者,孩童,白鹭,芦苇,草,围墙_绢本_22.1cmX22cm_ _e0a822e7.jpg",宋,马麟,林和靖图,页,工笔,人物,Gongbi,Figure,Figure,Gongbi-Figure,Gongbi-Figure
"宋_马麟_梅花双雀图_页_工笔,花鸟_ _花鸟 _ _28.0cmX29.0cm_日本东京博物馆_2857c25c.jpg",宋,马麟,梅花双雀图,页,工笔,花鸟,Gongbi,FlowerBird,FlowerBird,Gongbi-FlowerBird,Gongbi-FlowerBird
"宋_马麟_石榴文鸟 _页_工笔,花鸟 _ _32cmX33cm _ _1735758775_285f9818.jpg",宋,马麟,石榴文鸟,页,工笔,花鸟,Gongbi,FlowerBird,FlowerBird,Gongbi-FlowerBird,Gongbi-FlowerBird
"宋_马麟_长松山水图_页_水墨,山水_页_山水_绢本_25.1cmX26cm_大都会博物馆_13acc8a1.jpg",宋,马麟,长松山水图,页,水墨,山水,Ink,Landscape,Landscape,Ink-Landscape,Ink-Landscape
"宋_马麟_长松山水图_页_水墨,山水_页_山水_绢本_25.1cmX26cm_大都会博物馆_1735758775_b9de2cd0.jpg",宋,马麟,长松山水图,页,水墨,山水,Ink,Landscape,Landscape,Ink-Landscape,Ink-Landscape
"宋_马麟_雪梅_ 页_没骨,花鸟_树枝,盛开花,白花, 页_工笔,人物_绢本_30cmX31cm_ _6607f8a8.jpg",宋,马麟,雪梅,页,没骨,花鸟,Mogu,FlowerBird,FlowerBird,Mogu-FlowerBird,Mogu-FlowerBird
"宋_马麟_雪梅图_页_工笔,花鸟_页_工笔,花鸟 _ _30cmX31cm _ _de8ffb2d.jpg",宋,马麟,雪梅图,页,工笔,花鸟,Gongbi,FlowerBird,FlowerBird,Gongbi-FlowerBird,Gongbi-FlowerBird
"宋_高克明_溪山瑞雪图_页_浅绛,山水_卷_山水 _ _25cmX118cm _ _f9dd69e6.jpg",宋,高克明,溪山瑞雪图,页,浅绛,山水,LightOchre,Landscape,Landscape,LightOchre-Landscape,LightOchre-Landscape
"宋_高克明_溪山雪意图_页_浅绛,山水_画芯_山水_绢本_41cmX241.3cm _ _660d4dc4.jpg",宋,高克明,溪山雪意图,页,浅绛,山水,LightOchre,Landscape,Landscape,LightOchre-Landscape,LightOchre-Landscape
"宋_黃居寀_宣和图谱 _页_工笔,花鸟_工笔,花_  _  _ _f875ca33.jpg",宋,黃居寀,宣和图谱,页,工笔,花鸟,Gongbi,FlowerBird,FlowerBird,Gongbi-FlowerBird,Gongbi-FlowerBird
"宋_黄居寀_梨花鹦鹉_ 页_工笔,花鸟_树枝,树叶,盛开花,白花,鸟,印章_绢本_27.6cmX27_90d2bdcf.jpg",宋,黄居寀,梨花鹦鹉,页,工笔,花鸟,Gongbi,FlowerBird,FlowerBird,Gongbi-FlowerBird,Gongbi-FlowerBird
"明_ _三教图_页_工笔,人物_ _纸本_57cmX55cm_弗里尔艺术馆_ada0f933.jpg",明,,三教图,页,工笔,人物,Gongbi,Figure,Figure,Gongbi-Figure,Gongbi-Figure
"明_ _学童闹堂图_页_工笔,人物_人物 _ _55cmX55cm _ _1b46ccc2.jpg",明,,学童闹堂图,页,工笔,人物,Gongbi,Figure,Figure,Gongbi-Figure,Gongbi-Figure
"明_ _明太祖朱元璋坐像图_轴_工笔,人物_人物 _ _137cmX84cm _ _61bf082b.jpg",明,,明太祖朱元璋坐像图,轴,工笔,人物,Gongbi,Figure,Figure,Gongbi-Figure,Gongbi-Figure
"明_ _湘君湘夫人图_轴_工笔,人物_人,人物,丝带,文字,印章 _ _102cmX35cm _ _26e8325a.jpg",明,,湘君湘夫人图,轴,工笔,人物,Gongbi,Figure,Figure,Gongbi-Figure,Gongbi-Figure
"明_丁云鹏_五相观音图_轴_工笔,人物_观音_纸本_28.58cmX134cm_ _cfc5a971.jpg",明,丁云鹏,五相观音图,轴,工笔,人物,Gongbi,Figure,Figure,Gongbi-Figure,Gongbi-Figure
"明_丁云鹏_观音图_轴_工笔,人物_人物_纸本_97.2cmX33.1cm_ _c922836f.jpg",明,丁云鹏,观音图,轴,工笔,人物,Gongbi,Figure,Figure,Gongbi-Figure,Gongbi-Figure
"明_丘鉴_芙蓉芦雁图_轴_工笔,花鸟_芙蓉,芦雁_绢本_164.5cmX67.9cm_安徽博物馆_8c382a1a.jpg",明,丘鉴,芙蓉芦雁图,轴,工笔,花鸟,Gongbi,FlowerBird,FlowerBird,Gongbi-FlowerBird,Gongbi-FlowerBird
"明_仇珠_女乐图_轴_工笔,人物_ _绢本_145.5cmX85.5cm _ _e4f652da.jpg",明,仇珠,女乐图,轴,工笔,人物,Gongbi,Figure,Figure,Gongbi-Figure,Gongbi-Figure
"明_仇英_临溪水阁图_页_浅绛,山水_雾气,树,树叶,建筑,房子,屋檐,亭子,人物,对话,石头,山,山林,山地,草,草地,水,涟漪,船,水面,印章,水流_绢本_46cmX40cm _ _cec49517.jpg",明,仇英,临溪水阁图,页,浅绛,山水,LightOchre,Landscape,Landscape,LightOchre-Landscape,LightOchre-Landscape
"明_仇英_停琴听阮图_ 轴_水墨,山水_树,树林,树枝,树叶,云,卷云,坐卧,长袍,对谈,乐器,地面,石头,水,水流,水面,文字_纸本_112.2cmX42cm _ _bf8a686c.jpg",明,仇英,停琴听阮图,轴,水墨,山水,Ink,Landscape,Landscape,Ink-Landscape,Ink-Landscape
"明_仇英_兰亭图_扇面彩绘_浅绛,山水_石头,水面,陆地,树,树木,亭子,人,水流,树叶,叶子,云,山_纸本_32cmX58cm _ _8695707f.jpg",明,仇英,兰亭图,扇面彩绘,浅绛,山水,LightOchre,Landscape,Landscape,LightOchre-Landscape,LightOchre-Landscape
"明_仇英_古代仕女_轴_工笔,人物_人物,袍子,树,石头,地面,草地,文字,印章,扇子,栏杆,树叶_绢本_95cmX38cm _ _4ab9d564.jpg",明,仇英,古代仕女,轴,工笔,人物,Gongbi,Figure,Figure,Gongbi-Figure,Gongbi-Figure
"明_仇英_吹箫引凤_页_浅绛,山水_人物,行人,建筑,台阶,长袍,聚会,坐卧,轻雾,云,鸟,动物,房子,屋顶,树,树林,树叶,山,山林,山群,文字_绢本_41.4cmX33.8cm_台北故宫博物馆_2f76c6f2.jpg",明,仇英,吹箫引凤,页,浅绛,山水,LightOchre,Landscape,Landscape,LightOchre-Landscape,LightOchre-Landscape
"明_仇英_子路问津_页_浅绛,山水_出行,人物,对话,车,石头,树,树林,树叶,树枝,轻雾,田地,水,涟漪,轻雾,山,山林,石头,山地_绢本_41.4cmX33.8cm_台北故宫博物馆_98eccaee.jpg",明,仇英,子路问津,页,浅绛,山水,LightOchre,Landscape,Landscape,LightOchre-Landscape,LightOchre-Landscape
"明_仇英_捉柳花图_页_浅绛,山水_草地,水,水面,涟漪,石头,树,柳树,孩童,玩耍,长袍,轻雾,山,山林,建筑,围墙,茅屋_绢本_41.4cmX33.8cm_台北故宫博物馆_7e3001f7.jpg",明,仇英,捉柳花图,页,浅绛,山水,LightOchre,Landscape,Landscape,LightOchre-Landscape,LightOchre-Landscape
"明_仇英_攜琴聽松圖_扇面_工笔,人物_石头,留白,人,人物,树,树林,树叶,地面,袍子,草,文字,印章 _ _32cmX58cm_台北故宫博物馆_b6151c4c.jpg",明,仇英,攜琴聽松圖,扇面,工笔,人物,Gongbi,Figure,Figure,Gongbi-Figure,Gongbi-Figure
"明_仇英_明妃出塞_页设色_工笔,人物_骑马人,出行,车,水,涟漪,水面,动物,马,狗,山地,丘陵,布衣,长袍,骆驼,文字,印章_绢本_41.4cmX33.8cm_台北故宫博物馆_7784d76f.jpg",明,仇英,明妃出塞,页设色,工笔,人物,Gongbi,Figure,Figure,Gongbi-Figure,Gongbi-Figure
"明_仇英_書舫停橈圖_扇面_浅绛,山水_人,船,水,水面,涟漪,石头,草地,书,树叶,树枝,文字,印章_纸本_32cmX58cm_台北故宫博物馆_cfe739ee.jpg",明,仇英,書舫停橈圖,扇面,浅绛,山水,LightOchre,Landscape,Landscape,LightOchre-Landscape,LightOchre-Landscape
"明_仇英_松林六逸_ _浅绛,山水_树林,树枝,树叶,人物,行人,学者,少年,孩童,集体人物,读书,行走,对话,坐卧,轻雾,建筑,城楼,石阶,长袍,石头,地面,水面_绢本_41.4cmX33.8cm_台北故宫博物馆_fd17a8e0.jpg",明,仇英,松林六逸,,浅绛,山水,LightOchre,Landscape,Landscape,LightOchre-Landscape,LightOchre-Landscape
"明_仇英_枫溪垂钓图_轴_浅绛,山水_山,水,山林,水面,地,石头,草地,人,船,云,浮云,树,树林,桥,建筑,亭子_纸本_127cmX38.5cm_湖南省博物馆_d60181b9.jpg",明,仇英,枫溪垂钓图,轴,浅绛,山水,LightOchre,Landscape,Landscape,LightOchre-Landscape,LightOchre-Landscape
"明_仇英_桃花源图(之二) _卷_浅绛,山水_山,山林,山地,水,水面,轻雾,树,桥,船,建筑,茅屋,集体人物,印章,地面_纸本_37cmX347cm _ _76dbb3a0.jpg",明,仇英,桃花源图(之二),卷,浅绛,山水,LightOchre,Landscape,Landscape,LightOchre-Landscape,LightOchre-Landscape
"明_仇英_梧竹书堂图 _轴_浅绛,山水_山水,树木,文字,印章,庭院,人物_纸本_148.8cmX57.2cm _ _3a6d56b8.jpg",明,仇英,梧竹书堂图,轴,浅绛,山水,LightOchre,Landscape,Landscape,LightOchre-Landscape,LightOchre-Landscape
"明_仇英_浔阳琵琶_页_轴_浅绛,山水_动物,马,行走,人物,对话,坐卧,船,轻雾,水,水面,涟漪,树,树林,树枝,树叶,草,东面,山地,石头_绢本_41.4cmX33.8cm_台北故宫博物馆_6d1d305b.jpg",明,仇英,浔阳琵琶,页,浅绛,山水,LightOchre,Landscape,Landscape,LightOchre-Landscape,LightOchre-Landscape
"明_仇英_清明上河图_卷_浅绛,山水_树,流水,涟漪,水面,地面,草地,建筑,房子,围墙,城墙,桥,木桥,码头,树,树林,船,人,人群,动物,集体人物,骑马人,行走,坐卧,对话_绢本_31.3cmX1045cm _ _e57ffafb.jpg",明,仇英,清明上河图,卷,浅绛,山水,LightOchre,Landscape,Landscape,LightOchre-Landscape,LightOchre-Landscape
"明_仇英_渔笛图_轴_水墨,山水_ _绢布_113cmX60cm_美国纳尔逊博物馆_a4b46238.jpg",明,仇英,渔笛图,轴,水墨,山水,Ink,Landscape,Landscape,Ink-Landscape,Ink-Landscape
"明_仇英_竹院品古_页_工笔,人物_人物,集体人物,坐卧,孩童,少年,对话,长袍,竹子,竹林,石头,地面,文字,印章,器皿,陶罐,铜壶,玉杯,书画用具,屏风_绢本_41.4cmX33.8cm_台北故宫博物馆_083a1b68.jpg",明,仇英,竹院品古,页,工笔,人物,Gongbi,Figure,Figure,Gongbi-Figure,Gongbi-Figure
"明_仇英_贵妃晓妆_页设色_工笔,人物_建筑,房子,台阶,石阶,游园,人群,长袍,集体人物,聚会,行走,坐卧,对话,树,树叶,石头,动物,狗,花_绢本_41.4cmX33.8cm_台北故宫博物馆_e4757ee1.jpg",明,仇英,贵妃晓妆,页设色,工笔,人物,Gongbi,Figure,Figure,Gongbi-Figure,Gongbi-Figure
"明_仇英_高山流水_册页_浅绛,山水_人物,坐卧,建筑,茅屋,布衣,长袍,草地,山地,坡地,山,山林,水,水流,树,树林,书_绢本_41.4cmX33.8cm_台北故宫博物馆_5d8df0de.jpg",明,仇英,高山流水,册页,浅绛,山水,LightOchre,Landscape,Landscape,LightOchre-Landscape,LightOchre-Landscape
"明_传高然晖_山水图_页_水墨,山水_山水_ _46cmX59cm_ _360f58cc.jpg",明,传高然晖,山水图,页,水墨,山水,Ink,Landscape,Landscape,Ink-Landscape,Ink-Landscape
"明_何浩_万壑秋涛图_轴_水墨,山水_山水_纸本_27.5cmX493.5cm_ _afba6a39.jpg",明,何浩,万壑秋涛图,轴,水墨,山水,Ink,Landscape,Landscape,Ink-Landscape,Ink-Landscape
"明_八大山人_ _轴_写意,花鸟_写意,石头,鸟,文字,印章_纸本_35cmX30cm _ _3c2d7cf8.jpg",明,八大山人,,轴,写意,花鸟,Xieyi,FlowerBird,FlowerBird,Xieyi-FlowerBird,Xieyi-FlowerBird
"明_八大山人_荷花小鸟图_轴_写意,花鸟_花枝,石头,叶子,地面,草地,文字,印章_纸本_138cmX53cm _ _bbaef1ef.jpg",明,八大山人,荷花小鸟图,轴,写意,花鸟,Xieyi,FlowerBird,FlowerBird,Xieyi-FlowerBird,Xieyi-FlowerBird
"明_八大山人_轴_写意,花鸟_写意,鱼,文字,印章_纸本_90cmX50cm _ _a1c185a4.jpg",明,八大山人,轴,"写意,花鸟",写意,花鸟,Xieyi,FlowerBird,FlowerBird,Xieyi-FlowerBird,Xieyi-FlowerBird
"明_凌必正_山水图_卷_浅绛,山水_山水 _ _30cmX156cm _ _08b9e8dc.jpg",明,凌必正,山水图,卷,浅绛,山水,LightOchre,Landscape,Landscape,LightOchre-Landscape,LightOchre-Landscape
"明_华岩_花卉山水_轴_浅绛,山水_花卉,山水_纸本_25.1cmX28.7cm_ _3126a3b1.jpg",明,华岩,花卉山水,轴,浅绛,山水,LightOchre,Landscape,Landscape,LightOchre-Landscape,LightOchre-Landscape
"明_吕纪_四喜图_页_工笔,花鸟_轴 _ _纸本_93cmX51cm _ _4d663b19.jpg",明,吕纪,四喜图,页,工笔,花鸟,Gongbi,FlowerBird,FlowerBird,Gongbi-FlowerBird,Gongbi-FlowerBird
"明_吕纪_四季花鸟图_页_工笔,花鸟_冬,花鸟 _  _ _东京国立博物馆_134290cf.jpg",明,吕纪,四季花鸟图,页,工笔,花鸟,Gongbi,FlowerBird,FlowerBird,Gongbi-FlowerBird,Gongbi-FlowerBird
"明_吕纪_四季花鸟图_页_工笔,花鸟_夏,花鸟 _  _ _东京国立博物馆_7e962517.jpg",明,吕纪,四季花鸟图,页,工笔,花鸟,Gongbi,FlowerBird,FlowerBird,Gongbi-FlowerBird,Gongbi-FlowerBird
"明_吕纪_四季花鸟图_页_工笔,花鸟_春 ,花鸟 _  _ _东京国立博物馆_dcc54217.jpg",明,吕纪,四季花鸟图,页,工笔,花鸟,Gongbi,FlowerBird,FlowerBird,Gongbi-FlowerBird,Gongbi-FlowerBird
"明_吕纪_寒雪山鸡图_页_工笔,花鸟_山鸡_纸本_135.3cmX47cm _ _6d72e900.jpg",明,吕纪,寒雪山鸡图,页,工笔,花鸟,Gongbi,FlowerBird,FlowerBird,Gongbi-FlowerBird,Gongbi-FlowerBird
"明_吕纪_杏花孔雀图_页_工笔,花鸟_花鸟_绢本_85cmX45cm _ _29a8603a.jpg",明,吕纪,杏花孔雀图,页,工笔,花鸟,Gongbi,FlowerBird,FlowerBird,Gongbi-FlowerBird,Gongbi-FlowerBird
"明_吕纪_桂菊山禽图_页_工笔,花鸟_花鸟_绢本_100cmX55.7cm _ _7753298e.jpg",明,吕纪,桂菊山禽图,页,工笔,花鸟,Gongbi,FlowerBird,FlowerBird,Gongbi-FlowerBird,Gongbi-FlowerBird
"明_吕纪_残荷鹰鹭图_页_工笔,花鸟_花鸟_绢本_190cmX105.2cm _ _c1c4d539.jpg",明,吕纪,残荷鹰鹭图,页,工笔,花鸟,Gongbi,FlowerBird,FlowerBird,Gongbi-FlowerBird,Gongbi-FlowerBird
"明_吕纪_狮头鹅图_页_工笔,花鸟_花鸟_绢本_192.5cmX106cm_辽宁博物馆_6f107204.jpg",明,吕纪,狮头鹅图,页,工笔,花鸟,Gongbi,FlowerBird,FlowerBird,Gongbi-FlowerBird,Gongbi-FlowerBird
"明_吳昌_山水圖 _扇面_浅绛,山水_山水_纸本_35cmX65cm _ _4771efcb.jpg",明,吳昌,山水圖,扇面,浅绛,山水,LightOchre,Landscape,Landscape,LightOchre-Landscape,LightOchre-Landscape
"明_吴炳_嘉禾草虫图 _页_工笔,花鸟_草虫 _ _29cmX49cm _ _e6530b78.jpg",明,吴炳,嘉禾草虫图,页,工笔,花鸟,Gongbi,FlowerBird,FlowerBird,Gongbi-FlowerBird,Gongbi-FlowerBird
"明_周之冕_仿陈道复花卉_卷_工笔,花鸟_花卉_纸本_25cmX563cm_天津博物馆_1c64b91f.jpg",明,周之冕,仿陈道复花卉,卷,工笔,花鸟,Gongbi,FlowerBird,FlowerBird,Gongbi-FlowerBird,Gongbi-FlowerBird
"明_周之冕_百花图_页_没骨,花鸟_花鸟_纸本_32cmX131cm _ _5f4344d2.jpg",明,周之冕,百花图,页,没骨,花鸟,Mogu,FlowerBird,FlowerBird,Mogu-FlowerBird,Mogu-FlowerBird
"明_周天球_水仙图_页_写意,花鸟_纸本_33.5cmX522cm _ _2787a831.jpg",明,周天球,水仙图,页,写意,花鸟,Xieyi,FlowerBird,FlowerBird,Xieyi-FlowerBird,Xieyi-FlowerBird
"明_周天球_水仙图_页_写意,花鸟_花鸟_纸本_33.5cmX858.1cm _ _3c3ee9de.jpg",明,周天球,水仙图,页,写意,花鸟,Xieyi,FlowerBird,FlowerBird,Xieyi-FlowerBird,Xieyi-FlowerBird
"明_周臣 _ _页_浅绛,山水_ _娟本_45cmX70cm _ _05334374.jpg",明,周臣,,页,浅绛,山水,LightOchre,Landscape,Landscape,LightOchre-Landscape,LightOchre-Landscape
"明_周臣_毛诗图_轴_浅绛,山水_ _纸本_54.70cmX38cm_普林斯顿大学_3653348c.jpg",明,周臣,毛诗图,轴,浅绛,山水,LightOchre,Landscape,Landscape,LightOchre-Landscape,LightOchre-Landscape
"明_唐寅_临李伯时饮中八仙全图 _页_水墨,山水_ _纸本_838cmX23.8cm _ _e1e5577b.jpg",明,唐寅,临李伯时饮中八仙全图,页,水墨,山水,Ink,Landscape,Landscape,Ink-Landscape,Ink-Landscape
"明_唐寅_听琴图 _页_水墨,山水_ _绢本_64cmX47cm_克利夫兰美术馆_695be635.jpg",明,唐寅,听琴图,页,水墨,山水,Ink,Landscape,Landscape,Ink-Landscape,Ink-Landscape
"明_唐寅_墨梅图_轴_没骨,花鸟_纸本_96cmX36cm_故宫博物院_39a3d36d.jpg",明,唐寅,墨梅图,轴,没骨,花鸟,Mogu,FlowerBird,FlowerBird,Mogu-FlowerBird,Mogu-FlowerBird
"明_唐寅_墨竹图_卷_水墨,山水_ _29.1cmX150.2cm_大都会博物馆_4b010fb1.jpg",明,唐寅,墨竹图,卷,水墨,山水,Ink,Landscape,Landscape,Ink-Landscape,Ink-Landscape
"明_唐寅_山水人物_页_水墨,山水_兽类,牛,人物,学者,布衣,石头,岩石,树,松柏,文字,印章_纸_26fd1e03.jpg",明,唐寅,山水人物,页,水墨,山水,Ink,Landscape,Landscape,Ink-Landscape,Ink-Landscape
"明_唐寅_山水人物_页_水墨,山水_山,山地,山群,树,树枝,树叶,房屋,亭子,农民,行走,布衣,文_f48cd2ef.jpg",明,唐寅,山水人物,页,水墨,山水,Ink,Landscape,Landscape,Ink-Landscape,Ink-Landscape
"明_唐寅_山水人物_页_水墨,山水_山,山地,石头,岩石,树,树枝,树叶,草,桥梁,人物,河流,渔夫_1c9e2c18.jpg",明,唐寅,山水人物,页,水墨,山水,Ink,Landscape,Landscape,Ink-Landscape,Ink-Landscape
"明_唐寅_山水人物_页_水墨,山水_山,山地,石头,岩石,树,树枝,树叶,草,桥梁,人物,河流,渔夫_c8b89b81.jpg",明,唐寅,山水人物,页,水墨,山水,Ink,Landscape,Landscape,Ink-Landscape,Ink-Landscape
"明_唐寅_山水人物_页_水墨,山水_山,山群,石头,树,树枝,树叶,人物,行者,布衣,文字,印章_纸_3b67ce02.jpg",明,唐寅,山水人物,页,水墨,山水,Ink,Landscape,Landscape,Ink-Landscape,Ink-Landscape
"明_唐寅_山水人物_页_水墨,山水_山,群山,围墙,篱笆,树,树枝,树叶,河流,瀑布,雾气,人物,坐卧,文字,印章_纸本_20cmX33cm_页__9a5f14d8.jpg",明,唐寅,山水人物,页,水墨,山水,Ink,Landscape,Landscape,Ink-Landscape,Ink-Landscape
"明_唐寅_山水人物_页_水墨,山水_树,树丛,树枝,山,群山,河流,石头,禽鸟,人物,文字,印章_纸本_20cmX33cm_页__2c95301a.jpg",明,唐寅,山水人物,页,水墨,山水,Ink,Landscape,Landscape,Ink-Landscape,Ink-Landscape
"明_唐寅_山水人物_页_水墨,山水_河流,水生植物,水草,人物,渔夫,船,夕阳,文字,印章_纸本_2_5cf7a3c7.jpg",明,唐寅,山水人物,页,水墨,山水,Ink,Landscape,Landscape,Ink-Landscape,Ink-Landscape
"明_唐寅_山水人物_页_水墨,山水_石头,岩石,树,树枝,树叶,人物,河流,文字,印章_纸本_20c_2661ff4e.jpg",明,唐寅,山水人物,页,水墨,山水,Ink,Landscape,Landscape,Ink-Landscape,Ink-Landscape
"明_唐寅_山水人物_页_水墨,山水_石头,岩石,树枝,树叶,人物,坐卧,草,文字,印章_纸本_20c_9be4e18b.jpg",明,唐寅,山水人物,页,水墨,山水,Ink,Landscape,Landscape,Ink-Landscape,Ink-Landscape
"明_唐寅_山水人物_页_水墨,山水_竹,竹林,人物,劳作,布衣,地面,树,树林,树枝,树叶,文字,印_777d85f1.jpg",明,唐寅,山水人物,页,水墨,山水,Ink,Landscape,Landscape,Ink-Landscape,Ink-Landscape
"明_唐寅_山路松声册_页_水墨,山水_ _山水 _  _  _ _8492e5d6.jpg",明,唐寅,山路松声册,页,水墨,山水,Ink,Landscape,Landscape,Ink-Landscape,Ink-Landscape
"明_唐寅_松林扬鞭图 _页_水墨,山水_ _绢本_145.3cmX72.5cm _ _b5116162.jpg",明,唐寅,松林扬鞭图,页,水墨,山水,Ink,Landscape,Landscape,Ink-Landscape,Ink-Landscape
"明_唐寅_松林扬鞭图 _页_浅绛,山水_ _绢本_145.3cmX72.5cm_旅顺博物馆_044ecc2e.jpg",明,唐寅,松林扬鞭图,页,浅绛,山水,LightOchre,Landscape,Landscape,LightOchre-Landscape,LightOchre-Landscape
"明_唐寅_沛台实景图 _页_水墨,山水_ _绢本_26.2cmX23.9cm _ _d89f11a3.jpg",明,唐寅,沛台实景图,页,水墨,山水,Ink,Landscape,Landscape,Ink-Landscape,Ink-Landscape
"明_唐寅_王蜀宫妓图(一版) _页_工笔,人物_ _绢本_124.7cmX63.6cm_北京故宫博物院_7fe40c68.jpg",明,唐寅,王蜀宫妓图(一版),页,工笔,人物,Gongbi,Figure,Figure,Gongbi-Figure,Gongbi-Figure
"明_唐寅_看泉听风图_页_浅绛,山水_ _绢本_72.5cmX34cm _ _eceded1f.jpg",明,唐寅,看泉听风图,页,浅绛,山水,LightOchre,Landscape,Landscape,LightOchre-Landscape,LightOchre-Landscape
"明_唐寅_红叶题诗仕女图 _页_工笔,人物_仕女_绢本_47cmX104cm _ _b5e996f6.jpg",明,唐寅,红叶题诗仕女图,页,工笔,人物,Gongbi,Figure,Figure,Gongbi-Figure,Gongbi-Figure
"明_唐寅_落花诗 _页_水墨,山水_ _纸本_23cmX236cm_旅顺博物馆_119374c5.jpg",明,唐寅,落花诗,页,水墨,山水,Ink,Landscape,Landscape,Ink-Landscape,Ink-Landscape
"明_唐寅_观梅图_轴_水墨,山水_ _纸本_108.6cmX34.5cm _ _1923ac2c.jpg",明,唐寅,观梅图,轴,水墨,山水,Ink,Landscape,Landscape,Ink-Landscape,Ink-Landscape
"明_唐寅_野亭靄瑞圖_卷_水墨,山水_ _纸本_26.2cmX123cm _ _76a50df6.jpg",明,唐寅,野亭靄瑞圖,卷,水墨,山水,Ink,Landscape,Landscape,Ink-Landscape,Ink-Landscape
"明_唐寅_震泽烟树图_页_浅绛,山水__山水_纸本_47cmX37.8cm _ _7de3f2f7.jpg",明,唐寅,震泽烟树图,页,浅绛,山水,LightOchre,Landscape,Landscape,LightOchre-Landscape,LightOchre-Landscape
"明_唐寅_风竹图 _页_水墨,山水_竹_纸本_83.4cmX44.5cm_北京博物馆_8e41f88c.jpg",明,唐寅,风竹图,页,水墨,山水,Ink,Landscape,Landscape,Ink-Landscape,Ink-Landscape
"明_商喜_关羽擒将图_页_工笔,人物_人物_纸本_103cmX122cm_ _ac452920.jpg",明,商喜,关羽擒将图,页,工笔,人物,Gongbi,Figure,Figure,Gongbi-Figure,Gongbi-Figure
"明_夏昶_淇水清风图_卷_页_没骨,花鸟_纸本_27.6cmX200cm _ _89d5e4a3.jpg",明,夏昶,淇水清风图,卷,没骨,花鸟,Mogu,FlowerBird,FlowerBird,Mogu-FlowerBird,Mogu-FlowerBird
"明_姜希孟_独钓图_页_水墨,山水_ _ _56cmX36cm_ _3809b258.jpg",明,姜希孟,独钓图,页,水墨,山水,Ink,Landscape,Landscape,Ink-Landscape,Ink-Landscape
"明_尤求_墨笔山水人物_轴__水墨,山水_山水、人物_纸本_50.7cmX126.2cm_北京故宫博物馆_d9e10913.jpg",明,尤求,墨笔山水人物,轴,水墨,山水,Ink,Landscape,Landscape,Ink-Landscape,Ink-Landscape
"明_张路_山雨欲来图_页_水墨,山水_  _ _47cmX36cm _ _dad9b579.jpg",明,张路,山雨欲来图,页,水墨,山水,Ink,Landscape,Landscape,Ink-Landscape,Ink-Landscape
"明_张路_神仙图册_页_浅绛,山水_山,群山,树,树林,树枝,树叶,雾气,夕阳,印章_纸本_ _双页_32dc2b43.jpg",明,张路,神仙图册,页,浅绛,山水,LightOchre,Landscape,Landscape,LightOchre-Landscape,LightOchre-Landscape
"明_张路_老子骑牛 _页_写意,人物_人物_纸本_101.5cmX55.3cm_台北故宫博物馆_06f2d8dd.jpg",明,张路,老子骑牛,页,写意,人物,Xieyi,Figure,Figure,Xieyi-Figure,Xieyi-Figure
"明_徐渭_墨花九段图_页_工笔,花鸟_卷_花鸟_纸本_23cmX316cm _ _753b8b10.jpg",明,徐渭,墨花九段图,页,工笔,花鸟,Gongbi,FlowerBird,FlowerBird,Gongbi-FlowerBird,Gongbi-FlowerBird
"明_徐渭_杂花图_页_写意,花鸟_花鸟 _  _  _ _0a37ec5c.jpg",明,徐渭,杂花图,页,写意,花鸟,Xieyi,FlowerBird,FlowerBird,Xieyi-FlowerBird,Xieyi-FlowerBird
"明_徐渭_杂花图_页_写意,花鸟_花鸟_纸本_30cmX1764cm _ _31bf1646.jpg",明,徐渭,杂花图,页,写意,花鸟,Xieyi,FlowerBird,FlowerBird,Xieyi-FlowerBird,Xieyi-FlowerBird
"明_徐渭_杂花图_页_没骨,花鸟_花鸟 _  _  _ _1735758775_cb0abc34.jpg",明,徐渭,杂花图,页,没骨,花鸟,Mogu,FlowerBird,FlowerBird,Mogu-FlowerBird,Mogu-FlowerBird
"明_徐渭_榴实图_轴_写意,花鸟_ _纸本_91.4cmX26.5cm _ _28a2035e.jpg",明,徐渭,榴实图,轴,写意,花鸟,Xieyi,FlowerBird,FlowerBird,Xieyi-FlowerBird,Xieyi-FlowerBird
"明_徐渭_水墨牡丹图_页_没骨,花鸟_轴_花鸟_纸本_109.2cmX33cm _ _783c60fa.jpg",明,徐渭,水墨牡丹图,页,没骨,花鸟,Mogu,FlowerBird,FlowerBird,Mogu-FlowerBird,Mogu-FlowerBird
"明_恽向_山水册_页_水墨,山水_山,山群,树,树林,树枝,树叶,房屋,屋顶,石头,文字,印章_纸本_9472f6ef.jpg",明,恽向,山水册,页,水墨,山水,Ink,Landscape,Landscape,Ink-Landscape,Ink-Landscape
"明_恽向_山水册_页_水墨,山水_山,山群,树,树林,树枝,树叶,石头,河流,文字,印章_纸本_27_ba82681a.jpg",明,恽向,山水册,页,水墨,山水,Ink,Landscape,Landscape,Ink-Landscape,Ink-Landscape
"明_恽向_山水册_页_水墨,山水_山,山群,树,树枝,树叶,草,河流,石头,房屋,文字,印章_纸本__93cdf5c4.jpg",明,恽向,山水册,页,水墨,山水,Ink,Landscape,Landscape,Ink-Landscape,Ink-Landscape
"明_恽向_山水册_页_水墨,山水_山,山群,石头,树,树林,树枝,树叶,房屋,村舍,文字,印章_纸本_194337db.jpg",明,恽向,山水册,页,水墨,山水,Ink,Landscape,Landscape,Ink-Landscape,Ink-Landscape
"明_恽向_山水册_页_水墨,山水_山,山群,石头,树,树林,树枝,树叶,河流,瀑布,房屋,亭子,文字,题字,印章_纸本_27cmX34cm_双页__44fc8615.jpg",明,恽向,山水册,页,水墨,山水,Ink,Landscape,Landscape,Ink-Landscape,Ink-Landscape
"明_恽向_山水册_页_水墨,山水_山,树林,树枝,石头,草,文字,印章_纸本_27cmX34cm_双页__9f1db8da.jpg",明,恽向,山水册,页,水墨,山水,Ink,Landscape,Landscape,Ink-Landscape,Ink-Landscape
"明_恽向_山水册_页_水墨,山水_石头,树,树林,树枝,树叶,房屋,村舍,河流,文字,印章_纸本_2_4cfc7ca0.jpg",明,恽向,山水册,页,水墨,山水,Ink,Landscape,Landscape,Ink-Landscape,Ink-Landscape
"明_恽向_山水册_页_浅绛,山水_山,山地,山群,树,树林,树枝,树叶,河流,房屋,村舍,文字,印章_bdd84a0f.jpg",明,恽向,山水册,页,浅绛,山水,LightOchre,Landscape,Landscape,LightOchre-Landscape,LightOchre-Landscape
"明_恽向_山水册_页_浅绛,山水_山,山群,树,树枝,树叶,河流,房屋,文字,印章_纸本_27cmX_4ce43cd5.jpg",明,恽向,山水册,页,浅绛,山水,LightOchre,Landscape,Landscape,LightOchre-Landscape,LightOchre-Landscape
"明_恽向_山水册_页_浅绛,山水_山,山群,河流,树,树林,树枝,树叶,房屋,文字,印章,纸本_27_5db8b2b2.jpg",明,恽向,山水册,页,浅绛,山水,LightOchre,Landscape,Landscape,LightOchre-Landscape,LightOchre-Landscape
"明_戴进_三顾草庐图_页_浅绛,山水_ _纸本_54cmX33cm_ _94b5368c.jpg",明,戴进,三顾草庐图,页,浅绛,山水,LightOchre,Landscape,Landscape,LightOchre-Landscape,LightOchre-Landscape
"明_戴进_春耕图_页_水墨,山水_ _ _61cmX37cm_浙江省博物馆_715a4d9c.jpg",明,戴进,春耕图,页,水墨,山水,Ink,Landscape,Landscape,Ink-Landscape,Ink-Landscape
"明_戴进_春酣图_页_水墨,山水_ _絹本_291.3cmX171.5cm_台北博物馆_5c3e93e7.jpg",明,戴进,春酣图,页,水墨,山水,Ink,Landscape,Landscape,Ink-Landscape,Ink-Landscape
"明_戴进_渭滨垂钓图_轴_浅绛,山水_ _绢本_139.6cmX75.4cm_台北故宫博物院_35d92357.jpg",明,戴进,渭滨垂钓图,轴,浅绛,山水,LightOchre,Landscape,Landscape,LightOchre-Landscape,LightOchre-Landscape
"明_戴进_达摩智慧能六代_页_水墨,山水_ _绢本_33.8cmX219.5cm_ _6b55f547.jpg",明,戴进,达摩智慧能六代,页,水墨,山水,Ink,Landscape,Landscape,Ink-Landscape,Ink-Landscape
"明_戴进_达摩祖图_卷_水墨,山水_ _绢本_240cmX33.8cm_ _0a6ca1c5.jpg",明,戴进,达摩祖图,卷,水墨,山水,Ink,Landscape,Landscape,Ink-Landscape,Ink-Landscape
"明_戴进_风雨归舟图_页_水墨,山水_ _绢本_66cmX28cm_ _c083db7c.jpg",明,戴进,风雨归舟图,页,水墨,山水,Ink,Landscape,Landscape,Ink-Landscape,Ink-Landscape
"明_文伯仁_四万山水图_页_水墨,山水_万壑松风 _ _山水_纸本_188.1cmX73.5cm_东京博物馆_3d1e1804.jpg",明,文伯仁,四万山水图,页,水墨,山水,Ink,Landscape,Landscape,Ink-Landscape,Ink-Landscape
"明_文伯仁_四万山水图_页_水墨,山水_万竿烟雨 _ _山水_纸本_188.1cmX73.5cm_东京博物馆_a457c2e6.jpg",明,文伯仁,四万山水图,页,水墨,山水,Ink,Landscape,Landscape,Ink-Landscape,Ink-Landscape
"明_文伯仁_四万山水图_页_水墨,山水_万顷晴波 _ _山水_纸本_188.1cmX73.5cm_东京博物馆_e5afab0e.jpg",明,文伯仁,四万山水图,页,水墨,山水,Ink,Landscape,Landscape,Ink-Landscape,Ink-Landscape
"明_文伯仁_松风高士图 _页_浅绛,山水_松风、高士_纸本_98.7cmX27.6cm_辽宁博物馆_5b650c97.jpg",明,文伯仁,松风高士图,页,浅绛,山水,LightOchre,Landscape,Landscape,LightOchre-Landscape,LightOchre-Landscape
"明_文伯仁_横塘雨歇图_卷_浅绛,山水_  _ _18cmX123cm _ _3cb68321.jpg",明,文伯仁,横塘雨歇图,卷,浅绛,山水,LightOchre,Landscape,Landscape,LightOchre-Landscape,LightOchre-Landscape
"明_文俶_秋花蛱蝶图_页_工笔,花鸟_页_工笔,花鸟_ _花鸟_绢本_66.1cmX102.3cm _ _dbd0b1df.jpg",明,文俶,秋花蛱蝶图,页,工笔,花鸟,Gongbi,FlowerBird,FlowerBird,Gongbi-FlowerBird,Gongbi-FlowerBird
"明_文嘉_石湖秋色图_页_水墨,山水_ _纸本_76cmX40cm _ _dd9d9611.jpg",明,文嘉,石湖秋色图,页,水墨,山水,Ink,Landscape,Landscape,Ink-Landscape,Ink-Landscape
"明_文彭_墨兰图_页_写意,花鸟_兰_纸本_65cmX31cm _ _b1e32316.jpg",明,文彭,墨兰图,页,写意,花鸟,Xieyi,FlowerBird,FlowerBird,Xieyi-FlowerBird,Xieyi-FlowerBird
"明_文徵明_万壑争流图_轴_浅绛,山水_  _ _132.7cmX35.3cm_南京博物馆_d42b974b.jpg",明,文徵明,万壑争流图,轴,浅绛,山水,LightOchre,Landscape,Landscape,LightOchre-Landscape,LightOchre-Landscape
"明_文徵明_兰亭修契图_卷_浅绛,山水_ _纸本_27cmX146cm _ _26a1f4f7.jpg",明,文徵明,兰亭修契图,卷,浅绛,山水,LightOchre,Landscape,Landscape,LightOchre-Landscape,LightOchre-Landscape
"明_文徵明_兰竹图_轴页_水墨,山水_兰竹_纸本_73cmX26.8cm_北京故宫博物院_e6bf991a.jpg",明,文徵明,兰竹图,轴页,水墨,山水,Ink,Landscape,Landscape,Ink-Landscape,Ink-Landscape
"明_文徵明_千岩竞秀 _页_浅绛,山水_山水_纸本_132cmX34cm_台北故宫博物馆_38fcb14c.jpg",明,文徵明,千岩竞秀,页,浅绛,山水,LightOchre,Landscape,Landscape,LightOchre-Landscape,LightOchre-Landscape
"明_文徵明_古柏竹石圖 _页_水墨,山水_古柏、竹、石 _  _  _ _1735758775_514a8541.jpg",明,文徵明,古柏竹石圖,页,水墨,山水,Ink,Landscape,Landscape,Ink-Landscape,Ink-Landscape
"明_文徵明_古柏竹石圖 _页_水墨,山水_古柏、竹、石 _  _  _ _676ac3a9.jpg",明,文徵明,古柏竹石圖,页,水墨,山水,Ink,Landscape,Landscape,Ink-Landscape,Ink-Landscape
"明_文徵明_吴中胜概图_页_浅绛,山水_ _绢本_175cmX31cm _ _03fdca92.jpg",明,文徵明,吴中胜概图,页,浅绛,山水,LightOchre,Landscape,Landscape,LightOchre-Landscape,LightOchre-Landscape
"明_文徵明_墨竹图 _页_写意,花鸟_竹_纸本_75cmX41cm _ _9fa63187.jpg",明,文徵明,墨竹图,页,写意,花鸟,Xieyi,FlowerBird,FlowerBird,Xieyi-FlowerBird,Xieyi-FlowerBird
"明_文徵明_山庄客至图 _页_浅绛,山水_ _纸本_87.5cmX27.3cm _ _c36bf91e.jpg",明,文徵明,山庄客至图,页,浅绛,山水,LightOchre,Landscape,Landscape,LightOchre-Landscape,LightOchre-Landscape
"明_文徵明_山水_轴_水墨,山水_树,树林,鸟,山石,山,石头,水流 _ _72cmX43cm_纳尔逊博物馆_020ab750.jpg",明,文徵明,山水,轴,水墨,山水,Ink,Landscape,Landscape,Ink-Landscape,Ink-Landscape
"明_文徵明_山水卷_手卷_水墨,山水_山水 _ _25cmX333cm_南京博物院_25431d3c.jpg",明,文徵明,山水卷,手卷,水墨,山水,Ink,Landscape,Landscape,Ink-Landscape,Ink-Landscape
"明_文徵明_山水诗画册_页_水墨,山水_围墙,篱笆,房屋,树,树林,树枝,树叶,桥梁,河流,草,草地_91f0c867.jpg",明,文徵明,山水诗画册,页,水墨,山水,Ink,Landscape,Landscape,Ink-Landscape,Ink-Landscape
"明_文徵明_山水诗画册_页_水墨,山水_房屋,房子,树,树林,树枝,竹,竹林,河流,围墙,篱笆,桥梁_ccf5ddd4.jpg",明,文徵明,山水诗画册,页,水墨,山水,Ink,Landscape,Landscape,Ink-Landscape,Ink-Landscape
"明_文徵明_山水诗画册_页_水墨,山水_树,树丛,树枝,树叶,山地,草,人物,劳作,印章_纸本_ _ __19b276c3.jpg",明,文徵明,山水诗画册,页,水墨,山水,Ink,Landscape,Landscape,Ink-Landscape,Ink-Landscape
"明_文徵明_山水诗画册_页_水墨,山水_树,树枝,树叶,房屋,茅屋,人物,河流,水生植物,河流,印章_纸本_ _ __4ced6351.jpg",明,文徵明,山水诗画册,页,水墨,山水,Ink,Landscape,Landscape,Ink-Landscape,Ink-Landscape
"明_文徵明_山水诗画册_页_水墨,山水_留白,树,树枝,树叶,草,草地,石头,人物,印章_纸本_ __9e803274.jpg",明,文徵明,山水诗画册,页,水墨,山水,Ink,Landscape,Landscape,Ink-Landscape,Ink-Landscape
"明_文徵明_山水诗画册_页_水墨,山水_石头,树林,树枝,树叶,房屋,围墙,竹,竹林,草,地面,印章_8391a7ef.jpg",明,文徵明,山水诗画册,页,水墨,山水,Ink,Landscape,Landscape,Ink-Landscape,Ink-Landscape
"明_文徵明_山水诗画册_页_水墨,山水_竹,竹林,河流,房屋,房子,围墙,篱笆,人物,草,石头,印章_b9bf188c.jpg",明,文徵明,山水诗画册,页,水墨,山水,Ink,Landscape,Landscape,Ink-Landscape,Ink-Landscape
"明_文徵明_扇面_页_浅绛,山水_山,山群,河流,瀑布,树林,树枝,树叶,房屋,文字,印章_纸本_ _扇面_页_浅绛,山水__dabb57f4.jpg",明,文徵明,扇面,页,浅绛,山水,LightOchre,Landscape,Landscape,LightOchre-Landscape,LightOchre-Landscape
"明_文徵明_扇面_页_浅绛,山水_山,群山,树,树林,树枝,树叶,河流,房屋,人物,文字,印章_纸本_434d35ab.jpg",明,文徵明,扇面,页,浅绛,山水,LightOchre,Landscape,Landscape,LightOchre-Landscape,LightOchre-Landscape
"明_文徵明_扇面_页_浅绛,山水_山,群山,树,树枝,树叶,房屋,河流,人物,文字,印章_纸本_ __5134c2a3.jpg",明,文徵明,扇面,页,浅绛,山水,LightOchre,Landscape,Landscape,LightOchre-Landscape,LightOchre-Landscape
"明_文徵明_扇面_页_浅绛,山水_山,群山,树,树枝,树叶,河流,印章_纸本_ _扇面_页_浅绛,山水__2c2f27e5.jpg",明,文徵明,扇面,页,浅绛,山水,LightOchre,Landscape,Landscape,LightOchre-Landscape,LightOchre-Landscape
"明_文徵明_扇面_页_浅绛,山水_房屋,茅屋,树,树林,树枝,树叶,山,山群,文字,印章_纸本_ __424c6915.jpg",明,文徵明,扇面,页,浅绛,山水,LightOchre,Landscape,Landscape,LightOchre-Landscape,LightOchre-Landscape
"明_文徵明_扇面_页_浅绛,山水_树,松树,山,群山,山地,河流,印章_纸本_ _扇面_页_浅绛,山水__71758bc9.jpg",明,文徵明,扇面,页,浅绛,山水,LightOchre,Landscape,Landscape,LightOchre-Landscape,LightOchre-Landscape
"明_文徵明_扇面_页_浅绛,山水_树,树林,树枝,树叶,房屋,河流,桥梁,山,山群,文字,印章_纸本_9b3cd038.jpg",明,文徵明,扇面,页,浅绛,山水,LightOchre,Landscape,Landscape,LightOchre-Landscape,LightOchre-Landscape
"明_文徵明_扇面_页_浅绛,山水_树,树枝,树叶,山,山群,河流,人物,房屋,文字,印章_纸本_ __879b006e.jpg",明,文徵明,扇面,页,浅绛,山水,LightOchre,Landscape,Landscape,LightOchre-Landscape,LightOchre-Landscape
"明_文徵明_扇面_页_浅绛,山水_树,树枝,树叶,山,山群,河流,房屋,茅屋,人物,船,文字,印章__a696f059.jpg",明,文徵明,扇面,页,浅绛,山水,LightOchre,Landscape,Landscape,LightOchre-Landscape,LightOchre-Landscape
"明_文徵明_松石圖 _页_水墨,山水_松石 _  _  _ _edb78d52.jpg",明,文徵明,松石圖,页,水墨,山水,Ink,Landscape,Landscape,Ink-Landscape,Ink-Landscape
"明_文徵明_松石高士图 _页_浅绛,山水_松石、高士_纸本_59.8cmX29.2cm _ _7339f9c4.jpg",明,文徵明,松石高士图,页,浅绛,山水,LightOchre,Landscape,Landscape,LightOchre-Landscape,LightOchre-Landscape
"明_文徵明_柏樹竹石圖 _页_水墨,山水_柏樹、竹、石 _  _  _ _1735758775_20747026.jpg",明,文徵明,柏樹竹石圖,页,水墨,山水,Ink,Landscape,Landscape,Ink-Landscape,Ink-Landscape
"明_文徵明_桃源问津图_卷_浅绛,山水_ _纸本_32cmX713cm _ _90168ec9.jpg",明,文徵明,桃源问津图,卷,浅绛,山水,LightOchre,Landscape,Landscape,LightOchre-Landscape,LightOchre-Landscape
"明_文徵明_水亭诗思图 _页_水墨,山水_  _ _73.3cmX28cm _ _8a9c249f.jpg",明,文徵明,水亭诗思图,页,水墨,山水,Ink,Landscape,Landscape,Ink-Landscape,Ink-Landscape
"明_文徵明_浒溪草堂 _页_浅绛,山水_ _纸本_26.7cmX142.5cm _ _99345cca.jpg",明,文徵明,浒溪草堂,页,浅绛,山水,LightOchre,Landscape,Landscape,LightOchre-Landscape,LightOchre-Landscape
"明_文徵明_白玉兰图_页_工笔,花鸟_卷_花鸟 _ _27.9cmX133cm _ _0a34d385.jpg",明,文徵明,白玉兰图,页,工笔,花鸟,Gongbi,FlowerBird,FlowerBird,Gongbi-FlowerBird,Gongbi-FlowerBird
"明_文徵明_秋葵折枝图_页_没骨,花鸟_花鸟_纸本_65.4cmX30.3cm_台北故宫博物馆_9a9e35a8.jpg",明,文徵明,秋葵折枝图,页,没骨,花鸟,Mogu,FlowerBird,FlowerBird,Mogu-FlowerBird,Mogu-FlowerBird
"明_文徵明_绿荫草堂 _页_水墨,山水_ _纸本_68.6cmX35cm _ _637ef72e.jpg",明,文徵明,绿荫草堂,页,水墨,山水,Ink,Landscape,Landscape,Ink-Landscape,Ink-Landscape
"明_文徵明_聚桂斋图_卷_浅绛,山水_ _纸本_31.6cmX56.2cm _ _013fe51d.jpg",明,文徵明,聚桂斋图,卷,浅绛,山水,LightOchre,Landscape,Landscape,LightOchre-Landscape,LightOchre-Landscape
"明_无可大师方以智_松柏图 _页_水墨,山水_松柏_纸本_47.3cmX125.6cm _ _dbafbca0.jpg",明,无可大师方以智,松柏图,页,水墨,山水,Ink,Landscape,Landscape,Ink-Landscape,Ink-Landscape
"明_朱瞻基_万年松_卷_浅绛,山水_ _纸本_34cmX565.1cm_ _93604719.jpg",明,朱瞻基,万年松,卷,浅绛,山水,LightOchre,Landscape,Landscape,LightOchre-Landscape,LightOchre-Landscape
"明_朱竺_梅茶山雀图_页_没骨,花鸟_花鸟_纸本_119.3cmX39.6cm_辽宁省博物馆_8f1793f4.jpg",明,朱竺,梅茶山雀图,页,没骨,花鸟,Mogu,FlowerBird,FlowerBird,Mogu-FlowerBird,Mogu-FlowerBird
"明_朱耷_墨荷图 _页_写意,花鸟_写意,花,花朵,荷花,叶子,荷叶,石头,水,水面,草,花枝,文字,印章_纸本_183.9cmX91.8cm _ _5f4f749e.jpg",明,朱耷,墨荷图,页,写意,花鸟,Xieyi,FlowerBird,FlowerBird,Xieyi-FlowerBird,Xieyi-FlowerBird
"明_李从训_牡丹春满图_页_工笔,花鸟_花鸟_ _26cmX46cm_北京故宫博物馆_c81afb57.jpg",明,李从训,牡丹春满图,页,工笔,花鸟,Gongbi,FlowerBird,FlowerBird,Gongbi-FlowerBird,Gongbi-FlowerBird
"明_李因_芙蓉鸳鸯图_轴_写意,花鸟_花鸟_绢本_138.9cmX47.8cm _ _9a3c7b26.jpg",明,李因,芙蓉鸳鸯图,轴,写意,花鸟,Xieyi,FlowerBird,FlowerBird,Xieyi-FlowerBird,Xieyi-FlowerBird
"明_李在_山庄高逸图 _轴_水墨,山水_ _绢本_188.8cmX109.1cm _ _2c478a87.jpg",明,李在,山庄高逸图,轴,水墨,山水,Ink,Landscape,Landscape,Ink-Landscape,Ink-Landscape
"明_李在_阔渚遥峰图_轴_水墨,山水_  _  _  _ _df79607b.jpg",明,李在,阔渚遥峰图,轴,水墨,山水,Ink,Landscape,Landscape,Ink-Landscape,Ink-Landscape
"明_李士达_三驼图 _轴_写意,人物_ _纸本_78.5cmX30.3cm _ _bdf24130.jpg",明,李士达,三驼图,轴,写意,人物,Xieyi,Figure,Figure,Xieyi-Figure,Xieyi-Figure
"明_李希颜_盘车图册_页_水墨,山水_ _绢本_12.7cmX17.1cm _ _2289b209.jpg",明,李希颜,盘车图册,页,水墨,山水,Ink,Landscape,Landscape,Ink-Landscape,Ink-Landscape
"明_李永昌_山水图_轴_水墨,山水_纸本_101cmX46.3cm _ _7a0c0bdb.jpg",明,李永昌,山水图,轴,水墨,山水,Ink,Landscape,Landscape,Ink-Landscape,Ink-Landscape
"明_李流芳_山水手卷_卷_水墨,山水_山水_纸本_29.2cmX347.4cm _ _0cd5930b.jpg",明,李流芳,山水手卷,卷,水墨,山水,Ink,Landscape,Landscape,Ink-Landscape,Ink-Landscape
"明_杜大成_人物草虫图_卷_工笔,人物_人物,草虫_纸本_30cmX336cm_辽宁博物馆_a6002681.jpg",明,杜大成,人物草虫图,卷,工笔,人物,Gongbi,Figure,Figure,Gongbi-Figure,Gongbi-Figure
"明_杜大成_花蝶草虫_页_没骨,花鸟_树叶,花,叶子,虫子,蝴蝶,印章,花枝,枝子 _  _  _ _560c0e7b.jpg",明,杜大成,花蝶草虫,页,没骨,花鸟,Mogu,FlowerBird,FlowerBird,Mogu-FlowerBird,Mogu-FlowerBird
"明_杜大成_花蝶草虫_页_没骨,花鸟_花,叶子,花枝,枝子,白花,蝴蝶,印章 _  _  _ _49eac0c8.jpg",明,杜大成,花蝶草虫,页,没骨,花鸟,Mogu,FlowerBird,FlowerBird,Mogu-FlowerBird,Mogu-FlowerBird
"明_杜大成_花蝶草虫_页_没骨,花鸟_花,草,花枝,枝子,蝴蝶,树叶,叶子,印章 _  _  _ _04ddb533.jpg",明,杜大成,花蝶草虫,页,没骨,花鸟,Mogu,FlowerBird,FlowerBird,Mogu-FlowerBird,Mogu-FlowerBird
"明_杜大成_花蝶草虫_页_没骨,花鸟_草,叶子,虫子,花,印章 _  _  _ _2157bb26.jpg",明,杜大成,花蝶草虫,页,没骨,花鸟,Mogu,FlowerBird,FlowerBird,Mogu-FlowerBird,Mogu-FlowerBird
"明_杜大成_花蝶草虫_页_没骨,花鸟_草,虫子,蜻蜓,蟋蟀 _  _  _ _38e1dd66.jpg",明,杜大成,花蝶草虫,页,没骨,花鸟,Mogu,FlowerBird,FlowerBird,Mogu-FlowerBird,Mogu-FlowerBird
"明_杜大成_花蝶草虫_页_没骨,花鸟_虫子,蜻蜓,草,叶子,花,草地,文字,印章 _  _  _ _f89be01a.jpg",明,杜大成,花蝶草虫,页,没骨,花鸟,Mogu,FlowerBird,FlowerBird,Mogu-FlowerBird,Mogu-FlowerBird
"明_杨士贤_寒山飞瀑_页_水墨,山水_山水 _ _44cmX49cm _ _46392820.jpg",明,杨士贤,寒山飞瀑,页,水墨,山水,Ink,Landscape,Landscape,Ink-Landscape,Ink-Landscape
"明_林良_双鹰图 _轴_写意,花鸟_花鸟_绢本_66.8cmX120cm _ _f57ccf79.jpg",明,林良,双鹰图,轴,写意,花鸟,Xieyi,FlowerBird,FlowerBird,Xieyi-FlowerBird,Xieyi-FlowerBird
"明_林良_孔雀图_轴_写意,花鸟_花鸟_绢本_155.3cmX78cm _ _3b344a69.jpg",明,林良,孔雀图,轴,写意,花鸟,Xieyi,FlowerBird,FlowerBird,Xieyi-FlowerBird,Xieyi-FlowerBird
"明_林良_花鸟图_轴_写意,花鸟_花鸟 _ _247cmX50cm_上海博物馆_ad4fca33.jpg",明,林良,花鸟图,轴,写意,花鸟,Xieyi,FlowerBird,FlowerBird,Xieyi-FlowerBird,Xieyi-FlowerBird
"明_林良_荷塘集禽图_轴_写意,花鸟 _ _152cmX65cm _ _10fd499b.jpg",明,林良,荷塘集禽图,轴,写意,花鸟,Xieyi,FlowerBird,FlowerBird,Xieyi-FlowerBird,Xieyi-FlowerBird
"明_檀芝瑞_竹图 _页_水墨,山水_竹 _ _25.8cmX21cm _ _54ce3861.jpg",明,檀芝瑞,竹图,页,水墨,山水,Ink,Landscape,Landscape,Ink-Landscape,Ink-Landscape
"明_汪中_得趣在人册_页_浅绛,山水_山,群山,树,树林,树枝,石头,房屋,屋子,河流,人物,印章__11b6d0e7.jpg",明,汪中,得趣在人册,页,浅绛,山水,LightOchre,Landscape,Landscape,LightOchre-Landscape,LightOchre-Landscape
"明_汪肇_柳禽白鹇_轴_工笔,花鸟_花鸟_绢本_173.5cmX94.5cm _ _a4efae03.jpg",明,汪肇,柳禽白鹇,轴,工笔,花鸟,Gongbi,FlowerBird,FlowerBird,Gongbi-FlowerBird,Gongbi-FlowerBird
"明_沈周_东庄图册_页_浅绛,山水_地面,坡地,山地,树,树丛,树枝,树叶,松树,石头,草,草丛,桥_72b93c46.jpg",明,沈周,东庄图册,页,浅绛,山水,LightOchre,Landscape,Landscape,LightOchre-Landscape,LightOchre-Landscape
"明_沈周_东庄图册_页_浅绛,山水_地面,山地,树,树丛,树叶,树枝,草,竹,竹林,石头,桥梁,房屋_9ff83d3e.jpg",明,沈周,东庄图册,页,浅绛,山水,LightOchre,Landscape,Landscape,LightOchre-Landscape,LightOchre-Landscape
"明_沈周_东庄图册_页_浅绛,山水_山,山地,树,树丛,树枝,树叶,石头,草,水生植物,荷花,莲花,_58353a94.jpg",明,沈周,东庄图册,页,浅绛,山水,LightOchre,Landscape,Landscape,LightOchre-Landscape,LightOchre-Landscape
"明_沈周_东庄图册_页_浅绛,山水_山,山地,石头,树,树林,树叶,树枝,草,茂草,房屋,亭子,村舍,桥梁,船,围墙,瓦片,石阶,人物,印章_纸本_ _ _南京博物院_81cd46db.jpg",明,沈周,东庄图册,页,浅绛,山水,LightOchre,Landscape,Landscape,LightOchre-Landscape,LightOchre-Landscape
"明_沈周_东庄图册_页_浅绛,山水_山,山地,石头,草,树,树枝,柳树,花,河流,水草,人工建筑,船_abc1dc0e.jpg",明,沈周,东庄图册,页,浅绛,山水,LightOchre,Landscape,Landscape,LightOchre-Landscape,LightOchre-Landscape
"明_沈周_东庄图册_页_浅绛,山水_山,山地,草,草地,树,树林,树叶,树枝,房屋,茅屋,船_纸本_ _ _南京博物院_9df826fd.jpg",明,沈周,东庄图册,页,浅绛,山水,LightOchre,Landscape,Landscape,LightOchre-Landscape,LightOchre-Landscape
"明_沈周_东庄图册_页_浅绛,山水_山,山群,地面,竹,竹林,河流,房屋,村舍_纸本_ _ _南京博物院_f4c0ecbf.jpg",明,沈周,东庄图册,页,浅绛,山水,LightOchre,Landscape,Landscape,LightOchre-Landscape,LightOchre-Landscape
"明_沈周_东庄图册_页_浅绛,山水_山,山群,山地,树,树丛,树枝,树叶,草,荒草,溪流,桥梁,木桥_a13989e2.jpg",明,沈周,东庄图册,页,浅绛,山水,LightOchre,Landscape,Landscape,LightOchre-Landscape,LightOchre-Landscape
"明_沈周_东庄图册_页_浅绛,山水_山,山群,山地,树,树枝,树叶,石头,房子,房顶,人物_纸本_ _e70ca1e6.jpg",明,沈周,东庄图册,页,浅绛,山水,LightOchre,Landscape,Landscape,LightOchre-Landscape,LightOchre-Landscape
"明_沈周_东庄图册_页_浅绛,山水_山,山群,山地,石头,巨石,树林,树枝,树叶,草,围墙,篱笆,鹤_0ecf7a96.jpg",明,沈周,东庄图册,页,浅绛,山水,LightOchre,Landscape,Landscape,LightOchre-Landscape,LightOchre-Landscape
"明_沈周_京江送别图_轴_水墨,山水_ _绢_28cmX159cm_ _952ed297.jpg",明,沈周,京江送别图,轴,水墨,山水,Ink,Landscape,Landscape,Ink-Landscape,Ink-Landscape
"明_沈周_伥立远眺_轴_水墨,山水_ _纸本_ _ _f0e26b47.jpg",明,沈周,伥立远眺,轴,水墨,山水,Ink,Landscape,Landscape,Ink-Landscape,Ink-Landscape
"明_沈周_卧游图_没骨,花鸟_树枝,柳树,留白,昆虫,蝉,文字,印章_纸本_ _页__f3ae5245.jpg",明,沈周,卧游图,"没骨,花鸟",没骨,花鸟,Mogu,FlowerBird,FlowerBird,Mogu-FlowerBird,Mogu-FlowerBird
"明_沈周_卧游图_没骨,花鸟_树枝,树叶,果树,文字,印章_纸本_ _页__9aa779a1.jpg",明,沈周,卧游图,"没骨,花鸟",没骨,花鸟,Mogu,FlowerBird,FlowerBird,Mogu-FlowerBird,Mogu-FlowerBird
"明_沈周_卧游图_没骨,花鸟_树枝,留白,树叶,果树,石榴,文字,印章_纸本_ _页__c8e54567.jpg",明,沈周,卧游图,"没骨,花鸟",没骨,花鸟,Mogu,FlowerBird,FlowerBird,Mogu-FlowerBird,Mogu-FlowerBird
"明_沈周_卧游图_没骨,花鸟_树枝,花,留白,花瓣,杏花,粉花,盛开花,文字,印章_纸本_ _页__b4377680.jpg",明,沈周,卧游图,"没骨,花鸟",没骨,花鸟,Mogu,FlowerBird,FlowerBird,Mogu-FlowerBird,Mogu-FlowerBird
"明_沈周_卧游图_没骨,花鸟_植物,花,黄花,文字,印章_纸本_ _页__6ee64d37.jpg",明,沈周,卧游图,"没骨,花鸟",没骨,花鸟,Mogu,FlowerBird,FlowerBird,Mogu-FlowerBird,Mogu-FlowerBird
"明_沈周_卧游图_没骨,花鸟_禽鸟类,留白,鸟,文字,印章_纸本_ _页__f23280a3.jpg",明,沈周,卧游图,"没骨,花鸟",没骨,花鸟,Mogu,FlowerBird,FlowerBird,Mogu-FlowerBird,Mogu-FlowerBird
"明_沈周_卧游图_没骨,花鸟_花,枝干,留白,叶子,花瓣,盛开花,白花,文字,印章_纸本_ _页__34bba869.jpg",明,沈周,卧游图,"没骨,花鸟",没骨,花鸟,Mogu,FlowerBird,FlowerBird,Mogu-FlowerBird,Mogu-FlowerBird
"明_沈周_卧游图_没骨,花鸟_花,花瓣,盛开花,黄花,叶子,枝干,文字,印章_纸本_ _页__ceb0620e.jpg",明,沈周,卧游图,"没骨,花鸟",没骨,花鸟,Mogu,FlowerBird,FlowerBird,Mogu-FlowerBird,Mogu-FlowerBird
"明_沈周_卧游图_页_浅绛,山水_山,山群,河流,石头,树,树枝,文字,印章_纸本_ _页__525293f9.jpg",明,沈周,卧游图,页,浅绛,山水,LightOchre,Landscape,Landscape,LightOchre-Landscape,LightOchre-Landscape
"明_沈周_卧游图_页_浅绛,山水_山,山群,石头,河流,树,树叶,树枝,草,地被植物,船,人物,文字_42d6157c.jpg",明,沈周,卧游图,页,浅绛,山水,LightOchre,Landscape,Landscape,LightOchre-Landscape,LightOchre-Landscape
"明_沈周_卧游图_页_浅绛,山水_山,群页_浅绛,山水_山,山地,水,流水,树,树林,树叶,树枝,雾_5a08cb1b.jpg",明,沈周,卧游图,页,浅绛,山水,LightOchre,Landscape,Landscape,LightOchre-Landscape,LightOchre-Landscape
"明_沈周_卧游图_页_浅绛,山水_山地,石头,草,树,树枝,树叶,人物,文字,印章_纸本_ _页__06248a99.jpg",明,沈周,卧游图,页,浅绛,山水,LightOchre,Landscape,Landscape,LightOchre-Landscape,LightOchre-Landscape
"明_沈周_卧游图_页_浅绛,山水_树,树林,树叶,树枝,页_浅绛,山水_山,山群,石头,人物,行人,文字,印章_纸本_ _页__3ad0d22b.jpg",明,沈周,卧游图,页,浅绛,山水,LightOchre,Landscape,Landscape,LightOchre-Landscape,LightOchre-Landscape
"明_沈周_四季花卉_卷_工笔,花鸟_花卉_纸本_27.5cmX504.8cm _ _097ba3cf.jpg",明,沈周,四季花卉,卷,工笔,花鸟,Gongbi,FlowerBird,FlowerBird,Gongbi-FlowerBird,Gongbi-FlowerBird
"明_沈周_四松图册_册页_浅绛,山水__纸本_60.3cmX154cm _ __fcb6dbee.jpg",明,沈周,四松图册,册页,浅绛,山水,LightOchre,Landscape,Landscape,LightOchre-Landscape,LightOchre-Landscape
"明_沈周_垂钓_纸本_水墨,山水_ _绢本_60cmX50.63cm_ _b24a52cd.jpg",明,沈周,垂钓,纸本,水墨,山水,Ink,Landscape,Landscape,Ink-Landscape,Ink-Landscape
"明_沈周_山水册_页_水墨,山水_山水_纸本_29cmX34cm _ _0b63586f.jpg",明,沈周,山水册,页,水墨,山水,Ink,Landscape,Landscape,Ink-Landscape,Ink-Landscape
"明_沈周_山水图_页_水墨,山水_轴_山水_纸_32cmX114cm _ _07301cb4.jpg",明,沈周,山水图,页,水墨,山水,Ink,Landscape,Landscape,Ink-Landscape,Ink-Landscape
"明_沈周_庐山高图_轴_水墨,山水_ _绢本_193.8cmX98cm_台北博物馆_635a3537.jpg",明,沈周,庐山高图,轴,水墨,山水,Ink,Landscape,Landscape,Ink-Landscape,Ink-Landscape
"明_沈周_扇面集_扇面_水墨,山水_  _  _  _ _0836f0a4.jpg",明,沈周,扇面集,扇面,水墨,山水,Ink,Landscape,Landscape,Ink-Landscape,Ink-Landscape
"明_沈周_春云叠嶂_轴_水墨,山水_ _纸本_152cmX43cm_北京故宫博物院_6a2c6bda.jpg",明,沈周,春云叠嶂,轴,水墨,山水,Ink,Landscape,Landscape,Ink-Landscape,Ink-Landscape
"明_沈周_杏林飛燕圖 _扇面_写意,花鸟_花鸟 _  _  _ _63202e41.jpg",明,沈周,杏林飛燕圖,扇面,写意,花鸟,Xieyi,FlowerBird,FlowerBird,Xieyi-FlowerBird,Xieyi-FlowerBird
"明_沈周_杖藜远眺 _页_水墨,山水_ _纸本_38.7cmX60.3cm _ _203d05dd.jpg",明,沈周,杖藜远眺,页,水墨,山水,Ink,Landscape,Landscape,Ink-Landscape,Ink-Landscape
"明_沈周_桃花书屋 _页_水墨,山水_ _纸本_74.5cmX30.6cm _ _f430451c.jpg",明,沈周,桃花书屋,页,水墨,山水,Ink,Landscape,Landscape,Ink-Landscape,Ink-Landscape
"明_沈周_樹陰垂釣圖_扇面_浅绛,山水_山水,人物 _  _  _ _acc0546f.jpg",明,沈周,樹陰垂釣圖,扇面,浅绛,山水,LightOchre,Landscape,Landscape,LightOchre-Landscape,LightOchre-Landscape
"明_沈周_瓶荷图_轴_没骨,花鸟_ _纸本_144.3cmX60.7cm_天津博物馆_7385c313.jpg",明,沈周,瓶荷图,轴,没骨,花鸟,Mogu,FlowerBird,FlowerBird,Mogu-FlowerBird,Mogu-FlowerBird
"明_沈周_田椿萱图(二版)_页_浅绛,山水_ _绢本_93.6cmX171.4cm_ _ffaaa79e.jpg",明,沈周,田椿萱图(二版),页,浅绛,山水,LightOchre,Landscape,Landscape,LightOchre-Landscape,LightOchre-Landscape
"明_沈周_疎林亭子圖_浅绛,山水_  _  _  _  _ _8b0617c5.jpg",明,沈周,疎林亭子圖,"浅绛,山水",浅绛,山水,LightOchre,Landscape,Landscape,LightOchre-Landscape,LightOchre-Landscape
"明_沈周_盆菊幽赏图_卷_浅绛,山水_ _纸本_23.4cmX86cm_ _b1fa6bad.jpg",明,沈周,盆菊幽赏图,卷,浅绛,山水,LightOchre,Landscape,Landscape,LightOchre-Landscape,LightOchre-Landscape
"明_沈周_石竹图_页_水墨,山水_ _花鸟_纸本_60cmX48cm _ _ebf01054.jpg",明,沈周,石竹图,页,水墨,山水,Ink,Landscape,Landscape,Ink-Landscape,Ink-Landscape
"明_沈周_秋葵圖_扇面_没骨,花鸟_花鸟 _  _  _ _d2bba98e.jpg",明,沈周,秋葵圖,扇面,没骨,花鸟,Mogu,FlowerBird,FlowerBird,Mogu-FlowerBird,Mogu-FlowerBird
"明_沈周_芝石圖 _扇面_写意,花鸟_  _  _  _ _83ef074e.jpg",明,沈周,芝石圖,扇面,写意,花鸟,Xieyi,FlowerBird,FlowerBird,Xieyi-FlowerBird,Xieyi-FlowerBird
"明_沈周_西山雨观图_页_水墨,山水_卷 _ _纸本_25.2cmX105.8cm_北京故宫博物院_467008a1.jpg",明,沈周,西山雨观图,页,水墨,山水,Ink,Landscape,Landscape,Ink-Landscape,Ink-Landscape
"明_沈周_辛夷墨菜图_页_写意,花鸟_卷 _ _纸本 _ _北京故宫博物院_8dab5ef2.jpg",明,沈周,辛夷墨菜图,页,写意,花鸟,Xieyi,FlowerBird,FlowerBird,Xieyi-FlowerBird,Xieyi-FlowerBird
"明_沈周_雨江名胜图册_册页_浅绛,山水_ _  _  _  _ _28b854ab.jpg",明,沈周,雨江名胜图册,册页,浅绛,山水,LightOchre,Landscape,Landscape,LightOchre-Landscape,LightOchre-Landscape
"明_沈周_青园图_页_浅绛,山水_ _纸本_19.1cmX188.7cm_旅顺博物馆_8348aebd.jpg",明,沈周,青园图,页,浅绛,山水,LightOchre,Landscape,Landscape,LightOchre-Landscape,LightOchre-Landscape
"明_沈周_青山红树图_页_浅绛,山水_ _山水_绢_65cmX147.2cm_天津博物馆_792b791d.jpg",明,沈周,青山红树图,页,浅绛,山水,LightOchre,Landscape,Landscape,LightOchre-Landscape,LightOchre-Landscape
"明_沈士充_山水圖_轴_水墨,山水_山水_纸本_35cmX65cm_ _4a1bd5c3.jpg",明,沈士充,山水圖,轴,水墨,山水,Ink,Landscape,Landscape,Ink-Landscape,Ink-Landscape
"明_沈贞_竹炉山房_轴_浅绛,山水_ _纸本_115.5cmX35cm _ _0e30445b.jpg",明,沈贞,竹炉山房,轴,浅绛,山水,LightOchre,Landscape,Landscape,LightOchre-Landscape,LightOchre-Landscape
"明_沈贞_竹炉山房_轴_浅绛,山水_ _纸本_115.5cmX35cm_辽宁博物馆_242d736c.jpg",明,沈贞,竹炉山房,轴,浅绛,山水,LightOchre,Landscape,Landscape,LightOchre-Landscape,LightOchre-Landscape
"明_王世昌_俯瞰激流图_轴_水墨,山水_  _ _33cmX53cm _ _cc67eddf.jpg",明,王世昌,俯瞰激流图,轴,水墨,山水,Ink,Landscape,Landscape,Ink-Landscape,Ink-Landscape
"明_王守谦_千雁图_卷_水墨,山水_ _纸本_32cmX890.1cm _ _93390601.jpg",明,王守谦,千雁图,卷,水墨,山水,Ink,Landscape,Landscape,Ink-Landscape,Ink-Landscape
"明_王时敏_丛林曲调图_页_水墨,山水_轴_山林,山,山群,雾气,雾,石头,山路,水,水面,河岸,树,树林,树枝,树叶,建筑,房子,亭子,桥,文字,印章_纸本_100cmX52.5cm _ _8f8c4efc.jpg",明,王时敏,丛林曲调图,页,水墨,山水,Ink,Landscape,Landscape,Ink-Landscape,Ink-Landscape
"明_王时敏_书画十六开_页_浅绛,山水_页_水墨,山水_写意,山,山林,山地,地面,水,水面,石头,河岸,建筑,房子,围墙,树,树林,树枝,树叶,叶子,文字, 印章_纸本_32cmX48cm _ _ce8d8cbc.jpg",明,王时敏,书画十六开,页,浅绛,山水,LightOchre,Landscape,Landscape,LightOchre-Landscape,LightOchre-Landscape
"明_王时敏_书画十六开_页_浅绛,山水_页_水墨,山水_山,山林,山地,山路,路面,建筑,房子,桥,水,水面,云,雾,云朵,雾气,河岸,文字,印章_纸本_48cmX32cm _ _d70ef018.jpg",明,王时敏,书画十六开,页,浅绛,山水,LightOchre,Landscape,Landscape,LightOchre-Landscape,LightOchre-Landscape
"明_王时敏_仿黄子久山水 _页_水墨,山水_山,山林,山地,地面,草地,河岸,山路,雾气,云朵,石头,树,树林,树叶,树枝,树木,文字,山群_绢本_44cmX78cm _ _cbd72f7f.jpg",明,王时敏,仿黄子久山水,页,水墨,山水,Ink,Landscape,Landscape,Ink-Landscape,Ink-Landscape
"明_王时敏_山楼客话图 _页_水墨,山水_ _纸本_52.4cmX116.3cm _ _4032390a.jpg",明,王时敏,山楼客话图,页,水墨,山水,Ink,Landscape,Landscape,Ink-Landscape,Ink-Landscape
"明_王时敏_山水十开_页_水墨,山水_页_水墨,山水_山,山林,山群,树,树林,树枝,水,水面,水流,雾气,文字,印章_纸本_22.5cmX27.5cm _ _26507f69.jpg",明,王时敏,山水十开,页,水墨,山水,Ink,Landscape,Landscape,Ink-Landscape,Ink-Landscape
"明_王时敏_山水十开_页_水墨,山水_页_水墨,山水_山,山林,是偶,山路,树,树林,树叶,树枝,水,水流,文字,印章_纸本_22.5cmX27.5cm _ _abe84e2b.jpg",明,王时敏,山水十开,页,水墨,山水,Ink,Landscape,Landscape,Ink-Landscape,Ink-Landscape
"明_王时敏_山水十开_页_水墨,山水_页_水墨,山水_山,山林,树,输了你,地面,草地,草,树叶,树枝,石头,文字,印章_纸本_22.5cmX27.5cm _ _65f047ca.jpg",明,王时敏,山水十开,页,水墨,山水,Ink,Landscape,Landscape,Ink-Landscape,Ink-Landscape
"明_王时敏_山水十开_页_水墨,山水_页_水墨,山水_山,山林,树叶,树,树林,雾气,建筑,房子,水,水面,石头,河岸,文字,印章_纸本_22.5cmX27.5cm _ _fd656d3c.jpg",明,王时敏,山水十开,页,水墨,山水,Ink,Landscape,Landscape,Ink-Landscape,Ink-Landscape
"明_王时敏_山水十开_页_水墨,山水_页_水墨,山水_山,山林,水,水面,树,树林,树叶,桥,建筑,房子,文字,印章_纸本_22.5cmX27.5cm _ _9faa10f8.jpg",明,王时敏,山水十开,页,水墨,山水,Ink,Landscape,Landscape,Ink-Landscape,Ink-Landscape
"明_王时敏_山水十开_页_青绿,山水_页_浅绛,山水_山,山林,地面,云,雾气,云朵,树,树林,山群,建筑,房子,水,水面,文字,印章_纸本_22.5cmX27.5cm _ _95eba96e.jpg",明,王时敏,山水十开,页,浅绛,山水,LightOchre,Landscape,Landscape,LightOchre-Landscape,LightOchre-Landscape
"明_王时敏_山水十开_页_青绿,山水_页_浅绛,山水_山,山林,山群,雾,雾气,水,水流,水面,建筑,桥,房子,石头,树,树林,文字,印章_纸本_22.5cmX27.5cm _ _651290c7.jpg",明,王时敏,山水十开,页,浅绛,山水,LightOchre,Landscape,Landscape,LightOchre-Landscape,LightOchre-Landscape
"明_王绂_山亭文会图 _页_水墨,山水_ _纸本_219cmX87.6cm _ _4ed03a6f.jpg",明,王绂,山亭文会图,页,水墨,山水,Ink,Landscape,Landscape,Ink-Landscape,Ink-Landscape
"明_王谦_冰魂冷蕊图 _页_水墨,山水_ _绢本_186cmX111cm _ _3486b9f9.jpg",明,王谦,冰魂冷蕊图,页,水墨,山水,Ink,Landscape,Landscape,Ink-Landscape,Ink-Landscape
"明_王鉴_仿古山二_页_水墨,山水_山,山林,云,云朵,树,树林,地面,建筑,桥,水,水面_纸本_22cmX31cm _ _ea6c1525.jpg",明,王鉴,仿古山二,页,水墨,山水,Ink,Landscape,Landscape,Ink-Landscape,Ink-Landscape
"明_王鉴_仿古山二_页_水墨,山水_山,山林,山群,树,树林,树木,树叶,树枝,建筑,桥,亭子,水,石头,水面,文字,印章_纸本_30.2cmX36.5cm _ _5973df30.jpg",明,王鉴,仿古山二,页,水墨,山水,Ink,Landscape,Landscape,Ink-Landscape,Ink-Landscape
"明_王鉴_仿古山二_页_水墨,山水_山,山林,山群,水,水面,树,树林,石头,草,山路,文字,印章_纸本_30.2cmX36.5cm _ _468cdaa4.jpg",明,王鉴,仿古山二,页,水墨,山水,Ink,Landscape,Landscape,Ink-Landscape,Ink-Landscape
"明_王鉴_仿古山二_页_水墨,山水_山,山林,山群,石头,树,树林,水,水面,山路,建筑,房子,水,水面,雾气,雾,文字,印章_纸本_22cmX31cm _ _37941ffc.jpg",明,王鉴,仿古山二,页,水墨,山水,Ink,Landscape,Landscape,Ink-Landscape,Ink-Landscape
"明_王鉴_仿古山二_页_水墨,山水_山,山林,山群,石头,树,树林,草,建筑,房子,文字,水,水面,_bece2b1a.jpg",明,王鉴,仿古山二,页,水墨,山水,Ink,Landscape,Landscape,Ink-Landscape,Ink-Landscape
"明_王鉴_仿古山二_页_水墨,山水_山,山林,树,树林,树叶,地面,石头,建筑,房子,河岸,水,水面,文字,印章_纸本_22cmX31cm _ _2f29f6d7.jpg",明,王鉴,仿古山二,页,水墨,山水,Ink,Landscape,Landscape,Ink-Landscape,Ink-Landscape
"明_王鉴_仿古山二_页_水墨,山水_山,山林,石头,树,树林,树叶,建筑,物资,桥,山路,水,水面,山群,文字,印章_纸本_22cmX31cm _ _33e8ecbb.jpg",明,王鉴,仿古山二,页,水墨,山水,Ink,Landscape,Landscape,Ink-Landscape,Ink-Landscape
"明_王鉴_仿古山二_页_水墨,山水_山,山林,石头,水,水面,树,树木,树林,云,云朵,雾气,文字,印章_纸本_22cmX31cm _ _7ee30f3c.jpg",明,王鉴,仿古山二,页,水墨,山水,Ink,Landscape,Landscape,Ink-Landscape,Ink-Landscape
"明_王鉴_仿古山二_页_水墨,山水_山,山林,石头,河岸,建筑,物资,桥,树,树林,雾气,树,水,水面,文字,印章_纸本_30.2cmX36.5cm _ _a028a5bd.jpg",明,王鉴,仿古山二,页,水墨,山水,Ink,Landscape,Landscape,Ink-Landscape,Ink-Landscape
"明_王鉴_仿古山二_页_水墨,山水_山,山林,石头,草,草地,树,树林,陆地,水,水面,文字,印章_纸本_22cmX31cm _ _f9ab4d5e.jpg",明,王鉴,仿古山二,页,水墨,山水,Ink,Landscape,Landscape,Ink-Landscape,Ink-Landscape
"明_王鉴_仿古山二_页_水墨,山水_山,石头,地面,水,水面,建筑,亭子,树,树林,树枝,树叶,文字,印章_纸本_22cmX31cm _ _0d76a23e.jpg",明,王鉴,仿古山二,页,水墨,山水,Ink,Landscape,Landscape,Ink-Landscape,Ink-Landscape
"明_王鉴_仿古山二_页_水墨,山水_山林,山,石头,水,水流,建筑,桥,房屋,树,树林,水面,文字,印章_纸本_22cmX31cm _ _77505b5d.jpg",明,王鉴,仿古山二,页,水墨,山水,Ink,Landscape,Landscape,Ink-Landscape,Ink-Landscape
"明_王鉴_仿古山二_页_水墨,山水_树,树林,建筑,亭子,山,山林,石头,地面,水,水面,文字,印章_纸本_30.2cmX36.5cm _ _0e431481.jpg",明,王鉴,仿古山二,页,水墨,山水,Ink,Landscape,Landscape,Ink-Landscape,Ink-Landscape
"明_王鉴_仿古山二_页_水墨,山水_石头,山,建筑,房子,石头,水,水面,树,树林,山群,文字,印章_纸本_22cmX31cm _ _46b6e78b.jpg",明,王鉴,仿古山二,页,水墨,山水,Ink,Landscape,Landscape,Ink-Landscape,Ink-Landscape
"明_王鉴_仿古山二_页_水墨,山水_石头,山林,山,山群,树,树林,水,水面,山路,文字,印章,雾气_纸本_22cmX31cm _ _bfd0ef0f.jpg",明,王鉴,仿古山二,页,水墨,山水,Ink,Landscape,Landscape,Ink-Landscape,Ink-Landscape
"明_王鉴_仿古山水 _页_浅绛,山水_山,山林,山群,建筑,桥,房子,山路,地面,水,水面,树林,树,树叶,文字,印章_纸本_30.2cmX36.5cm _ _581363c7.jpg",明,王鉴,仿古山水,页,浅绛,山水,LightOchre,Landscape,Landscape,LightOchre-Landscape,LightOchre-Landscape
"明_王鉴_仿古山水_页_浅绛,山水_山,山林,山路,建筑,房子,水,水面,石头,树,树林,山群,文字_56088de7.jpg",明,王鉴,仿古山水,页,浅绛,山水,LightOchre,Landscape,Landscape,LightOchre-Landscape,LightOchre-Landscape
"明_王鉴_仿古山水二 _页_浅绛,山水_山,山林,山地,陆地,水,水面,船,树,树林,树叶,树枝,云,云朵,雾气,草地,文字,印章_纸本_22cmX31cm _ _4f700d66.jpg",明,王鉴,仿古山水二,页,浅绛,山水,LightOchre,Landscape,Landscape,LightOchre-Landscape,LightOchre-Landscape
"明_王鉴_仿梅道人山水册_页_水墨,山水_ _山,山林,山群,地面,河岸,草地,树,树林,水,水面,雾气,树叶,树枝,文字,印章_纸本_42.6cmX78.1cm _ _a6b810d4.jpg",明,王鉴,仿梅道人山水册,页,水墨,山水,Ink,Landscape,Landscape,Ink-Landscape,Ink-Landscape
"明_王鉴_仿范宽山水_轴_水墨,山水_山,山林,水,水流,雾气,树,树林,石头,建筑,院子,文字,印章_纸本_98.3cmX206.9cm _ _66be3f5d.jpg",明,王鉴,仿范宽山水,轴,水墨,山水,Ink,Landscape,Landscape,Ink-Landscape,Ink-Landscape
"明_王鉴_富春山居册_页_水墨,山水_ _山,山林,水,水面,石头,树,树林,树叶,文字,印章_纸本_50.9cmX118.1cm _ _d47985e6.jpg",明,王鉴,富春山居册,页,水墨,山水,Ink,Landscape,Landscape,Ink-Landscape,Ink-Landscape
"明_王鉴_岭上白云图 _页_水墨,山水_山,山林,云,云朵,树,树林,石头,建筑,房子,树叶,山群,印章_绢本_50.6cmX143.7cm _ _f09d72b7.jpg",明,王鉴,岭上白云图,页,水墨,山水,Ink,Landscape,Landscape,Ink-Landscape,Ink-Landscape
"明_盛茂烨_山水图_页_水墨,山水_山,山群,山地,树,树丛,树叶,树枝,石头,兽类,马,人物,河流_8fb4866d.jpg",明,盛茂烨,山水图,页,水墨,山水,Ink,Landscape,Landscape,Ink-Landscape,Ink-Landscape
"明_盛茂烨_山水图_页_水墨,山水_山,山群,树,树,树枝,树叶,河流,房屋,茅屋,篱笆,桥梁,人物_6cdf305f.jpg",明,盛茂烨,山水图,页,水墨,山水,Ink,Landscape,Landscape,Ink-Landscape,Ink-Landscape
"明_盛茂烨_山水图_页_水墨,山水_山,山群,树,树丛,树枝,树叶,房屋,茅屋,人物,台阶_绢本_54cmX58cm_页__7d1b69f4.jpg",明,盛茂烨,山水图,页,水墨,山水,Ink,Landscape,Landscape,Ink-Landscape,Ink-Landscape
"明_盛茂烨_山水图_页_水墨,山水_山,山群,树,树丛,树枝,树叶,河流,房屋,茅屋,人物_绢本_5_59d83b68.jpg",明,盛茂烨,山水图,页,水墨,山水,Ink,Landscape,Landscape,Ink-Landscape,Ink-Landscape
"明_盛茂烨_山水图_页_水墨,山水_树林,石头,山群,河流,草,印章,文字_绢本_54cmX58cm_a8dee80f.jpg",明,盛茂烨,山水图,页,水墨,山水,Ink,Landscape,Landscape,Ink-Landscape,Ink-Landscape
"明_盛颖_马嗜烟雨图_页_浅绛,山水_马、烟雨_绢本_28.3cmX56.84cm _ __f7793a61.jpg",明,盛颖,马嗜烟雨图,页,浅绛,山水,LightOchre,Landscape,Landscape,LightOchre-Landscape,LightOchre-Landscape
"明_石涛_设色山水册_页_水墨,山水_山水,下雨,草,草地,树,树木,树林,树叶,树枝,人,人物,水,水面,船,印章_纸本_30cmX35cm _ _b9166b82.jpg",明,石涛,设色山水册,页,水墨,山水,Ink,Landscape,Landscape,Ink-Landscape,Ink-Landscape
"明_石涛_设色山水册_页_水墨,山水_山水,山,山林,山群,建筑,房子,树木,树枝,树林,水,水流,雾气,印章_纸本_30cmX35cm _ _8b63f7db.jpg",明,石涛,设色山水册,页,水墨,山水,Ink,Landscape,Landscape,Ink-Landscape,Ink-Landscape
"明_石涛_设色山水册_页_水墨,山水_山水,山,树,树枝,柳树,船,人,人物,水,芦苇,芦苇丛,云朵,雾气,印章_纸本_30cmX35cm _ _fddafdf7.jpg",明,石涛,设色山水册,页,水墨,山水,Ink,Landscape,Landscape,Ink-Landscape,Ink-Landscape
"明_石涛_设色山水册_页_水墨,山水_山水,山,水,水流,雾,云,云朵,雾气,草,建筑,屋子,屋顶,云,云朵,印章_纸本_30cmX35cm _ _6d6028d6.jpg",明,石涛,设色山水册,页,水墨,山水,Ink,Landscape,Landscape,Ink-Landscape,Ink-Landscape
"明_石涛_设色山水册_页_水墨,山水_山水,山,石头,山林,建筑,亭子,人物,草,印章,雾气_纸本_30cmX35cm _ _adfef7ec.jpg",明,石涛,设色山水册,页,水墨,山水,Ink,Landscape,Landscape,Ink-Landscape,Ink-Landscape
"明_石涛_设色山水册_页_水墨,山水_山水,建筑,房子,石头,树,树木,树林,水,水面,山,山林,山群,草,印章_纸本_30cmX35cm _ _dbe15585.jpg",明,石涛,设色山水册,页,水墨,山水,Ink,Landscape,Landscape,Ink-Landscape,Ink-Landscape
"明_石涛_设色山水册_页_水墨,山水_山水,树,树林,石头,山,草,叶子,船帆,雾气,云朵,文字,印章_纸本_30cmX35cm _ _bd6d11b7.jpg",明,石涛,设色山水册,页,水墨,山水,Ink,Landscape,Landscape,Ink-Landscape,Ink-Landscape
"明_石涛_设色山水册_页_水墨,山水_山水,石头,山,山林,树,树木,树林,水,水面,云,云朵,印章_纸本_30cmX35cm _ _bf49320a.jpg",明,石涛,设色山水册,页,水墨,山水,Ink,Landscape,Landscape,Ink-Landscape,Ink-Landscape
"明_石涛_设色山水册_页_水墨,山水_山水,石头,山,河岸,水,水面,云,雾气,树,树林,树木,树页,建筑,房子,水流,印章,地面_纸本_30cmX35cm _ _a649607f.jpg",明,石涛,设色山水册,页,水墨,山水,Ink,Landscape,Landscape,Ink-Landscape,Ink-Landscape
"明_石涛_设色山水册_页_浅绛,山水_山水,树,树林,石头,山,山林,山群,水,水面,云,雾气,印章_纸本_30cmX35cm _ _e5fc787b.jpg",明,石涛,设色山水册,页,浅绛,山水,LightOchre,Landscape,Landscape,LightOchre-Landscape,LightOchre-Landscape
"明_石芮_轩辕问道图_卷_浅绛,山水_  _ _32cmX152cm_台北故宫_8ec30999.jpg",明,石芮,轩辕问道图,卷,浅绛,山水,LightOchre,Landscape,Landscape,LightOchre-Landscape,LightOchre-Landscape
"明_祁豸佳_仿董源笔意图_轴_水墨,山水_ _绢本_126cmX46cm _ _7590895f.jpg",明,祁豸佳,仿董源笔意图,轴,水墨,山水,Ink,Landscape,Landscape,Ink-Landscape,Ink-Landscape
"明_萧云从_山水图_轴_浅绛,山水_山水 _ _67cmX52cm _ _b1decabe.jpg",明,萧云从,山水图,轴,浅绛,山水,LightOchre,Landscape,Landscape,LightOchre-Landscape,LightOchre-Landscape
"明_萧云从_秋山行旅图_卷_浅绛,山水_ _纸本_25.4cmX551.8cm_东京博物馆_f61e6a40.jpg",明,萧云从,秋山行旅图,卷,浅绛,山水,LightOchre,Landscape,Landscape,LightOchre-Landscape,LightOchre-Landscape
"明_董其昌_九峰寒翠图_轴_水墨,山水_山水_绢本_46cmX123.5cm_ _9aae65e3.jpg",明,董其昌,九峰寒翠图,轴,水墨,山水,Ink,Landscape,Landscape,Ink-Landscape,Ink-Landscape
"明_董其昌_仿古山水_页_浅绛,山水_山,山林,云,云朵,建筑,桥,树,树林,树叶,山群,河岸,水,水面,文字_纸本 _  _ _d13cad23.jpg",明,董其昌,仿古山水,页,浅绛,山水,LightOchre,Landscape,Landscape,LightOchre-Landscape,LightOchre-Landscape
"明_董其昌_仿古山水_页_浅绛,山水_山,山林,云,云朵,树,树林,树叶,石头,地面,水面,建筑,亭子,屋子,文字,印章_纸本 _  _ _21541335.jpg",明,董其昌,仿古山水,页,浅绛,山水,LightOchre,Landscape,Landscape,LightOchre-Landscape,LightOchre-Landscape
"明_董其昌_仿古山水_页_浅绛,山水_山,山林,树,树木,树林,树叶,水,水流,水面,建筑,房子,文字,印章_纸本 _  _ _cd616c6b.jpg",明,董其昌,仿古山水,页,浅绛,山水,LightOchre,Landscape,Landscape,LightOchre-Landscape,LightOchre-Landscape
"明_董其昌_仿古山水_页_浅绛,山水_山,山林,树,树林,石头,水面,河岸,水,文字,云朵,印章_纸本 _  _ _8dac1308.jpg",明,董其昌,仿古山水,页,浅绛,山水,LightOchre,Landscape,Landscape,LightOchre-Landscape,LightOchre-Landscape
"明_董其昌_仿古山水_页_浅绛,山水_山,山林,水,水面,草地,草,树,树叶,文字,印章_纸本 _ _4f843c46.jpg",明,董其昌,仿古山水,页,浅绛,山水,LightOchre,Landscape,Landscape,LightOchre-Landscape,LightOchre-Landscape
"明_董其昌_仿古山水_页_浅绛,山水_山,山林,石头,树,树林,地面,水面,水,云,云朵,草,草地,文字,印章_纸本 _  _ _ace30a06.jpg",明,董其昌,仿古山水,页,浅绛,山水,LightOchre,Landscape,Landscape,LightOchre-Landscape,LightOchre-Landscape
"明_董其昌_仿古山水_页_浅绛,山水_山,山林,石头,水,水面,地面,草地,叶子,树叶,树,树林,文字,印章_纸本 _  _ _75cbc1bb.jpg",明,董其昌,仿古山水,页,浅绛,山水,LightOchre,Landscape,Landscape,LightOchre-Landscape,LightOchre-Landscape
"明_董其昌_仿古山水_页_浅绛,山水_树,树林,树叶,山,山林,水,水面,建筑,亭子,文字,印章_纸本 _  _ _af38ae38.jpg",明,董其昌,仿古山水,页,浅绛,山水,LightOchre,Landscape,Landscape,LightOchre-Landscape,LightOchre-Landscape
"明_董其昌_仿古山水册_页_水墨,山水_山,石头,山林,树,树林,水面,建筑,房子,树叶,文字,印章 _  _  _ _bf293ecf.jpg",明,董其昌,仿古山水册,页,水墨,山水,Ink,Landscape,Landscape,Ink-Landscape,Ink-Landscape
"明_董其昌_仿古山水册_页_浅绛,山水_山,山林,树,树林,树木,树叶,流水,水面,水,文字,印章 _  _ _纳尔逊博物馆_537539f6.jpg",明,董其昌,仿古山水册,页,浅绛,山水,LightOchre,Landscape,Landscape,LightOchre-Landscape,LightOchre-Landscape
"明_董其昌_仿古山水册_页_浅绛,山水_山,树,树林,水,湖面,水面,建筑,房子,树叶,文字,印章 _  _  _ _3673d4fc.jpg",明,董其昌,仿古山水册,页,浅绛,山水,LightOchre,Landscape,Landscape,LightOchre-Landscape,LightOchre-Landscape
"明_董其昌_仿古山水册_页_浅绛,山水_山,石头,山林,树,树林,云,云朵,水面,桥,建筑,亭子,树叶,文字,印章 _  _  _ _bc21ac03.jpg",明,董其昌,仿古山水册,页,浅绛,山水,LightOchre,Landscape,Landscape,LightOchre-Landscape,LightOchre-Landscape
"明_董其昌_仿古山水册_页_浅绛,山水_山,石头,山林,树,树林,水,湖面,水面,建筑,亭子,树叶,文字,印章 _  _  _ _ac15cc3a.jpg",明,董其昌,仿古山水册,页,浅绛,山水,LightOchre,Landscape,Landscape,LightOchre-Landscape,LightOchre-Landscape
"明_董其昌_仿古山水册_页_浅绛,山水_山,石头,山林,树,树林,水,湖面,水面,建筑,房子,树叶,文字,印章 _  _  _ _1bb12a49.jpg",明,董其昌,仿古山水册,页,浅绛,山水,LightOchre,Landscape,Landscape,LightOchre-Landscape,LightOchre-Landscape
"明_董其昌_仿古山水册_页_浅绛,山水_山,石头,山林,树,水,湖面,水面,建筑,房子,树叶,文字,印章 _  _  _ _8a597ea9.jpg",明,董其昌,仿古山水册,页,浅绛,山水,LightOchre,Landscape,Landscape,LightOchre-Landscape,LightOchre-Landscape
"明_董其昌_仿宋元人缩本画_页_浅绛,山水_山,山林,山川,山群,树,树林,树木,亭子,房子,建筑,水面,湖面,水 _  _  _ _a23486a5.jpg",明,董其昌,仿宋元人缩本画,页,浅绛,山水,LightOchre,Landscape,Landscape,LightOchre-Landscape,LightOchre-Landscape
"明_董其昌_仿宋元人缩本画_页_浅绛,山水_山林,山群,树,树林,石头,湖面,云,云朵,建筑,房子 _  _  _ _06f5d0a8.jpg",明,董其昌,仿宋元人缩本画,页,浅绛,山水,LightOchre,Landscape,Landscape,LightOchre-Landscape,LightOchre-Landscape
"明_董其昌_仿宋元人缩本画_页_浅绛,山水_树,树林,树木,树叶,建筑,房子,人,人群,石头,水流,水,山,山林,山群 _  _  _ _e980b434.jpg",明,董其昌,仿宋元人缩本画,页,浅绛,山水,LightOchre,Landscape,Landscape,LightOchre-Landscape,LightOchre-Landscape
"明_董其昌_仿宋元人缩本画_页_浅绛,山水_水,水面,湖面,江面,是偶,山,山林,建筑,桥,房子,树,树林,河岸,陆地 _  _  _ _bed36fca.jpg",明,董其昌,仿宋元人缩本画,页,浅绛,山水,LightOchre,Landscape,Landscape,LightOchre-Landscape,LightOchre-Landscape
"明_董其昌_仿黄子久江山秋霁图_卷_浅绛,山水_ _绢本_30cmX109cm _ _18112375.jpg",明,董其昌,仿黄子久江山秋霁图,卷,浅绛,山水,LightOchre,Landscape,Landscape,LightOchre-Landscape,LightOchre-Landscape
"明_董其昌_仿黄子久江山秋霁图_卷轴_水墨,山水_山水_纸本_ _ _e0bc786c.jpg",明,董其昌,仿黄子久江山秋霁图,卷轴,水墨,山水,Ink,Landscape,Landscape,Ink-Landscape,Ink-Landscape
"明_董其昌_佘山游境图_轴_水墨,山水_ _纸本_98.4cmX41cm_ _d78b424f.jpg",明,董其昌,佘山游境图,轴,水墨,山水,Ink,Landscape,Landscape,Ink-Landscape,Ink-Landscape
"明_董其昌_山水_轴_浅绛,山水_山,水面,流水,水,云,树,树林,树木,建筑,桥,山林,文字_纸本_70cmX42cm _ _a924ec89.jpg",明,董其昌,山水,轴,浅绛,山水,LightOchre,Landscape,Landscape,LightOchre-Landscape,LightOchre-Landscape
"明_董其昌_山水_页_水墨,山水_山,山林,树,树林,云,云朵,雾气,雾,石头,建筑,桥,河岸,水,水面,文字,印章_绢本 _  _ _97d34c7c.jpg",明,董其昌,山水,页,水墨,山水,Ink,Landscape,Landscape,Ink-Landscape,Ink-Landscape
"明_董其昌_山水_页_水墨,山水_山,山林,树木,树,树林,建筑,房子,水,水面,文字,印章_纸本_32cmX21cm _ _62dbb72f.jpg",明,董其昌,山水,页,水墨,山水,Ink,Landscape,Landscape,Ink-Landscape,Ink-Landscape
"明_董其昌_山水_页_水墨,山水_山,水面,水,山林,树,树林,树木,建筑,房子,桥,河岸,文字,印章_纸本_32cmX21cm _ _673ffeb4.jpg",明,董其昌,山水,页,水墨,山水,Ink,Landscape,Landscape,Ink-Landscape,Ink-Landscape
"明_董其昌_山水_页_浅绛,山水_山,山林,水,水面,建筑,房子,树,树林,树木,河岸,文字,印章_纸本_32cmX21cm _ _1cc5b33e.jpg",明,董其昌,山水,页,浅绛,山水,LightOchre,Landscape,Landscape,LightOchre-Landscape,LightOchre-Landscape
"明_董其昌_山水_页_浅绛,山水_山,山林,石头,树,树林,树木,树叶,建筑,房子,路,路面,文字,印章_绢本 _  _ _f341cdfd.jpg",明,董其昌,山水,页,浅绛,山水,LightOchre,Landscape,Landscape,LightOchre-Landscape,LightOchre-Landscape
"明_董其昌_山水_页_浅绛,山水_山林,山,石头,水,水面,云,树,树林,树木,桥,建筑,文字,印章_纸本_32cmX21cm _ _579050ea.jpg",明,董其昌,山水,页,浅绛,山水,LightOchre,Landscape,Landscape,LightOchre-Landscape,LightOchre-Landscape
"明_董其昌_山水_页_浅绛,山水_山林,山,石头,水,水面,树,树林,山地,地面,建筑,亭子,文字,印章_绢本 _  _ _f43c5c75.jpg",明,董其昌,山水,页,浅绛,山水,LightOchre,Landscape,Landscape,LightOchre-Landscape,LightOchre-Landscape
"明_董其昌_山水_页_浅绛,山水_树,树林,树木,山,山林,水,水面,树叶,石头,文字,印章_绢本 _  _ _4a7b12f7.jpg",明,董其昌,山水,页,浅绛,山水,LightOchre,Landscape,Landscape,LightOchre-Landscape,LightOchre-Landscape
"明_董其昌_山水册_页_水墨,山水_地面,石头,山,山头,地面,草地,云,云朵,水,水面,印章 _  _  _ _b6365f21.jpg",明,董其昌,山水册,页,水墨,山水,Ink,Landscape,Landscape,Ink-Landscape,Ink-Landscape
"明_董其昌_山水册_页_水墨,山水_山,山林,树,树木,树林,水面,河岸,石头,建筑,房子,文字,印章 _  _  _ _0b0868cc.jpg",明,董其昌,山水册,页,水墨,山水,Ink,Landscape,Landscape,Ink-Landscape,Ink-Landscape
"明_董其昌_山水册_页_水墨,山水_山,山林,树,树林,树叶,石头,水,水面,文字,印章 _  _ _北京故宫博物馆_f0c75fcd.jpg",明,董其昌,山水册,页,水墨,山水,Ink,Landscape,Landscape,Ink-Landscape,Ink-Landscape
"明_董其昌_山水册_页_水墨,山水_山,山林,水,水面,树,树林,石头,草地,文字,印章 _  _ _北京故宫博物馆_3f96cca9.jpg",明,董其昌,山水册,页,水墨,山水,Ink,Landscape,Landscape,Ink-Landscape,Ink-Landscape
"明_董其昌_山水册_页_水墨,山水_山,山林,石头,树,树林,建筑,山路,建筑,房子,水,水流,水面 _  _ _北京故宫博物馆_13df2dcd.jpg",明,董其昌,山水册,页,水墨,山水,Ink,Landscape,Landscape,Ink-Landscape,Ink-Landscape
"明_董其昌_山水册_页_水墨,山水_山林,山,树木,树林,建筑,房子,亭子,山,水面,草,水,文字,印章 _  _  _ _87c4c4d9.jpg",明,董其昌,山水册,页,水墨,山水,Ink,Landscape,Landscape,Ink-Landscape,Ink-Landscape
"明_董其昌_山水册_页_水墨,山水_树,树林,建筑,亭子,河岸,石头,山,山林,水,水面 _  _ _北京故宫博物馆_a0989af7.jpg",明,董其昌,山水册,页,水墨,山水,Ink,Landscape,Landscape,Ink-Landscape,Ink-Landscape
"明_董其昌_山水册_页_水墨,山水_水面,建筑,房子,石头,地面,树,树木,山,山林,树叶,印章 _  _  _ _7b0f38cf.jpg",明,董其昌,山水册,页,水墨,山水,Ink,Landscape,Landscape,Ink-Landscape,Ink-Landscape
"明_董其昌_山水册_页_水墨,山水_河岸,水面,水,船,建筑,房子,树木,树,树林,文字,印章 _  _  _ _c99a3046.jpg",明,董其昌,山水册,页,水墨,山水,Ink,Landscape,Landscape,Ink-Landscape,Ink-Landscape
"明_董其昌_山水册_页_水墨,山水_石头,山,树,树木,树叶,水,水面,山林,树林,印章,文字 _  _  _ _d935cfb5.jpg",明,董其昌,山水册,页,水墨,山水,Ink,Landscape,Landscape,Ink-Landscape,Ink-Landscape
"明_董其昌_山水册_页_浅绛,山水_山,山林,树,树林,树木,草地,建筑,树叶,叶子,云,云朵,文字,印章 _  _  _ _bc1af10a.jpg",明,董其昌,山水册,页,浅绛,山水,LightOchre,Landscape,Landscape,LightOchre-Landscape,LightOchre-Landscape
"明_董其昌_山水册_页_浅绛,山水_山,水面,水,树,树林,树木,树叶,草,草地,石头,文字, 印章 _  _  _ _64ccf607.jpg",明,董其昌,山水册,页,浅绛,山水,LightOchre,Landscape,Landscape,LightOchre-Landscape,LightOchre-Landscape
"明_董其昌_山水册_页_浅绛,山水_山,石头,水流,流水,水,树叶,树枝,树,文字,印章 _  _  _ _0d529ec8.jpg",明,董其昌,山水册,页,浅绛,山水,LightOchre,Landscape,Landscape,LightOchre-Landscape,LightOchre-Landscape
"明_董其昌_山水册_页_浅绛,山水_山,石头,流水,水,树,树木,树林,文字,印章 _  _  _ _dcca48fa.jpg",明,董其昌,山水册,页,浅绛,山水,LightOchre,Landscape,Landscape,LightOchre-Landscape,LightOchre-Landscape
"明_董其昌_山水图册_页_水墨,山水_山,山林,双页,印章,文字 _  _ _北京故宫博物馆_996c4260.jpg",明,董其昌,山水图册,页,水墨,山水,Ink,Landscape,Landscape,Ink-Landscape,Ink-Landscape
"明_董其昌_山水图册_页_水墨,山水_山,山林,树,树林,水,水面,地面,文字,印章,双页 _  _ _北京故宫博物馆_58d936f6.jpg",明,董其昌,山水图册,页,水墨,山水,Ink,Landscape,Landscape,Ink-Landscape,Ink-Landscape
"明_董其昌_山水图册_页_水墨,山水_山,山林,树,树林,水,水面,草,文字,印章 _  _ _北京故宫博物馆_679ef88b.jpg",明,董其昌,山水图册,页,水墨,山水,Ink,Landscape,Landscape,Ink-Landscape,Ink-Landscape
"明_董其昌_山水图册_页_水墨,山水_山,山林,树,树林,石头,水,水面,文本,印章,双页 _  __4803f1f5.jpg",明,董其昌,山水图册,页,水墨,山水,Ink,Landscape,Landscape,Ink-Landscape,Ink-Landscape
"明_董其昌_山水图册_页_水墨,山水_山,山林,水,水面,树,树林,云,云朵,文本,印章,双页 _  _ _北京故宫博物馆_dad9f794.jpg",明,董其昌,山水图册,页,水墨,山水,Ink,Landscape,Landscape,Ink-Landscape,Ink-Landscape
"明_董其昌_山水图册_页_水墨,山水_山群,云,云朵,地面,草地,树,树林,树叶,山,山林,双页,印章,文字 _  _ _北京故宫博物馆_b6f2650e.jpg",明,董其昌,山水图册,页,水墨,山水,Ink,Landscape,Landscape,Ink-Landscape,Ink-Landscape
"明_董其昌_山水图册_页_水墨,山水_树,树林,建筑,亭子,水,水面,石头,山,山林,双页,印章,文字 _  _ _北京故宫博物馆_aaa36cf1.jpg",明,董其昌,山水图册,页,水墨,山水,Ink,Landscape,Landscape,Ink-Landscape,Ink-Landscape
"明_董其昌_潇湘白云图_卷_轴_水墨,山水_纸本_30.6cmX258cm_ _e62e23b3.jpg",明,董其昌,潇湘白云图,卷,水墨,山水,Ink,Landscape,Landscape,Ink-Landscape,Ink-Landscape
"明_董其昌_疏林远岫图_轴_水墨,山水_山水_纸本_38.3cmX98.4cm_ _01fcb20b.jpg",明,董其昌,疏林远岫图,轴,水墨,山水,Ink,Landscape,Landscape,Ink-Landscape,Ink-Landscape
"明_董其昌_芳树遥峰图_轴_水墨,山水_ _纸本_28.7cmX85cm_ _718b1cd6.jpg",明,董其昌,芳树遥峰图,轴,水墨,山水,Ink,Landscape,Landscape,Ink-Landscape,Ink-Landscape
"明_董其昌_荆溪招隐图_轴_水墨,山水_ _纸本_26cmX92.6cm_大都会博物馆_130d69d4.jpg",明,董其昌,荆溪招隐图,轴,水墨,山水,Ink,Landscape,Landscape,Ink-Landscape,Ink-Landscape
"明_董其昌_葑泾仿古图_轴_水墨,山水_ _纸本_79.72cmX30.25cm_ _bdba8054.jpg",明,董其昌,葑泾仿古图,轴,水墨,山水,Ink,Landscape,Landscape,Ink-Landscape,Ink-Landscape
"明_蒋乾_仿王蒙山水_轴_水墨,山水_山水_ _94cmX35cm_台北博物馆_79a10912.jpg",明,蒋乾,仿王蒙山水,轴,水墨,山水,Ink,Landscape,Landscape,Ink-Landscape,Ink-Landscape
"明_蒋嵩_冬景图_卷_水墨,山水_ _ _ _ _cab62319.jpg",明,蒋嵩,冬景图,卷,水墨,山水,Ink,Landscape,Landscape,Ink-Landscape,Ink-Landscape
"明_蒋嵩_竹下抱琴_扇面_写意,人物__ _ _ _ _749a7bca.jpg",明,蒋嵩,竹下抱琴,扇面,写意,人物,Xieyi,Figure,Figure,Xieyi-Figure,Xieyi-Figure
"明_蓝瑛_仿宋元册_页_浅绛,山水_山林,松树,石头,溪流,花,印章,文字_ _ _页_大都会博物馆_c613edfd.jpg",明,蓝瑛,仿宋元册,页,浅绛,山水,LightOchre,Landscape,Landscape,LightOchre-Landscape,LightOchre-Landscape
"明_蓝瑛_仿宋元册_页_浅绛,山水_山林,树,亭子,印章,文字_ _ _页_大都会博物馆_762ae6f9.jpg",明,蓝瑛,仿宋元册,页,浅绛,山水,LightOchre,Landscape,Landscape,LightOchre-Landscape,LightOchre-Landscape
"明_蓝瑛_仿宋元册_页_浅绛,山水_山林,树,亭子,溪流,草,印章,文字_ _ _页_大都会博物馆_41caaa88.jpg",明,蓝瑛,仿宋元册,页,浅绛,山水,LightOchre,Landscape,Landscape,LightOchre-Landscape,LightOchre-Landscape
"明_蓝瑛_仿宋元册_页_浅绛,山水_山林,树,河流,草,印章,文字_纸本_ _大都会博物馆_1c44635a.jpg",明,蓝瑛,仿宋元册,页,浅绛,山水,LightOchre,Landscape,Landscape,LightOchre-Landscape,LightOchre-Landscape
"明_蓝瑛_仿宋元册_页_浅绛,山水_山林,树林,石头,溪流,草,花,印章,文字_ _ _页_大都会博物馆_002ba21f.jpg",明,蓝瑛,仿宋元册,页,浅绛,山水,LightOchre,Landscape,Landscape,LightOchre-Landscape,LightOchre-Landscape
"明_蓝瑛_仿宋元册_页_浅绛,山水_山林,针叶树,亭子,溪流,草_ _ _页_大都会博物馆_ec229a90.jpg",明,蓝瑛,仿宋元册,页,浅绛,山水,LightOchre,Landscape,Landscape,LightOchre-Landscape,LightOchre-Landscape
"明_蓝瑛_仿宋元册_页_浅绛,山水_山群,树,浮云,印章,文字_ _ _页_大都会博物馆_11ce5788.jpg",明,蓝瑛,仿宋元册,页,浅绛,山水,LightOchre,Landscape,Landscape,LightOchre-Landscape,LightOchre-Landscape
"明_蓝瑛_仿宋元册_页_浅绛,山水_山群,树林,亭子,木桥,印章,文字_ _ _页_大都会博物馆_269daf58.jpg",明,蓝瑛,仿宋元册,页,浅绛,山水,LightOchre,Landscape,Landscape,LightOchre-Landscape,LightOchre-Landscape
"明_蓝瑛_仿张僧繇山水图_页_浅绛,山水_山水_绢_54cmX33cm _ _217827bc.jpg",明,蓝瑛,仿张僧繇山水图,页,浅绛,山水,LightOchre,Landscape,Landscape,LightOchre-Landscape,LightOchre-Landscape
"明_蓝瑛_山水人物图_轴_水墨,山水_山水,人物_绢本_40cmX118.8cm_ _17f3028d.jpg",明,蓝瑛,山水人物图,轴,水墨,山水,Ink,Landscape,Landscape,Ink-Landscape,Ink-Landscape
"明_蓝瑛_山水册_页_浅绛,山水_山林,树,河流,竹林,芦苇_绢本_26.4cmX37.2cm_ __f12cf3d8.jpg",明,蓝瑛,山水册,页,浅绛,山水,LightOchre,Landscape,Landscape,LightOchre-Landscape,LightOchre-Landscape
"明_蓝瑛_山水册_页_浅绛,山水_山林,树林,花,河流,亭子,行人,文字_绢本_26.4cmX37._0f0910fb.jpg",明,蓝瑛,山水册,页,浅绛,山水,LightOchre,Landscape,Landscape,LightOchre-Landscape,LightOchre-Landscape
"明_蓝瑛_山水册_页_浅绛,山水_山林,河流,亭子,树林,亭子,草,印章,文字_绢本_26.4cmX_06081544.jpg",明,蓝瑛,山水册,页,浅绛,山水,LightOchre,Landscape,Landscape,LightOchre-Landscape,LightOchre-Landscape
"明_蓝瑛_山水册_页_浅绛,山水_山林,石头,树,亭子,溪流,印章,文字,草_绢本_26.4cmX3_3b481aa4.jpg",明,蓝瑛,山水册,页,浅绛,山水,LightOchre,Landscape,Landscape,LightOchre-Landscape,LightOchre-Landscape
"明_蓝瑛_山水册_页_浅绛,山水_山群,树,石头,亭子,溪流,草,印章,文字_绢本_26.4cmX3_24d49d74.jpg",明,蓝瑛,山水册,页,浅绛,山水,LightOchre,Landscape,Landscape,LightOchre-Landscape,LightOchre-Landscape
"明_蓝瑛_山水册_页_浅绛,山水_山群,石头,草,树,河流,亭子,印章,文字_绢本_26.4cmX3_88e13044.jpg",明,蓝瑛,山水册,页,浅绛,山水,LightOchre,Landscape,Landscape,LightOchre-Landscape,LightOchre-Landscape
"明_蓝瑛_山水册_页_浅绛,山水_河流,山群,树林,亭子,草,木桥,竹林,印章,文字_绢本_26.4_1acccb57.jpg",明,蓝瑛,山水册,页,浅绛,山水,LightOchre,Landscape,Landscape,LightOchre-Landscape,LightOchre-Landscape
"明_蓝瑛_山水册_页_浅绛,山水_绢本_山林,花,针叶树,溪流,亭子,印章,文字_26.4cmX37_21f4abb0.jpg",明,蓝瑛,山水册,页,浅绛,山水,LightOchre,Landscape,Landscape,LightOchre-Landscape,LightOchre-Landscape
"明_蓝瑛_山水册_页_浅绛,山水_高山,树,花,行人,孩童,印章,文字_绢本_26.4cmX37.2_d820c511.jpg",明,蓝瑛,山水册,页,浅绛,山水,LightOchre,Landscape,Landscape,LightOchre-Landscape,LightOchre-Landscape
"明_蓝瑛_山水册_页_浅绛,山水_高山,树林,河流,石头,印章,文字,亭子_绢本_26.4cmX37_fb4d07dc.jpg",明,蓝瑛,山水册,页,浅绛,山水,LightOchre,Landscape,Landscape,LightOchre-Landscape,LightOchre-Landscape
"明_蓝瑛_山水图轴_轴_水墨,山水_山水_ _70cmX38cm_ _0703f16e.jpg",明,蓝瑛,山水图轴,轴,水墨,山水,Ink,Landscape,Landscape,Ink-Landscape,Ink-Landscape
"明_蓝瑛_山水圖_扇面_水墨,山水_山水_纸本_35cmX65cm_ _66ca39bd.jpg",明,蓝瑛,山水圖,扇面,水墨,山水,Ink,Landscape,Landscape,Ink-Landscape,Ink-Landscape
"明_蓝瑛_山水圖_扇面_轴_水墨,山水_山水,文字,印章,亭子_纸本_35cmX65cm_ _2aa6fe8e.jpg",明,蓝瑛,山水圖,扇面,水墨,山水,Ink,Landscape,Landscape,Ink-Landscape,Ink-Landscape
"明_蓝瑛_江皋飞雪图_轴_水墨,山水_山水,文字_绢本_148cmX46.7cm_ _1efcaccc.jpg",明,蓝瑛,江皋飞雪图,轴,水墨,山水,Ink,Landscape,Landscape,Ink-Landscape,Ink-Landscape
"明_蓝瑛_溪山秋色图_卷_浅绛,山水_山水_绢本_23.8cmX180cm _ _53576a86.jpg",明,蓝瑛,溪山秋色图,卷,浅绛,山水,LightOchre,Landscape,Landscape,LightOchre-Landscape,LightOchre-Landscape
"明_蓝瑛_溪山雪霁图_轴_浅绛,山水_山水_绢本_124cmX43cm _ _b5eb0328.jpg",明,蓝瑛,溪山雪霁图,轴,浅绛,山水,LightOchre,Landscape,Landscape,LightOchre-Landscape,LightOchre-Landscape
"明_蓝瑛_溪阁清言图_轴_浅绛,山水_ _绢本_167.5cmX48cm_ _111b9393.jpg",明,蓝瑛,溪阁清言图,轴,浅绛,山水,LightOchre,Landscape,Landscape,LightOchre-Landscape,LightOchre-Landscape
"明_蓝瑛_澄观图册_轴_水墨,山水_ _纸本_34cmX616cm_北京博物馆_6e7d4e10.jpg",明,蓝瑛,澄观图册,轴,水墨,山水,Ink,Landscape,Landscape,Ink-Landscape,Ink-Landscape
"明_蓝瑛_澄观图册_页_浅绛,山水_树,树林,树枝,树叶,水,水面,船,人,石头,文字,印章_纸本 _  _ _7bedd716.jpg",明,蓝瑛,澄观图册,页,浅绛,山水,LightOchre,Landscape,Landscape,LightOchre-Landscape,LightOchre-Landscape
"明_蓝瑛_秋山幽居图_卷_水墨,山水_ _ _26.3cmX246.5cm_旅顺博物馆_b43f2b8b.jpg",明,蓝瑛,秋山幽居图,卷,水墨,山水,Ink,Landscape,Landscape,Ink-Landscape,Ink-Landscape
"明_蓝瑛_秋色梧桐图_页_写意,花鸟_ _纸本_65cmX32cm_ _b8dc6cc9.jpg",明,蓝瑛,秋色梧桐图,页,写意,花鸟,Xieyi,FlowerBird,FlowerBird,Xieyi-FlowerBird,Xieyi-FlowerBird
"明_蓝瑛_雪溪图_轴_浅绛,山水_ _绫本_27cmX38cm_ _df7fb081.jpg",明,蓝瑛,雪溪图,轴,浅绛,山水,LightOchre,Landscape,Landscape,LightOchre-Landscape,LightOchre-Landscape
"明_藍瑛_溪閣清言图_轴_浅绛,山水_ _ _167.5cmX48.3cm_台北故宫博物馆_2baefa9c.jpg",明,藍瑛,溪閣清言图,轴,浅绛,山水,LightOchre,Landscape,Landscape,LightOchre-Landscape,LightOchre-Landscape
"明_计盛_货郎图_页_工笔,人物__ _绢本_191.5cmX99cm_ _f2b2e534.jpg",明,计盛,货郎图,页,工笔,人物,Gongbi,Figure,Figure,Gongbi-Figure,Gongbi-Figure
"明_谢时臣_仿王蒙山水图 _页_浅绛,山水_山水 _ _58.5cmX31.2cm_南京博物馆_a07744b6.jpg",明,谢时臣,仿王蒙山水图,页,浅绛,山水,LightOchre,Landscape,Landscape,LightOchre-Landscape,LightOchre-Landscape
"明_谢时臣_虎阜春晴图 _页_水墨,山水_ _纸本_162.4cmX39.2cm_辽宁省博物馆_e99e3e2d.jpg",明,谢时臣,虎阜春晴图,页,水墨,山水,Ink,Landscape,Landscape,Ink-Landscape,Ink-Landscape
"明_赖庵_鱼图_轴_工笔,花鸟_鱼_ _19.4cmX31cm_ _1fbda3e9.jpg",明,赖庵,鱼图,轴,工笔,花鸟,Gongbi,FlowerBird,FlowerBird,Gongbi-FlowerBird,Gongbi-FlowerBird
"明_郑石_画芙蓉白鹭_轴_工笔,花鸟_花鸟 _ _74cmX38cm_台北故宫博物院_26cb84e9.jpg",明,郑石,画芙蓉白鹭,轴,工笔,花鸟,Gongbi,FlowerBird,FlowerBird,Gongbi-FlowerBird,Gongbi-FlowerBird
"明_郭诩_上博画集_写意,人物_人物,坐卧,长袍,石头,印章,文字_纸本_ _ __48e42777.jpg",明,郭诩,上博画集,"写意,人物",写意,人物,Xieyi,Figure,Figure,Xieyi-Figure,Xieyi-Figure
"明_郭诩_上博画集_写意,人物_人物,长袍,坐卧,石头,印章_纸本_ _ __9e3af1c0.jpg",明,郭诩,上博画集,"写意,人物",写意,人物,Xieyi,Figure,Figure,Xieyi-Figure,Xieyi-Figure
"明_郭诩_上博画集_写意,人物_仙人,孩童,行走,浮云,印章,文字_纸本_ _ __a33ae53b.jpg",明,郭诩,上博画集,"写意,人物",写意,人物,Xieyi,Figure,Figure,Xieyi-Figure,Xieyi-Figure
"明_郭诩_上博画集_写意,人物_仙人,对话,长袍,浮云,印章_纸本_ _ __88da75ec.jpg",明,郭诩,上博画集,"写意,人物",写意,人物,Xieyi,Figure,Figure,Xieyi-Figure,Xieyi-Figure
"明_郭诩_上博画集_写意,人物_仙人,白鹭,长袍,印章,文字_纸本_ _ __73eace87.jpg",明,郭诩,上博画集,"写意,人物",写意,人物,Xieyi,Figure,Figure,Xieyi-Figure,Xieyi-Figure
"明_郭诩_上博画集_写意,人物_妖,恶灵,坐卧,文字_纸本_ _ __f30c2fe1.jpg",明,郭诩,上博画集,"写意,人物",写意,人物,Xieyi,Figure,Figure,Xieyi-Figure,Xieyi-Figure
"明_郭诩_上博画集_写意,人物_学者,坐卧,石头,竹林,草,印章,文字_纸本_ _ __8bd7c2e2.jpg",明,郭诩,上博画集,"写意,人物",写意,人物,Xieyi,Figure,Figure,Xieyi-Figure,Xieyi-Figure
"明_郭诩_上博画集_写意,人物_学者,坐卧,长袍,岩石,竹节,文字,印章_纸本_ _ __021eb138.jpg",明,郭诩,上博画集,"写意,人物",写意,人物,Xieyi,Figure,Figure,Xieyi-Figure,Xieyi-Figure
"明_郭诩_上博画集_写意,人物_学者,坐卧,长袍,文字,聚会_纸本_ _ __9765cafe.jpg",明,郭诩,上博画集,"写意,人物",写意,人物,Xieyi,Figure,Figure,Xieyi-Figure,Xieyi-Figure
"明_郭诩_上博画集_写意,人物_学者,坐卧,长袍,文字_纸本_ _ __f1a2c78a.jpg",明,郭诩,上博画集,"写意,人物",写意,人物,Xieyi,Figure,Figure,Xieyi-Figure,Xieyi-Figure
"明_郭诩_上博画集_写意,人物_学者,坐卧,长袍,龟,河流,石头,草,印章,文字_纸本_ _ __301f14ef.jpg",明,郭诩,上博画集,"写意,人物",写意,人物,Xieyi,Figure,Figure,Xieyi-Figure,Xieyi-Figure
"明_郭诩_上博画集_写意,人物_学者,对话,长袍,印章,文字_纸本_ _ __7982c616.jpg",明,郭诩,上博画集,"写意,人物",写意,人物,Xieyi,Figure,Figure,Xieyi-Figure,Xieyi-Figure
"明_郭诩_上博画集_写意,人物_学者,祈祷,长袍,枯树,草,篱笆,印章,文字_纸本_ _ __808cfe33.jpg",明,郭诩,上博画集,"写意,人物",写意,人物,Xieyi,Figure,Figure,Xieyi-Figure,Xieyi-Figure
"明_郭诩_上博画集_写意,人物_学者,祈祷,长袍,树,草_纸本_ _ __91309284.jpg",明,郭诩,上博画集,"写意,人物",写意,人物,Xieyi,Figure,Figure,Xieyi-Figure,Xieyi-Figure
"明_郭诩_上博画集_写意,人物_学者,长袍,坐卧,印章_纸本_ _ __866e44dc.jpg",明,郭诩,上博画集,"写意,人物",写意,人物,Xieyi,Figure,Figure,Xieyi-Figure,Xieyi-Figure
"明_郭诩_上博画集_写意,人物_学者,长袍,坐卧,羊,印章,文字_纸本_ _ __67b57226.jpg",明,郭诩,上博画集,"写意,人物",写意,人物,Xieyi,Figure,Figure,Xieyi-Figure,Xieyi-Figure
"明_郭诩_上博画集_写意,人物_学者,长袍,羊,石头,草,树,印章,文字_纸本_ _ __1a3275c1.jpg",明,郭诩,上博画集,"写意,人物",写意,人物,Xieyi,Figure,Figure,Xieyi-Figure,Xieyi-Figure
"明_郭诩_上博画集_写意,人物_孩童,坐卧,牛,印章,文字_纸本_ _ __ec576924.jpg",明,郭诩,上博画集,"写意,人物",写意,人物,Xieyi,Figure,Figure,Xieyi-Figure,Xieyi-Figure
"明_郭诩_上博画集_写意,人物_牧羊人,羊,印章,文字_纸本_ _ __6f2c6e8a.jpg",明,郭诩,上博画集,"写意,人物",写意,人物,Xieyi,Figure,Figure,Xieyi-Figure,Xieyi-Figure
"明_郭诩_上博画集_写意,人物_神怪,坐卧,石头,草,印章,文字_纸本_ _ __b61ba033.jpg",明,郭诩,上博画集,"写意,人物",写意,人物,Xieyi,Figure,Figure,Xieyi-Figure,Xieyi-Figure
"明_郭诩_上博画集_写意,人物_神怪,坐卧,蓑衣,印章,文字_ _ __d5770403.jpg",明,郭诩,上博画集,"写意,人物",写意,人物,Xieyi,Figure,Figure,Xieyi-Figure,Xieyi-Figure
"明_郭诩_上博画集_写意,人物_行人,坐卧,对话,长袍_纸本_ _ __99680c4f.jpg",明,郭诩,上博画集,"写意,人物",写意,人物,Xieyi,Figure,Figure,Xieyi-Figure,Xieyi-Figure
"明_郭诩_上博画集_写意,人物_行人,行走,长袍,恶灵_纸本_ _ __cec4a24c.jpg",明,郭诩,上博画集,"写意,人物",写意,人物,Xieyi,Figure,Figure,Xieyi-Figure,Xieyi-Figure
"明_郭诩_上博画集_写意,人物_行人,长袍,茂草,印章_纸本_ _ __6b36edc1.jpg",明,郭诩,上博画集,"写意,人物",写意,人物,Xieyi,Figure,Figure,Xieyi-Figure,Xieyi-Figure
"明_郭诩_上博画集_写意,人物_行人,鹿,长袍,石头,草_纸本_ _ __444507c6.jpg",明,郭诩,上博画集,"写意,人物",写意,人物,Xieyi,Figure,Figure,Xieyi-Figure,Xieyi-Figure
"明_郭诩_上博画集_写意,人物_骑马人,马,印章,文字_纸本_ _ __c16ebb3a.jpg",明,郭诩,上博画集,"写意,人物",写意,人物,Xieyi,Figure,Figure,Xieyi-Figure,Xieyi-Figure
"明_郭诩_上博画集_页_浅绛,山水_高山,峭壁,草,夕阳,印章_纸本_ _ __3a3442db.jpg",明,郭诩,上博画集,页,浅绛,山水,LightOchre,Landscape,Landscape,LightOchre-Landscape,LightOchre-Landscape
"明_郭诩_写意,人物_上博画集_写意,人物_学者,行走,草_纸本_ _ __9d9d064f.jpg",明,郭诩,"写意,人物",上博画集,写意,人物,Xieyi,Figure,Figure,Xieyi-Figure,Xieyi-Figure
"明_郭诩_琵琶行图_轴_工笔,人物_纸本_154cmX46.6cm_北京故宫博物院_76e1f515.jpg",明,郭诩,琵琶行图,轴,工笔,人物,Gongbi,Figure,Figure,Gongbi-Figure,Gongbi-Figure
"明_钱榖_竹亭对棋图_轴_写意,人物_ _纸本_62.1cmX32.3cm _ _8ad41a6e.jpg",明,钱榖,竹亭对棋图,轴,写意,人物,Xieyi,Figure,Figure,Xieyi-Figure,Xieyi-Figure
"明_钱贡_兰亭诗序图卷_卷_水墨,山水_ _绢本_34.3cmX462.9cm_大都会博物馆_a0d6671c.jpg",明,钱贡,兰亭诗序图卷,卷,水墨,山水,Ink,Landscape,Landscape,Ink-Landscape,Ink-Landscape
"明_陆包山 _ _轴__写意,花鸟_花鸟_纸本_43.1cmX119.7cm _ _715dab8c.jpg",明,陆包山,,轴,写意,花鸟,Xieyi,FlowerBird,FlowerBird,Xieyi-FlowerBird,Xieyi-FlowerBird
"明_陆治_牡丹图_轴_没骨,花鸟_花鸟_纸本_120cmX31.7cm _ _9ba1faa2.jpg",明,陆治,牡丹图,轴,没骨,花鸟,Mogu,FlowerBird,FlowerBird,Mogu-FlowerBird,Mogu-FlowerBird
"明_陆治_红杏野凫图_轴_没骨,花鸟_花鸟_纸本_125cmX55cm _ _4142068a.jpg",明,陆治,红杏野凫图,轴,没骨,花鸟,Mogu,FlowerBird,FlowerBird,Mogu-FlowerBird,Mogu-FlowerBird
"明_陆治_花卉_扇面_没骨,花鸟_花卉_纸本_31cmX61cm _ _9c61f8fc.jpg",明,陆治,花卉,扇面,没骨,花鸟,Mogu,FlowerBird,FlowerBird,Mogu-FlowerBird,Mogu-FlowerBird
"明_陆治_花鸟_扇面_没骨,花鸟_纸本_31cmX61cm _ _309055da.jpg",明,陆治,花鸟,扇面,没骨,花鸟,Mogu,FlowerBird,FlowerBird,Mogu-FlowerBird,Mogu-FlowerBird
"明_陆治_雪后访梅图_页_水墨,山水_ _纸本_76cmX40cm _ _b359e12c.jpg",明,陆治,雪后访梅图,页,水墨,山水,Ink,Landscape,Landscape,Ink-Landscape,Ink-Landscape
"明_陆逵_设色菊花_轴  _浅绛,山水_花鸟_绢本_48.4cmX169cm _ _6e853de4.jpg",明,陆逵,设色菊花,轴,浅绛,山水,LightOchre,Landscape,Landscape,LightOchre-Landscape,LightOchre-Landscape
"明_陈洪绶_花鸟精品册_册页_工笔,花鸟_含苞花,粉花,树叶,树枝,印章_纸本_ _克利夫兰博物馆_6c499181.jpg",明,陈洪绶,花鸟精品册,册页,工笔,花鸟,Gongbi,FlowerBird,FlowerBird,Gongbi-FlowerBird,Gongbi-FlowerBird
"明_陈洪绶_花鸟精品册_册页_工笔,花鸟_树,盛开花,白花,石头,山地,文字,印章_纸本_ _克利夫_addb4fdc.jpg",明,陈洪绶,花鸟精品册,册页,工笔,花鸟,Gongbi,FlowerBird,FlowerBird,Gongbi-FlowerBird,Gongbi-FlowerBird
"明_陈洪绶_花鸟精品册_册页_工笔,花鸟_树,石头,盛开花,白花,树叶,蝴蝶,鸟,山地,印章_纸本_ _克利夫兰博物馆_1966edb1.jpg",明,陈洪绶,花鸟精品册,册页,工笔,花鸟,Gongbi,FlowerBird,FlowerBird,Gongbi-FlowerBird,Gongbi-FlowerBird
"明_陈洪绶_花鸟精品册_册页_工笔,花鸟_树叶,树枝,荷花,白花,盛开花,含苞花,石头,水面,鸟,印_f87e0639.jpg",明,陈洪绶,花鸟精品册,册页,工笔,花鸟,Gongbi,FlowerBird,FlowerBird,Gongbi-FlowerBird,Gongbi-FlowerBird
"明_陈洪绶_花鸟精品册_册页_工笔,花鸟_盛开花,白花,树叶,蝴蝶,虫子,树枝,印章_纸本_ _克利夫兰博物馆_62c50976.jpg",明,陈洪绶,花鸟精品册,册页,工笔,花鸟,Gongbi,FlowerBird,FlowerBird,Gongbi-FlowerBird,Gongbi-FlowerBird
"明_陈洪绶_花鸟精品册_册页_工笔,花鸟_盛开花,白花,蝴蝶,树叶,蓝花,含苞花,树枝,印章_纸本__a81818b6.jpg",明,陈洪绶,花鸟精品册,册页,工笔,花鸟,Gongbi,FlowerBird,FlowerBird,Gongbi-FlowerBird,Gongbi-FlowerBird
"明_陈洪绶_花鸟精品册_册页_工笔,花鸟_石头,盛开花,白花,树叶,树枝,草,山地,印章_纸本_ _克利夫兰博物馆_2fd8f128.jpg",明,陈洪绶,花鸟精品册,册页,工笔,花鸟,Gongbi,FlowerBird,FlowerBird,Gongbi-FlowerBird,Gongbi-FlowerBird
"明_陈洪绶_花鸟精品册_册页_工笔,花鸟_虫子,枯树,树叶,石头,草_纸本_ _克利夫兰博物馆_2f2b5411.jpg",明,陈洪绶,花鸟精品册,册页,工笔,花鸟,Gongbi,FlowerBird,FlowerBird,Gongbi-FlowerBird,Gongbi-FlowerBird
"明_陈洪绶_花鸟精品册_册页_工笔,花鸟_鸟,树枝,树叶,白花,印章_纸本_ _克利夫兰博物馆_027fa296.jpg",明,陈洪绶,花鸟精品册,册页,工笔,花鸟,Gongbi,FlowerBird,FlowerBird,Gongbi-FlowerBird,Gongbi-FlowerBird
"明_陈洪绶_花鸟精品册_册页_工笔,花鸟_鸟,石头,树叶,树枝,草,印章_纸本_ _克利夫兰博物馆_c8a05f56.jpg",明,陈洪绶,花鸟精品册,册页,工笔,花鸟,Gongbi,FlowerBird,FlowerBird,Gongbi-FlowerBird,Gongbi-FlowerBird
"明_陈洪绶_荷花鸳鸯图_轴_工笔,花鸟_鸳鸯,荷花,盛开花,含苞花,粉花,树叶,树枝,石头,水,蝴蝶,青蛙,文字,印章_绢本_183cmX98.3cm_故宫博物馆_d940e37d.jpg",明,陈洪绶,荷花鸳鸯图,轴,工笔,花鸟,Gongbi,FlowerBird,FlowerBird,Gongbi-FlowerBird,Gongbi-FlowerBird
"明_陈洪绶_蕉林酌酒图_轴_工笔,人物_树,树叶,人物,坐卧,古装,石头,酒具,花,席子,文字,印章_9a529580.jpg",明,陈洪绶,蕉林酌酒图,轴,工笔,人物,Gongbi,Figure,Figure,Gongbi-Figure,Gongbi-Figure
"明_陈淳_山水图卷_卷_水墨,山水_山,房子,树,石头,水,人物,船,桥,文字,印章_纸本_32.7_e5e464e0.jpg",明,陈淳,山水图卷,卷,水墨,山水,Ink,Landscape,Landscape,Ink-Landscape,Ink-Landscape
"明_陈淳_牡丹花卉图_页_没骨,花鸟_牡丹,盛开花,白花,树叶,树枝,文字,印章_纸本_54.8cm_d0208027.jpg",明,陈淳,牡丹花卉图,页,没骨,花鸟,Mogu,FlowerBird,FlowerBird,Mogu-FlowerBird,Mogu-FlowerBird
"明_陈淳_着色花卉图_轴_没骨,花鸟_粉花,树叶,树枝,石头,草,文字,印章_绢本_ 113.4cm_8d7c83be.jpg",明,陈淳,着色花卉图,轴,没骨,花鸟,Mogu,FlowerBird,FlowerBird,Mogu-FlowerBird,Mogu-FlowerBird
"明_陈淳_花卉图_页_没骨,花鸟_含苞花,白花,盛开花,红花,橘花,树叶,树枝,印章_纸本_ _ _f47ab846.jpg",明,陈淳,花卉图,页,没骨,花鸟,Mogu,FlowerBird,FlowerBird,Mogu-FlowerBird,Mogu-FlowerBird
"明_陈淳_花卉图_页_没骨,花鸟_牵牛花,盛开花,蓝花,树叶,树枝,红花,草,印章_纸本_ _ _7fa841f2.jpg",明,陈淳,花卉图,页,没骨,花鸟,Mogu,FlowerBird,FlowerBird,Mogu-FlowerBird,Mogu-FlowerBird
"明_陈淳_花卉图_页_没骨,花鸟_盛开花,含苞花,橘花,树叶,印章_纸本_ _ _76ac1f2e.jpg",明,陈淳,花卉图,页,没骨,花鸟,Mogu,FlowerBird,FlowerBird,Mogu-FlowerBird,Mogu-FlowerBird
"明_陈淳_花卉图_页_没骨,花鸟_盛开花,含苞花,橘花,粉花,树叶,草,印章_纸本_ _ _2c038503.jpg",明,陈淳,花卉图,页,没骨,花鸟,Mogu,FlowerBird,FlowerBird,Mogu-FlowerBird,Mogu-FlowerBird
"明_陈淳_花卉图_页_没骨,花鸟_盛开花,橘花,树叶,树枝,草,印章_纸本_ _ _546a6532.jpg",明,陈淳,花卉图,页,没骨,花鸟,Mogu,FlowerBird,FlowerBird,Mogu-FlowerBird,Mogu-FlowerBird
"明_陈淳_花卉图_页_没骨,花鸟_盛开花,白花,红花,含苞花,树叶,石头,印章_纸本_ _ _20929bbc.jpg",明,陈淳,花卉图,页,没骨,花鸟,Mogu,FlowerBird,FlowerBird,Mogu-FlowerBird,Mogu-FlowerBird
"明_陈淳_花卉图_页_没骨,花鸟_盛开花,红花,树叶,白花,树枝,印章_纸本_ _ _01460c30.jpg",明,陈淳,花卉图,页,没骨,花鸟,Mogu,FlowerBird,FlowerBird,Mogu-FlowerBird,Mogu-FlowerBird
"明_陈淳_花卉图_页_没骨,花鸟_石头,盛开花,红花,白花,树叶,树枝,印章_纸本_ _ _2d11fbf2.jpg",明,陈淳,花卉图,页,没骨,花鸟,Mogu,FlowerBird,FlowerBird,Mogu-FlowerBird,Mogu-FlowerBird
"明_陈淳_花卉图_页_没骨,花鸟_石头,盛开花,红花,白花,树叶,草,树枝,印章_纸本_ _ _c836eb53.jpg",明,陈淳,花卉图,页,没骨,花鸟,Mogu,FlowerBird,FlowerBird,Mogu-FlowerBird,Mogu-FlowerBird
"明_陈淳_花卉图_页_没骨,花鸟_绣球花,盛开花,白花,粉花,树叶,树枝,印章_纸本_ _ _b14c9e91.jpg",明,陈淳,花卉图,页,没骨,花鸟,Mogu,FlowerBird,FlowerBird,Mogu-FlowerBird,Mogu-FlowerBird
"明_陈淳_花卉图_页_没骨,花鸟_花,粉花,白花,盛开花,树叶,树枝,印章_纸本_ _ _a3676c72.jpg",明,陈淳,花卉图,页,没骨,花鸟,Mogu,FlowerBird,FlowerBird,Mogu-FlowerBird,Mogu-FlowerBird
"明_陈淳_花卉扇面_扇面_没骨,花鸟_盛开花,粉花,白花,树叶,树枝,文字,印章_纸本_ _ _859c5078.jpg",明,陈淳,花卉扇面,扇面,没骨,花鸟,Mogu,FlowerBird,FlowerBird,Mogu-FlowerBird,Mogu-FlowerBird
"明_陈继儒_书画合册_页_没骨,花鸟_树,树枝,树叶,花,文字,印章_纸本_ _ _c1e96262.jpg",明,陈继儒,书画合册,页,没骨,花鸟,Mogu,FlowerBird,FlowerBird,Mogu-FlowerBird,Mogu-FlowerBird
"明_陈继儒_书画合册_页_没骨,花鸟_树枝,树叶,花,印章,文字_纸本_ _ _67a28153.jpg",明,陈继儒,书画合册,页,没骨,花鸟,Mogu,FlowerBird,FlowerBird,Mogu-FlowerBird,Mogu-FlowerBird
"明_陈继儒_书画合册_页_没骨,花鸟_树枝,树叶,花,文字,印章_纸本_ _ _eef730e8.jpg",明,陈继儒,书画合册,页,没骨,花鸟,Mogu,FlowerBird,FlowerBird,Mogu-FlowerBird,Mogu-FlowerBird
"明_陈继儒_书画合册_页_没骨,花鸟_树枝,树叶,花,石头,文字,印章_纸本_ _ _0ed1214b.jpg",明,陈继儒,书画合册,页,没骨,花鸟,Mogu,FlowerBird,FlowerBird,Mogu-FlowerBird,Mogu-FlowerBird
"明_陈继儒_书画合册_页_没骨,花鸟_树枝,盛开花,粉花,白花,含苞花,石头,草,文字,印章_纸本__04a3cb12.jpg",明,陈继儒,书画合册,页,没骨,花鸟,Mogu,FlowerBird,FlowerBird,Mogu-FlowerBird,Mogu-FlowerBird
"明_陈继儒_书画合册_页_没骨,花鸟_盛开花,粉花,含苞花,树枝,树叶,文字,印章_纸本_ _ _b1ef6067.jpg",明,陈继儒,书画合册,页,没骨,花鸟,Mogu,FlowerBird,FlowerBird,Mogu-FlowerBird,Mogu-FlowerBird
"明_陈继儒_云山幽趣图_轴_水墨,山水_树林,石头,草地,房子,桥,云,山群,文字,印章_绢本_11_af3cb768.jpg",明,陈继儒,云山幽趣图,轴,水墨,山水,Ink,Landscape,Landscape,Ink-Landscape,Ink-Landscape
"明_陈老莲_羲之笼鹅图_轴_工笔,人物_古装,扇子,笼子,鹅,拐杖,行走,文字,印章_绢本_103.1cmX47.8cm_浙江省博物馆_9608f52d.jpg",明,陈老莲,羲之笼鹅图,轴,工笔,人物,Gongbi,Figure,Figure,Gongbi-Figure,Gongbi-Figure
"明_陈老莲_老迟像_轴_工笔,人物_人物,坐卧,长袍,石头,器皿,灵芝,琴,文字,印章_绢本_95c_5b1aa9ac.jpg",明,陈老莲,老迟像,轴,工笔,人物,Gongbi,Figure,Figure,Gongbi-Figure,Gongbi-Figure
"明_陸治_石湖图_卷_浅绛,山水_ _29.7cmX300cm_波士顿博物馆_eb423e1e.jpg",明,陸治,石湖图,卷,浅绛,山水,LightOchre,Landscape,Landscape,LightOchre-Landscape,LightOchre-Landscape
"明_雪舟_秋冬山水册_页_水墨,山水_ _山水 _ _46.4cmX29.4cm_东京博物馆_7f8ccdc3.jpg",明,雪舟,秋冬山水册,页,水墨,山水,Ink,Landscape,Landscape,Ink-Landscape,Ink-Landscape
"明_雪舟_秋冬山水图2 _页_水墨,山水_山水 _ _46.4cmX29.4cm_东京博物馆_9e61bad2.jpg",明,雪舟,秋冬山水图2,页,水墨,山水,Ink,Landscape,Landscape,Ink-Landscape,Ink-Landscape
"明_韩希孟_宋元名迹册_扁豆蜻蜓图_页_工笔,花鸟_花鸟_绢本_ _ _2007d941.jpg",明,韩希孟,宋元名迹册,扁豆蜻蜓图,工笔,花鸟,Gongbi,FlowerBird,FlowerBird,Gongbi-FlowerBird,Gongbi-FlowerBird
"明_韩希孟_宋元名迹册_洗马图_页_工笔,人物_人物_绢本_ _ _741a31bb.jpg",明,韩希孟,宋元名迹册,洗马图,工笔,人物,Gongbi,Figure,Figure,Gongbi-Figure,Gongbi-Figure
"明_韩希孟_宋元名迹册_葡萄松鼠图_页_工笔,花鸟_葡萄,松鼠_绢本_ _ _94b9db5c.jpg",明,韩希孟,宋元名迹册,葡萄松鼠图,工笔,花鸟,Gongbi,FlowerBird,FlowerBird,Gongbi-FlowerBird,Gongbi-FlowerBird
"明_韩希孟_宋元名迹册_补衮图_页_工笔,人物_ _ _ _ _da6b32a7.jpg",明,韩希孟,宋元名迹册,补衮图,工笔,人物,Gongbi,Figure,Figure,Gongbi-Figure,Gongbi-Figure
"明_韩希孟_宋元名迹册_鹑鸟图_页_工笔,花鸟_花鸟_ _ _ _55c92f37.jpg",明,韩希孟,宋元名迹册,鹑鸟图,工笔,花鸟,Gongbi,FlowerBird,FlowerBird,Gongbi-FlowerBird,Gongbi-FlowerBird
"明_项圣谟_山水册_页_水墨,山水_ _山水_纸本_56.5cmX31.3cm _ _d1c9cddb.jpg",明,项圣谟,山水册,页,水墨,山水,Ink,Landscape,Landscape,Ink-Landscape,Ink-Landscape
"明_项圣谟_秋景图 _页_浅绛,山水_山水,山水,树_  _  _ _aeb21be9.jpg",明,项圣谟,秋景图,页,浅绛,山水,LightOchre,Landscape,Landscape,LightOchre-Landscape,LightOchre-Landscape
"明_项圣谟_闽游图_卷_水墨,山水_ _绢本_32cmX258cm _ _14b6b4cc.jpg",明,项圣谟,闽游图,卷,水墨,山水,Ink,Landscape,Landscape,Ink-Landscape,Ink-Landscape
"明_项圣谟_雪影渔人图_页_浅绛,山水_人物_纸本_74.8cmX30cm _ _7a6c438d.jpg",明,项圣谟,雪影渔人图,页,浅绛,山水,LightOchre,Landscape,Landscape,LightOchre-Landscape,LightOchre-Landscape
"明_顾绣_十六应真册_页_白描,人物_人,人物,桌子,椅子,袍子,石头,竹子,竹林,树枝,印章 _  _  _ _0df0d8ca.jpg",明,顾绣,十六应真册,页,白描,人物,Baimiao,Figure,Figure,Baimiao-Figure,Gongbi-Figure
"明_顾绣_十六应真册_页_白描,人物_人,人物,袍子,石头,山地,树,树枝,印章 _  _  _ _550ff8ca.jpg",明,顾绣,十六应真册,页,白描,人物,Baimiao,Figure,Figure,Baimiao-Figure,Gongbi-Figure
"明_顾绣_十六应真册_页_白描,人物_人,圣人,袍子,丝带,武器,飘带,动物,大象,女人,男人,座椅 _  _  _ _53bb235c.jpg",明,顾绣,十六应真册,页,白描,人物,Baimiao,Figure,Figure,Baimiao-Figure,Gongbi-Figure
"明_顾绣_十六应真册_页_白描,人物_人,山,石头,藤曼,坐姿,人物,水,水花,树叶,叶子印章 _  _  _ _18dec39e.jpg",明,顾绣,十六应真册,页,白描,人物,Baimiao,Figure,Figure,Baimiao-Figure,Gongbi-Figure
"明_顾绣_十六应真册_页_白描,人物_人物,人,河岸,陆地,水面,椅子,桌子,树,树枝,树叶,袍子,银行 _  _  _ _3edc905f.jpg",明,顾绣,十六应真册,页,白描,人物,Baimiao,Figure,Figure,Baimiao-Figure,Gongbi-Figure
"明_顾绣_十六应真册_页_白描,人物_人物,人,神仙,盔甲,袍子,老者,卷,河岸,水,水里路,树,树木,树枝,树叶,石头,飘带,陆地 _  _  _ _8f2a67c3.jpg",明,顾绣,十六应真册,页,白描,人物,Baimiao,Figure,Figure,Baimiao-Figure,Gongbi-Figure
"明_顾绣_十六应真册_页_白描,人物_人物,动物,袍子,车,牛,飘带,印章 _  _  _ _0bc1763f.jpg",明,顾绣,十六应真册,页,白描,人物,Baimiao,Figure,Figure,Baimiao-Figure,Gongbi-Figure
"明_顾绣_十六应真册_页_白描,人物_人物,神仙,盔甲,胡子,飘带,武器,印章 _  _  _ _a52ea63a.jpg",明,顾绣,十六应真册,页,白描,人物,Baimiao,Figure,Figure,Baimiao-Figure,Gongbi-Figure
"明_顾绣_十六应真册_页_白描,人物_树,树木,树枝,鸟,动物,石头,衣服,袍子,人物,人,毯子,花瓶,花,印章 _  _  _ _6906a754.jpg",明,顾绣,十六应真册,页,白描,人物,Baimiao,Figure,Figure,Baimiao-Figure,Gongbi-Figure
"明_顾绣_十六应真册_页_白描,人物_水,水面,岸,陆地,树,树木,树枝,石头,人物,袍子,丝带,做点,男人,印章 _  _  _ _8139607b.jpg",明,顾绣,十六应真册,页,白描,人物,Baimiao,Figure,Figure,Baimiao-Figure,Gongbi-Figure
"明_顾绣_十六应真册_页_白描,人物_水,水面,神仙,云,云彩,人物,袍子,武器,山,山石,神像,藤曼,飘带,印章 _  _  _ _85b345e1.jpg",明,顾绣,十六应真册,页,白描,人物,Baimiao,Figure,Figure,Baimiao-Figure,Gongbi-Figure
"明_顾绣_十六应真册_页_白描,人物_石头,树,人,佛像,树木,藤曼,树枝,水,水面 _  _  _ _3801b711.jpg",明,顾绣,十六应真册,页,白描,人物,Baimiao,Figure,Figure,Baimiao-Figure,Gongbi-Figure
"明_魏克_金陵四季图_卷_浅绛,山水_ _纸本_31.3cmX1183.6cm _ _0cc6dedc.jpg",明,魏克,金陵四季图,卷,浅绛,山水,LightOchre,Landscape,Landscape,LightOchre-Landscape,LightOchre-Landscape
"明_鲁宗贵_玲峰鹁鸽图 _页_工笔,花鸟_花鸟_绢本_28cmX50cm _ _2682d643.jpg",明,鲁宗贵,玲峰鹁鸽图,页,工笔,花鸟,Gongbi,FlowerBird,FlowerBird,Gongbi-FlowerBird,Gongbi-FlowerBird
"明清_佚名(李公麟款)_页_工笔,人物_法海灵山图_仙人,神怪,浮云_ _ _页_._40ff7c08.jpg",明清,佚名(李公麟款),页,"工笔,人物",工笔,人物,Gongbi,Figure,Figure,Gongbi-Figure,Gongbi-Figure
"明清_佚名(李公麟款)_页_工笔,人物_法海灵山图_仙人,长袍,神仙,印章,文字_ _ _页_._f6429eb3.jpg",明清,佚名(李公麟款),页,"工笔,人物",工笔,人物,Gongbi,Figure,Figure,Gongbi-Figure,Gongbi-Figure
"明清_佚名(李公麟款)_页_工笔,人物_法海灵山图_佛,神仙,仙人,坐卧,浮云_ _ _页_._b5ee0573.jpg",明清,佚名(李公麟款),页,"工笔,人物",工笔,人物,Gongbi,Figure,Figure,Gongbi-Figure,Gongbi-Figure
"明清_佚名(李公麟款)_页_工笔,人物_法海灵山图_神仙,仙人,神怪,聚会,长袍_ _ _页_._da3f42b0.jpg",明清,佚名(李公麟款),页,"工笔,人物",工笔,人物,Gongbi,Figure,Figure,Gongbi-Figure,Gongbi-Figure
"明清_佚名(李公麟款)_页_工笔,人物_法海灵山图_神仙,仙人,神怪,长袍,印章_ _ _页_._bd5423ad.jpg",明清,佚名(李公麟款),页,"工笔,人物",工笔,人物,Gongbi,Figure,Figure,Gongbi-Figure,Gongbi-Figure
"明清_佚名(李公麟款)_页_工笔,人物_法海灵山图_神仙,仙人,神怪,长袍,浮云_ _ _页_._c3ae159e.jpg",明清,佚名(李公麟款),页,"工笔,人物",工笔,人物,Gongbi,Figure,Figure,Gongbi-Figure,Gongbi-Figure
"明清_佚名(李公麟款)_页_工笔,人物_法海灵山图_神仙,仙人,虎,行走_ _ _页__4847343a.jpg",明清,佚名(李公麟款),页,"工笔,人物",工笔,人物,Gongbi,Figure,Figure,Gongbi-Figure,Gongbi-Figure
"明清_佚名(李公麟款)_页_工笔,人物_法海灵山图_神仙,牛,海浪,浮云_ _ _页_._667e04aa.jpg",明清,佚名(李公麟款),页,"工笔,人物",工笔,人物,Gongbi,Figure,Figure,Gongbi-Figure,Gongbi-Figure
"明清_佚名(李公麟款)_页_工笔,人物_法海灵山图_神仙,牛,龟,海浪_ _ _页_._87e497d7.jpg",明清,佚名(李公麟款),页,"工笔,人物",工笔,人物,Gongbi,Figure,Figure,Gongbi-Figure,Gongbi-Figure
"明清_佚名(李公麟款)_页_工笔,人物_法海灵山图_神仙,鹿,蓑衣,长袍,对话_ _ _页_._263521bc.jpg",明清,佚名(李公麟款),页,"工笔,人物",工笔,人物,Gongbi,Figure,Figure,Gongbi-Figure,Gongbi-Figure
"明清_王鉴_湘碧居士仿古册_页_浅绛,山水_云,雾,雾气,水面,水流,水面,山,山林,石头,河岸,山群,树,树林,树叶,树枝,建筑,亭子,印章 _  _  _ _89113ed8.jpg",明清,王鉴,湘碧居士仿古册,页,浅绛,山水,LightOchre,Landscape,Landscape,LightOchre-Landscape,LightOchre-Landscape
"明清_王鉴_湘碧居士仿古册_页_浅绛,山水_山,山林,山群,水,水面,树,树枝,树干,地面,河岸,石头,雾,雾气 _  _  _ _efb67af7.jpg",明清,王鉴,湘碧居士仿古册,页,浅绛,山水,LightOchre,Landscape,Landscape,LightOchre-Landscape,LightOchre-Landscape
"明清_王鉴_湘碧居士仿古册_页_浅绛,山水_山,山林,树,树林,树木,树枝,树叶,石头,地面,草地,水,水面,水流,印章 _  _  _ _119014b1.jpg",明清,王鉴,湘碧居士仿古册,页,浅绛,山水,LightOchre,Landscape,Landscape,LightOchre-Landscape,LightOchre-Landscape
"明清_王鉴_湘碧居士仿古册_页_浅绛,山水_山,山林,石头,河岸,地面,草地,人物,树,树林,树枝,树叶,山群,水,水面,印章 _  _  _ _f1c44836.jpg",明清,王鉴,湘碧居士仿古册,页,浅绛,山水,LightOchre,Landscape,Landscape,LightOchre-Landscape,LightOchre-Landscape
"明清_王鉴_湘碧居士仿古册_页_浅绛,山水_山水,山,山地,山林,山群,树,树林,树枝,树叶,水,水面,船,印章 _  _  _ _9ac3bbef.jpg",明清,王鉴,湘碧居士仿古册,页,浅绛,山水,LightOchre,Landscape,Landscape,LightOchre-Landscape,LightOchre-Landscape
"明清_王鉴_湘碧居士仿古册_页_浅绛,山水_山水,山,山林,山地,地面,石头,树,树林,树枝,树叶,水,水面,建筑,房子,印章 _  _  _ _4af3d9b2.jpg",明清,王鉴,湘碧居士仿古册,页,浅绛,山水,LightOchre,Landscape,Landscape,LightOchre-Landscape,LightOchre-Landscape
"明清_王鉴_湘碧居士仿古册_页_浅绛,山水_山水,山,山林,山群,石头,水,水面,河岸,建筑,房子,亭子,树,树林,树叶,印章 _  _  _ _63994503.jpg",明清,王鉴,湘碧居士仿古册,页,浅绛,山水,LightOchre,Landscape,Landscape,LightOchre-Landscape,LightOchre-Landscape
"明清_王鉴_湘碧居士仿古册_页_浅绛,山水_山水,山,山林,山群,石头,水面,船,人,人物,山路,路面,水,印章 _  _  _ _7e8e7cba.jpg",明清,王鉴,湘碧居士仿古册,页,浅绛,山水,LightOchre,Landscape,Landscape,LightOchre-Landscape,LightOchre-Landscape
"明清_王鉴_湘碧居士仿古册_页_浅绛,山水_山水,山,山林,山群,路,路面,山路,树,树林,树叶,河岸,水,水面,印章 _  _  _ _df1fbfa9.jpg",明清,王鉴,湘碧居士仿古册,页,浅绛,山水,LightOchre,Landscape,Landscape,LightOchre-Landscape,LightOchre-Landscape
"明清_王鉴_湘碧居士仿古册_页_浅绛,山水_山水,山,山林,山路,路面,地面,陆地,建筑,房子,树,树林,树枝,水,水流,水面,印章 _  _  _ _7d49ef1f.jpg",明清,王鉴,湘碧居士仿古册,页,浅绛,山水,LightOchre,Landscape,Landscape,LightOchre-Landscape,LightOchre-Landscape
"明清_王鉴_湘碧居士仿古册_页_浅绛,山水_山水,山,山林,雾气,雾,水,水面,树,树林,树叶,树枝,石头,地面,河岸,印章 _  _  _ _aba7576e.jpg",明清,王鉴,湘碧居士仿古册,页,浅绛,山水,LightOchre,Landscape,Landscape,LightOchre-Landscape,LightOchre-Landscape
"明清_王鉴_湘碧居士仿古册_页_浅绛,山水_山水,山林,山,山群,山路,陆地,路面,河岸,水,水面,树,苏树林,树叶,印章 _  _  _ _29133655.jpg",明清,王鉴,湘碧居士仿古册,页,浅绛,山水,LightOchre,Landscape,Landscape,LightOchre-Landscape,LightOchre-Landscape
"明清_王鉴_湘碧居士仿古册_页_浅绛,山水_山水,建筑,房子,桥,地面,水流,草地,树枝,树,山,印章 _  _  _ _2183ce0a.jpg",明清,王鉴,湘碧居士仿古册,页,浅绛,山水,LightOchre,Landscape,Landscape,LightOchre-Landscape,LightOchre-Landscape
"明清_王鉴_湘碧居士仿古册_页_浅绛,山水_树,树林,树枝,石头,地面,陆地,建筑,亭子,山地,水,水面,印章 _  _  _ _1b5b37c7.jpg",明清,王鉴,湘碧居士仿古册,页,浅绛,山水,LightOchre,Landscape,Landscape,LightOchre-Landscape,LightOchre-Landscape
"明清_王鉴_湘碧居士仿古册_页_浅绛,山水_水,水面,石头,树,树木,树枝,山,河岸,山地,山林,山群,文字,印章 _  _  _ _6183e807.jpg",明清,王鉴,湘碧居士仿古册,页,浅绛,山水,LightOchre,Landscape,Landscape,LightOchre-Landscape,LightOchre-Landscape
"明清_王鉴_湘碧居士仿古册_页_浅绛,山水_水,水面,船,河岸,石头,树,树林,树叶,山,山群,山林,山地,印章 _  _  _ _f8d228ed.jpg",明清,王鉴,湘碧居士仿古册,页,浅绛,山水,LightOchre,Landscape,Landscape,LightOchre-Landscape,LightOchre-Landscape
"明清_王鉴_湘碧居士仿古册_页_浅绛,山水_石头,山地,地面,草地,草,树,树木,树枝,树叶,叶子,印章 _  _  _ _7d531931.jpg",明清,王鉴,湘碧居士仿古册,页,浅绛,山水,LightOchre,Landscape,Landscape,LightOchre-Landscape,LightOchre-Landscape
"明清_蓝瑛_仿一峰山水 _页_浅绛,山水_山水_纸本_74.1cmX161.7cm _ _e50d1779.jpg",明清,蓝瑛,仿一峰山水,页,浅绛,山水,LightOchre,Landscape,Landscape,LightOchre-Landscape,LightOchre-Landscape
"明清_蓝瑛_仿黄鹤山樵山水 _页_浅绛,山水_山水_纸本_76.5cmX215.6cm _ _55a8d2bc.jpg",明清,蓝瑛,仿黄鹤山樵山水,页,浅绛,山水,LightOchre,Landscape,Landscape,LightOchre-Landscape,LightOchre-Landscape
"明清_蓝瑛_秋山渔隐图 _页_浅绛,山水_ _纸本_44.9cmX138.8cm _ _05feb748.jpg",明清,蓝瑛,秋山渔隐图,页,浅绛,山水,LightOchre,Landscape,Landscape,LightOchre-Landscape,LightOchre-Landscape
"清 _ _乾隆御制诗花卉册_页_工笔,花鸟_册页_花卉_缂丝 _  _ _305b5f74.jpg",清,,乾隆御制诗花卉册,页,工笔,花鸟,Gongbi,FlowerBird,FlowerBird,Gongbi-FlowerBird,Gongbi-FlowerBird
"清 _ _乾隆御制诗花卉册_页_工笔,花鸟_婪尾春（芍药）_册页_花卉_缂丝 _  _ _b44aeb0f.jpg",清,,乾隆御制诗花卉册,页,工笔,花鸟,Gongbi,FlowerBird,FlowerBird,Gongbi-FlowerBird,Gongbi-FlowerBird
"清 _ _乾隆御制诗花卉册_页_工笔,花鸟_望春花_册页_花卉_缂丝 _  _ _3a197719.jpg",清,,乾隆御制诗花卉册,页,工笔,花鸟,Gongbi,FlowerBird,FlowerBird,Gongbi-FlowerBird,Gongbi-FlowerBird
"清 _ _乾隆御制诗花卉册_页_工笔,花鸟_玉兰_册页_花卉_缂丝 _  _ _c4821836.jpg",清,,乾隆御制诗花卉册,页,工笔,花鸟,Gongbi,FlowerBird,FlowerBird,Gongbi-FlowerBird,Gongbi-FlowerBird
"清 _ _乾隆御制诗花卉册_页_工笔,花鸟_石榴花_册页_花卉_缂丝 _  _ _856cb197.jpg",清,,乾隆御制诗花卉册,页,工笔,花鸟,Gongbi,FlowerBird,FlowerBird,Gongbi-FlowerBird,Gongbi-FlowerBird
"清 _ _孝贤纯皇后朝服像 _页_工笔,人物_人物 _ _70cmX40cm _ _b0bfad10.jpg",清,,孝贤纯皇后朝服像,页,工笔,人物,Gongbi,Figure,Figure,Gongbi-Figure,Gongbi-Figure
"清 _ _玉兰孔雀图_页_工笔,花鸟_ _34.98cmX60cm _ _1b1295a0.jpg",清,,玉兰孔雀图,页,工笔,花鸟,Gongbi,FlowerBird,FlowerBird,Gongbi-FlowerBird,Gongbi-FlowerBird
"清 _ _竹石图 _页_浅绛,山水_石头,山,竹子,草,叶子,树叶,树,水流,水面,湖面,文字,印章_绢本_53cmX136cm _ _af6549f5.jpg",清,,竹石图,页,浅绛,山水,LightOchre,Landscape,Landscape,LightOchre-Landscape,LightOchre-Landscape
"清_丁云鹏_益寿尊者像 _页_工笔,人物_人物_纸本_52.8cmX117.8cm _ _4f72f518.jpg",清,丁云鹏,益寿尊者像,页,工笔,人物,Gongbi,Figure,Figure,Gongbi-Figure,Gongbi-Figure
"清_丁云鹏_观音图_页_工笔,人物_ _人物_纸本_33.1cmX97.2cm _ _aa8afaf2.jpg",清,丁云鹏,观音图,页,工笔,人物,Gongbi,Figure,Figure,Gongbi-Figure,Gongbi-Figure
"清_丁云鹏_释伽牟尼图 _页_工笔,人物_纸本_58.5cmX143.8cm _ _aeacbda6.jpg",清,丁云鹏,释伽牟尼图,页,工笔,人物,Gongbi,Figure,Figure,Gongbi-Figure,Gongbi-Figure
"清_丁观鹏_宝相观音 _页_工笔,人物_人物_绢本_122cmX55cm _ _c67c00d0.jpg",清,丁观鹏,宝相观音,页,工笔,人物,Gongbi,Figure,Figure,Gongbi-Figure,Gongbi-Figure
"清_乾隆_御制诗花卉册_页_工笔,花鸟_水仙花_册页_花卉_缂丝 _  _ _c3ad83db.jpg",清,乾隆,御制诗花卉册,页,工笔,花鸟,Gongbi,FlowerBird,FlowerBird,Gongbi-FlowerBird,Gongbi-FlowerBird
"清_乾隆_御制诗花卉册_页_工笔,花鸟_蔷薇_册页_花卉_缂丝 _  _ _a49a287d.jpg",清,乾隆,御制诗花卉册,页,工笔,花鸟,Gongbi,FlowerBird,FlowerBird,Gongbi-FlowerBird,Gongbi-FlowerBird
"清_乾隆_鸡雏待饲图_页_工笔,花鸟_ _花鸟_缂毛_64cmX36cm _ _5485d2ae.jpg",清,乾隆,鸡雏待饲图,页,工笔,花鸟,Gongbi,FlowerBird,FlowerBird,Gongbi-FlowerBird,Gongbi-FlowerBird
"清_于非闇_二乔牡丹图_轴_工笔,花鸟 _ _42cmX86cm _ _94ecd41e.jpg",清,于非闇,二乔牡丹图,轴,工笔,花鸟,Gongbi,FlowerBird,FlowerBird,Gongbi-FlowerBird,Gongbi-FlowerBird
"清_于非闇_大丽花 _页_工笔,花鸟_绢本_51.3cmX106cm _ _29da6834.jpg",清,于非闇,大丽花,页,工笔,花鸟,Gongbi,FlowerBird,FlowerBird,Gongbi-FlowerBird,Gongbi-FlowerBird
"清_于非闇_摹顾恺之女史人物_卷_工笔,人物_人物_绢本_408cmX28.7cm _ _3a65da8d.jpg",清,于非闇,摹顾恺之女史人物,卷,工笔,人物,Gongbi,Figure,Figure,Gongbi-Figure,Gongbi-Figure
"清_于非闇_牡丹_扇面_工笔,花鸟_花鸟 _  _  _ _5791deb3.jpg",清,于非闇,牡丹,扇面,工笔,花鸟,Gongbi,FlowerBird,FlowerBird,Gongbi-FlowerBird,Gongbi-FlowerBird
"清_于非闇_百禽图 _页_工笔,花鸟_绢本_105cmX43cm _ _cdf8a5a5.jpg",清,于非闇,百禽图,页,工笔,花鸟,Gongbi,FlowerBird,FlowerBird,Gongbi-FlowerBird,Gongbi-FlowerBird
"清_于非闇_红梅鹧鸪图 _页_工笔,花鸟_绢本_83.4cmX50.7cm _ _623fb5a6.jpg",清,于非闇,红梅鹧鸪图,页,工笔,花鸟,Gongbi,FlowerBird,FlowerBird,Gongbi-FlowerBird,Gongbi-FlowerBird
"清_于非闇_红白茶花_轴_工笔,花鸟_纸本_104cmX46cm _ _916a3832.jpg",清,于非闇,红白茶花,轴,工笔,花鸟,Gongbi,FlowerBird,FlowerBird,Gongbi-FlowerBird,Gongbi-FlowerBird
"清_于非闇_翠微红叶图_轴 _ _工笔,花鸟_纸本_93.9cmX34.4cm _ _f6f57ec3.jpg",清,于非闇,翠微红叶图,轴,工笔,花鸟,Gongbi,FlowerBird,FlowerBird,Gongbi-FlowerBird,Gongbi-FlowerBird
"清_于非闇_荷塘蜻蜓翠鸟图 _轴_工笔,花鸟_纸本_45.4cmX94.5cm _ _a43d0c99.jpg",清,于非闇,荷塘蜻蜓翠鸟图,轴,工笔,花鸟,Gongbi,FlowerBird,FlowerBird,Gongbi-FlowerBird,Gongbi-FlowerBird
"清_任伯年_人物图_页_写意,人物_ _人物_纸本_60cmX125cm_辽宁省博物馆_7b6ebcca.jpg",清,任伯年,人物图,页,写意,人物,Xieyi,Figure,Figure,Xieyi-Figure,Xieyi-Figure
"清_任伯年_扇面_扇面_页_写意,人物_人物 _  _  _ _40cb3632.jpg",清,任伯年,扇面,扇面,写意,人物,Xieyi,Figure,Figure,Xieyi-Figure,Xieyi-Figure
"清_任伯年_月夜山鸡图_页_写意,花鸟_ _花鸟 _ _82cmX42cm_北京故宫博物院_a83f0698.jpg",清,任伯年,月夜山鸡图,页,写意,花鸟,Xieyi,FlowerBird,FlowerBird,Xieyi-FlowerBird,Xieyi-FlowerBird
"清_任伯年_桃花_页_没骨,花鸟_花鸟 _  _  _ _6c731ea4.jpg",清,任伯年,桃花,页,没骨,花鸟,Mogu,FlowerBird,FlowerBird,Mogu-FlowerBird,Mogu-FlowerBird
"清_任伯年_桃花双鸡图_页_没骨,花鸟_ _花鸟 _  _  _ _a739ea1f.jpg",清,任伯年,桃花双鸡图,页,没骨,花鸟,Mogu,FlowerBird,FlowerBird,Mogu-FlowerBird,Mogu-FlowerBird
"清_任伯年_母子平安图_页_没骨,花鸟_ _鸡_纸本_40cmX150cm _ _354e76ae.jpg",清,任伯年,母子平安图,页,没骨,花鸟,Mogu,FlowerBird,FlowerBird,Mogu-FlowerBird,Mogu-FlowerBird
"清_任伯年_水仙花_页_写意,花鸟_花鸟 _  _  _ _fff94048.jpg",清,任伯年,水仙花,页,写意,花鸟,Xieyi,FlowerBird,FlowerBird,Xieyi-FlowerBird,Xieyi-FlowerBird
"清_任伯年_猫 _页_写意,花鸟_花鸟_纸本_40cmX150cm _ _ea7b547f.jpg",清,任伯年,猫,页,写意,花鸟,Xieyi,FlowerBird,FlowerBird,Xieyi-FlowerBird,Xieyi-FlowerBird
"清_任伯年_紫花_页_写意,花鸟 _  _  _  _ _483bc5e9.jpg",清,任伯年,紫花,页,写意,花鸟,Xieyi,FlowerBird,FlowerBird,Xieyi-FlowerBird,Xieyi-FlowerBird
"清_任伯年_群鸡紫绶图_页_没骨,花鸟_ _花鸟_纸本_40cmX150cm _ _9ce37134.jpg",清,任伯年,群鸡紫绶图,页,没骨,花鸟,Mogu,FlowerBird,FlowerBird,Mogu-FlowerBird,Mogu-FlowerBird
"清_任伯年_花卉册_没骨,花鸟_树叶,盛开花,草,印章,文字_纸本_ _页__fbeb23c6.jpg",清,任伯年,花卉册,"没骨,花鸟",没骨,花鸟,Mogu,FlowerBird,FlowerBird,Mogu-FlowerBird,Mogu-FlowerBird
"清_任伯年_花卉册_没骨,花鸟_树枝,树叶,叶子,花,印章,文字_纸本_ _页__fc441dcb.jpg",清,任伯年,花卉册,"没骨,花鸟",没骨,花鸟,Mogu,FlowerBird,FlowerBird,Mogu-FlowerBird,Mogu-FlowerBird
"清_任伯年_花卉册_没骨,花鸟_树枝,树叶,白花,紫花,盛开花,印章,文字_纸本_ _页__c4d69e6f.jpg",清,任伯年,花卉册,"没骨,花鸟",没骨,花鸟,Mogu,FlowerBird,FlowerBird,Mogu-FlowerBird,Mogu-FlowerBird
"清_任伯年_花卉册_没骨,花鸟_树枝,树叶,盛开花,印章,文字_纸本_ _页__c26a155a.jpg",清,任伯年,花卉册,"没骨,花鸟",没骨,花鸟,Mogu,FlowerBird,FlowerBird,Mogu-FlowerBird,Mogu-FlowerBird
"清_任伯年_花卉册_没骨,花鸟_树枝,树叶,粉花,紫花,印章,文字_纸本_ _页__691c5550.jpg",清,任伯年,花卉册,"没骨,花鸟",没骨,花鸟,Mogu,FlowerBird,FlowerBird,Mogu-FlowerBird,Mogu-FlowerBird
"清_任伯年_花卉册_没骨,花鸟_树枝,树叶,花,印章,文字_纸本_ _页__66a16074.jpg",清,任伯年,花卉册,"没骨,花鸟",没骨,花鸟,Mogu,FlowerBird,FlowerBird,Mogu-FlowerBird,Mogu-FlowerBird
"清_任伯年_花卉册_没骨,花鸟_树枝,树叶,黄花,盛开花,印章,文字_纸本_ _页__60af4159.jpg",清,任伯年,花卉册,"没骨,花鸟",没骨,花鸟,Mogu,FlowerBird,FlowerBird,Mogu-FlowerBird,Mogu-FlowerBird
"清_任伯年_花卉册_没骨,花鸟_树枝,树叶,黄花,盛开花_纸本_ _页__c071ab3b.jpg",清,任伯年,花卉册,"没骨,花鸟",没骨,花鸟,Mogu,FlowerBird,FlowerBird,Mogu-FlowerBird,Mogu-FlowerBird
"清_任伯年_花卉册_没骨,花鸟_树枝,盛开花,树叶,印章,文字,橙花,紫花_纸本_ _页__1991a583.jpg",清,任伯年,花卉册,"没骨,花鸟",没骨,花鸟,Mogu,FlowerBird,FlowerBird,Mogu-FlowerBird,Mogu-FlowerBird
"清_任伯年_花卉册_没骨,花鸟_树枝,盛开花,树叶,印章,文字_纸本_ _页__96c6fac5.jpg",清,任伯年,花卉册,"没骨,花鸟",没骨,花鸟,Mogu,FlowerBird,FlowerBird,Mogu-FlowerBird,Mogu-FlowerBird
"清_任伯年_花卉册_没骨,花鸟_石头,花,树叶,印章,文字_纸本_ _页__8c0f0a0f.jpg",清,任伯年,花卉册,"没骨,花鸟",没骨,花鸟,Mogu,FlowerBird,FlowerBird,Mogu-FlowerBird,Mogu-FlowerBird
"清_任伯年_花卉册_没骨,花鸟_黄花,树枝,树叶,印章,黄花,文字_纸本_ _页__9bdc0f16.jpg",清,任伯年,花卉册,"没骨,花鸟",没骨,花鸟,Mogu,FlowerBird,FlowerBird,Mogu-FlowerBird,Mogu-FlowerBird
"清_任伯年_荷花鸳鸯 _页_没骨,花鸟_花鸟 _ _40cmX150cm _ _2f3a72a4.jpg",清,任伯年,荷花鸳鸯,页,没骨,花鸟,Mogu,FlowerBird,FlowerBird,Mogu-FlowerBird,Mogu-FlowerBird
"清_任伯年_雀图_页_没骨,花鸟_ _花鸟_纸本_40cmX150cm _ _c8fc7421.jpg",清,任伯年,雀图,页,没骨,花鸟,Mogu,FlowerBird,FlowerBird,Mogu-FlowerBird,Mogu-FlowerBird
"清_任伯年_雄鸡图_页_没骨,花鸟_ _花鸟_纸本_33cmX65cm _ _ead4d0af.jpg",清,任伯年,雄鸡图,页,没骨,花鸟,Mogu,FlowerBird,FlowerBird,Mogu-FlowerBird,Mogu-FlowerBird
"清_任熊_十万图册_页_青绿,山水_山群,树林,花,木桥,溪流,印章,文字页_浅绛,山水_山群,树林_3a566b6a.jpg",清,任熊,十万图册,页,浅绛,山水,LightOchre,Landscape,Landscape,LightOchre-Landscape,LightOchre-Landscape
"清_任熊_十万图册_页_青绿,山水_高山,树,花页_浅绛,山水_山群,树林,印章,文字_金笺纸_34_3456a335.jpg",清,任熊,十万图册,页,浅绛,山水,LightOchre,Landscape,Landscape,LightOchre-Landscape,LightOchre-Landscape
"清_任熊_十万图册_页_青绿,山水_高山,草,溪流,石头,海浪,印章,文字页_浅绛,山水_山群,树林_8ece6372.jpg",清,任熊,十万图册,页,浅绛,山水,LightOchre,Landscape,Landscape,LightOchre-Landscape,LightOchre-Landscape
"清_任熊_十六应真图册_写意,人物_象,行人,坐卧,竹林,石头,草,河流山群,树林,印章,文字_绢本_700770ae.jpg",清,任熊,十六应真图册,"写意,人物",写意,人物,Xieyi,Figure,Figure,Xieyi-Figure,Xieyi-Figure
"清_任熊_尔花冷苦当怨秋，翻似春鬟列修整_页_工笔,花鸟_工笔_绢本_27.3cmX32.5cm __4112ee80.jpg",清,任熊,尔花冷苦当怨秋，翻似春鬟列修整,页,工笔,花鸟,Gongbi,FlowerBird,FlowerBird,Gongbi-FlowerBird,Gongbi-FlowerBird
"清_任熊_第一开：俯见龙渊深，花田种珊树 _页_浅绛,山水_ _绢本 _  _ _8f6f2ab1.jpg",清,任熊,第一开：俯见龙渊深，花田种珊树,页,浅绛,山水,LightOchre,Landscape,Landscape,LightOchre-Landscape,LightOchre-Landscape
"清_任熊_群仙祝寿图 _ _工笔,花鸟_佛道 _ _86cmX170cm _ _4426864a.jpg",清,任熊,群仙祝寿图,,工笔,花鸟,Gongbi,FlowerBird,FlowerBird,Gongbi-FlowerBird,Gongbi-FlowerBird
"清_任薰_花鸟图_页_工笔,花鸟_轴_花鸟_纸本_128cmX34cm _ _b986b42d.jpg",清,任薰,花鸟图,页,工笔,花鸟,Gongbi,FlowerBird,FlowerBird,Gongbi-FlowerBird,Gongbi-FlowerBird
"清_任颐_花鸟册_页_工笔,花鸟 _ _42cmX40cm_大都会博物馆_6e078cab.jpg",清,任颐,花鸟册,页,工笔,花鸟,Gongbi,FlowerBird,FlowerBird,Gongbi-FlowerBird,Gongbi-FlowerBird
"清_任颐_花鸟蔬果册页(八开)_页_写意,花鸟_双鸡_册页_花鸟、蔬果、鸡 _  _  _ _b461c959.jpg",清,任颐,花鸟蔬果册页(八开),页,写意,花鸟,Xieyi,FlowerBird,FlowerBird,Xieyi-FlowerBird,Xieyi-FlowerBird
"清_任颐_花鸟蔬果册页(八开)_页_写意,花鸟_猫_册页_花鸟、蔬果、猫 _  _  _ _597ce648.jpg",清,任颐,花鸟蔬果册页(八开),页,写意,花鸟,Xieyi,FlowerBird,FlowerBird,Xieyi-FlowerBird,Xieyi-FlowerBird
"清_任颐_花鸟蔬果册页(八开)_页_写意,花鸟_花鸟、蔬果 _  _  _ _15648958.jpg",清,任颐,花鸟蔬果册页(八开),页,写意,花鸟,Xieyi,FlowerBird,FlowerBird,Xieyi-FlowerBird,Xieyi-FlowerBird
"清_任颐_花鸟蔬果册页(八开)_页_写意,花鸟_花鸟、蔬果 _  _  _ _1735758777_462a121b.jpg",清,任颐,花鸟蔬果册页(八开),页,写意,花鸟,Xieyi,FlowerBird,FlowerBird,Xieyi-FlowerBird,Xieyi-FlowerBird
"清_任颐_花鸟蔬果册页(八开)_页_写意,花鸟_菠萝_册页_花鸟、蔬果 _  _  _ _39b70e10.jpg",清,任颐,花鸟蔬果册页(八开),页,写意,花鸟,Xieyi,FlowerBird,FlowerBird,Xieyi-FlowerBird,Xieyi-FlowerBird
"清_任颐_花鸟蔬果册页(八开)_页_写意,花鸟_鹦鹉_册页_花鸟、蔬果、鹦鹉 _  _  _ _d47b6d9e.jpg",清,任颐,花鸟蔬果册页(八开),页,写意,花鸟,Xieyi,FlowerBird,FlowerBird,Xieyi-FlowerBird,Xieyi-FlowerBird
"清_任颐_花鸟蔬果册页(八开)_页_写意,花鸟_麻雀一只_册页_花鸟、蔬果、麻雀 _  _  _ _06fd5eba.jpg",清,任颐,花鸟蔬果册页(八开),页,写意,花鸟,Xieyi,FlowerBird,FlowerBird,Xieyi-FlowerBird,Xieyi-FlowerBird
"清_任颐_花鸟蔬果册页(八开)_页_写意,花鸟_麻雀两只_册页_花鸟,蔬果,麻雀 _  _  _ _3cea73ca.jpg",清,任颐,花鸟蔬果册页(八开),页,写意,花鸟,Xieyi,FlowerBird,FlowerBird,Xieyi-FlowerBird,Xieyi-FlowerBird
"清_佚名_芥子园画传_双页_水墨,山水_印章,高山,树林,河流,房屋,文字_纸本_ _ _0697e48c.jpg",清,佚名,芥子园画传,双页,水墨,山水,Ink,Landscape,Landscape,Ink-Landscape,Ink-Landscape
"清_佚名_芥子园画传_双页_水墨,山水_地面,山林,文字,边框,杂草_纸本_ _ _84a49dad.jpg",清,佚名,芥子园画传,双页,水墨,山水,Ink,Landscape,Landscape,Ink-Landscape,Ink-Landscape
"清_佚名_芥子园画传_双页_水墨,山水_坡地,山,文字,边框_纸本_ _ _6aa50d1e.jpg",清,佚名,芥子园画传,双页,水墨,山水,Ink,Landscape,Landscape,Ink-Landscape,Ink-Landscape
"清_佚名_芥子园画传_双页_水墨,山水_坡地,草丛,水面,文字,边框_纸本_ _ _12f86a8a.jpg",清,佚名,芥子园画传,双页,水墨,山水,Ink,Landscape,Landscape,Ink-Landscape,Ink-Landscape
"清_佚名_芥子园画传_双页_水墨,山水_坡地,草丛,溪流,边框_纸本_ _ _2d476ed3.jpg",清,佚名,芥子园画传,双页,水墨,山水,Ink,Landscape,Landscape,Ink-Landscape,Ink-Landscape
"清_佚名_芥子园画传_双页_水墨,山水_山,花丛,文字,边框_纸本_ _ _48a26ccf.jpg",清,佚名,芥子园画传,双页,水墨,山水,Ink,Landscape,Landscape,Ink-Landscape,Ink-Landscape
"清_佚名_芥子园画传_双页_水墨,山水_山,荒草,文字,边框_纸本_ _ _98f0274e.jpg",清,佚名,芥子园画传,双页,水墨,山水,Ink,Landscape,Landscape,Ink-Landscape,Ink-Landscape
"清_佚名_芥子园画传_双页_水墨,山水_山群,屋檐,树林,小溪,文字_纸本_ _ _f55d3e4b.jpg",清,佚名,芥子园画传,双页,水墨,山水,Ink,Landscape,Landscape,Ink-Landscape,Ink-Landscape
"清_佚名_芥子园画传_双页_水墨,山水_山群,屋檐,河流,树,文字,印章_纸本_ _ _7971ebcc.jpg",清,佚名,芥子园画传,双页,水墨,山水,Ink,Landscape,Landscape,Ink-Landscape,Ink-Landscape
"清_佚名_芥子园画传_双页_水墨,山水_山群,峭壁,杂草,文字,边框_纸本_ _ _dc235e51.jpg",清,佚名,芥子园画传,双页,水墨,山水,Ink,Landscape,Landscape,Ink-Landscape,Ink-Landscape
"清_佚名_芥子园画传_双页_水墨,山水_山群,杂草,文字,边框,悬崖,掉色_纸本_ _ _48d98f75.jpg",清,佚名,芥子园画传,双页,水墨,山水,Ink,Landscape,Landscape,Ink-Landscape,Ink-Landscape
"清_佚名_芥子园画传_双页_水墨,山水_山群,果树,文字,印章,边框_纸本_ _ _b54803f1.jpg",清,佚名,芥子园画传,双页,水墨,山水,Ink,Landscape,Landscape,Ink-Landscape,Ink-Landscape
"清_佚名_芥子园画传_双页_水墨,山水_岩石,石头,藤_纸本_ _ _e7d961a3.jpg",清,佚名,芥子园画传,双页,水墨,山水,Ink,Landscape,Landscape,Ink-Landscape,Ink-Landscape
"清_佚名_芥子园画传_双页_水墨,山水_岩石,草,文字,边框,褪色_纸本_ _ _e9b723d7.jpg",清,佚名,芥子园画传,双页,水墨,山水,Ink,Landscape,Landscape,Ink-Landscape,Ink-Landscape
"清_佚名_芥子园画传_双页_水墨,山水_峭壁,文字,边框_纸本_ _ _d5ca7ae8.jpg",清,佚名,芥子园画传,双页,水墨,山水,Ink,Landscape,Landscape,Ink-Landscape,Ink-Landscape
"清_佚名_芥子园画传_双页_水墨,山水_悬崖,峭壁,文字,边框,杂草_纸本_ _ _d4df7e2f.jpg",清,佚名,芥子园画传,双页,水墨,山水,Ink,Landscape,Landscape,Ink-Landscape,Ink-Landscape
"清_佚名_芥子园画传_双页_水墨,山水_悬崖,石头,杂草,文字,边框_纸本_ _ _c2394693.jpg",清,佚名,芥子园画传,双页,水墨,山水,Ink,Landscape,Landscape,Ink-Landscape,Ink-Landscape
"清_佚名_芥子园画传_双页_水墨,山水_悬崖,花,树,文字,边框_纸本_ _ _0e1c1e6e.jpg",清,佚名,芥子园画传,双页,水墨,山水,Ink,Landscape,Landscape,Ink-Landscape,Ink-Landscape
"清_佚名_芥子园画传_双页_水墨,山水_悬崖,草地,石头,文字,边框_纸本_ _ _72985896.jpg",清,佚名,芥子园画传,双页,水墨,山水,Ink,Landscape,Landscape,Ink-Landscape,Ink-Landscape
"清_佚名_芥子园画传_双页_水墨,山水_悬崖,草本植物,文字,边框_纸本_ _ _44448a9c.jpg",清,佚名,芥子园画传,双页,水墨,山水,Ink,Landscape,Landscape,Ink-Landscape,Ink-Landscape
"清_佚名_芥子园画传_双页_水墨,山水_悬崖,高山,山群,文字,边框_纸本_ _ _1825559b.jpg",清,佚名,芥子园画传,双页,水墨,山水,Ink,Landscape,Landscape,Ink-Landscape,Ink-Landscape
"清_佚名_芥子园画传_双页_水墨,山水_悬崖,高山,杂草,文字,边框,褪色_纸本_ _ _be245467.jpg",清,佚名,芥子园画传,双页,水墨,山水,Ink,Landscape,Landscape,Ink-Landscape,Ink-Landscape
"清_佚名_芥子园画传_双页_水墨,山水_房屋,树,文字,印章_纸本_ _ _7ce657f1.jpg",清,佚名,芥子园画传,双页,水墨,山水,Ink,Landscape,Landscape,Ink-Landscape,Ink-Landscape
"清_佚名_芥子园画传_双页_水墨,山水_房屋,高山,树,文字,边框_纸本_ _ _fdacd44a.jpg",清,佚名,芥子园画传,双页,水墨,山水,Ink,Landscape,Landscape,Ink-Landscape,Ink-Landscape
"清_佚名_芥子园画传_双页_水墨,山水_文字,房屋,树林,河流,山,印章_纸本_ _ _66f4dce6.jpg",清,佚名,芥子园画传,双页,水墨,山水,Ink,Landscape,Landscape,Ink-Landscape,Ink-Landscape
"清_佚名_芥子园画传_双页_水墨,山水_松树,坡地,文字,印章,草本植物_纸本_ _ _377bda77.jpg",清,佚名,芥子园画传,双页,水墨,山水,Ink,Landscape,Landscape,Ink-Landscape,Ink-Landscape
"清_佚名_芥子园画传_双页_水墨,山水_松树,屋檐,溪流,文字,印章_纸本_ _ _dc4b3252.jpg",清,佚名,芥子园画传,双页,水墨,山水,Ink,Landscape,Landscape,Ink-Landscape,Ink-Landscape
"清_佚名_芥子园画传_双页_水墨,山水_果树,高山,文字,装饰,印章_纸本_ _ _3d5c66d8.jpg",清,佚名,芥子园画传,双页,水墨,山水,Ink,Landscape,Landscape,Ink-Landscape,Ink-Landscape
"清_佚名_芥子园画传_双页_水墨,山水_树,瀑布,山群,边框,文字_纸本_ _ _cce673f4.jpg",清,佚名,芥子园画传,双页,水墨,山水,Ink,Landscape,Landscape,Ink-Landscape,Ink-Landscape
"清_佚名_芥子园画传_双页_水墨,山水_树林,石头,印章,文字_纸本_ _ _a0371462.jpg",清,佚名,芥子园画传,双页,水墨,山水,Ink,Landscape,Landscape,Ink-Landscape,Ink-Landscape
"清_佚名_芥子园画传_双页_水墨,山水_水生植物,高山,边框,文字,石头,草_纸本_ _ _f33db461.jpg",清,佚名,芥子园画传,双页,水墨,山水,Ink,Landscape,Landscape,Ink-Landscape,Ink-Landscape
"清_佚名_芥子园画传_双页_水墨,山水_河流,山,树,文字,印章_纸本_ _ _28cc8b29.jpg",清,佚名,芥子园画传,双页,水墨,山水,Ink,Landscape,Landscape,Ink-Landscape,Ink-Landscape
"清_佚名_芥子园画传_双页_水墨,山水_河流,瀑布,高山,花_纸本_ _ _e08813ac.jpg",清,佚名,芥子园画传,双页,水墨,山水,Ink,Landscape,Landscape,Ink-Landscape,Ink-Landscape
"清_佚名_芥子园画传_双页_水墨,山水_溪流,坡面,文字,边框_纸本_ _ _9f15213d.jpg",清,佚名,芥子园画传,双页,水墨,山水,Ink,Landscape,Landscape,Ink-Landscape,Ink-Landscape
"清_佚名_芥子园画传_双页_水墨,山水_潮汐,瀑布,高山,树,文字_纸本_ _ _6887f3bf.jpg",清,佚名,芥子园画传,双页,水墨,山水,Ink,Landscape,Landscape,Ink-Landscape,Ink-Landscape
"清_佚名_芥子园画传_双页_水墨,山水_瀑布,树林,石头,文字,边框_纸本_ _ _8e975215.jpg",清,佚名,芥子园画传,双页,水墨,山水,Ink,Landscape,Landscape,Ink-Landscape,Ink-Landscape
"清_佚名_芥子园画传_双页_水墨,山水_烟雾,河流,文字,边框_纸本_ _ _fc24d786.jpg",清,佚名,芥子园画传,双页,水墨,山水,Ink,Landscape,Landscape,Ink-Landscape,Ink-Landscape
"清_佚名_芥子园画传_双页_水墨,山水_石头,屋檐,篱笆,文字,印章,树_纸本_ _ _4f0f884c.jpg",清,佚名,芥子园画传,双页,水墨,山水,Ink,Landscape,Landscape,Ink-Landscape,Ink-Landscape
"清_佚名_芥子园画传_双页_水墨,山水_石头,文字,边框,坡地_纸本_ _ _51b829ea.jpg",清,佚名,芥子园画传,双页,水墨,山水,Ink,Landscape,Landscape,Ink-Landscape,Ink-Landscape
"清_佚名_芥子园画传_双页_水墨,山水_石头,文字,边框_纸本_ _ _cd685d20.jpg",清,佚名,芥子园画传,双页,水墨,山水,Ink,Landscape,Landscape,Ink-Landscape,Ink-Landscape
"清_佚名_芥子园画传_双页_水墨,山水_石头,树林,文字,边框_纸本_ _ _633318a3.jpg",清,佚名,芥子园画传,双页,水墨,山水,Ink,Landscape,Landscape,Ink-Landscape,Ink-Landscape
"清_佚名_芥子园画传_双页_水墨,山水_石头,边框,文字,草_纸本_ _ _a5e03a8f.jpg",清,佚名,芥子园画传,双页,水墨,山水,Ink,Landscape,Landscape,Ink-Landscape,Ink-Landscape
"清_佚名_芥子园画传_双页_水墨,山水_石头,边框,文字,褪色_纸本_ _ _948bddf8.jpg",清,佚名,芥子园画传,双页,水墨,山水,Ink,Landscape,Landscape,Ink-Landscape,Ink-Landscape
"清_佚名_芥子园画传_双页_水墨,山水_草,高山,石头,悬崖,文字,边框_纸本_ _ _9e06fb0b.jpg",清,佚名,芥子园画传,双页,水墨,山水,Ink,Landscape,Landscape,Ink-Landscape,Ink-Landscape
"清_佚名_芥子园画传_双页_水墨,山水_荒草,峭壁,边框,文字_纸本_ _ _43784a6c.jpg",清,佚名,芥子园画传,双页,水墨,山水,Ink,Landscape,Landscape,Ink-Landscape,Ink-Landscape
"清_佚名_芥子园画传_双页_水墨,山水_边框,悬崖,房屋,河流,水生植物,边框,文字,印章_ 纸本__7b9f0967.jpg",清,佚名,芥子园画传,双页,水墨,山水,Ink,Landscape,Landscape,Ink-Landscape,Ink-Landscape
"清_佚名_芥子园画传_双页_水墨,山水_边框,文字,山群,树林,印章_纸本_ _ _e0fdc6f0.jpg",清,佚名,芥子园画传,双页,水墨,山水,Ink,Landscape,Landscape,Ink-Landscape,Ink-Landscape
"清_佚名_芥子园画传_双页_水墨,山水_边框,松柏树,山,文字,印章,边框_纸本_ _ _9687cd85.jpg",清,佚名,芥子园画传,双页,水墨,山水,Ink,Landscape,Landscape,Ink-Landscape,Ink-Landscape
"清_佚名_芥子园画传_双页_水墨,山水_高山,悬崖,文字,边框_纸本_ _ _bfa33a68.jpg",清,佚名,芥子园画传,双页,水墨,山水,Ink,Landscape,Landscape,Ink-Landscape,Ink-Landscape
"清_佚名_芥子园画传_双页_水墨,山水_高山,房屋,松树,印章,文字_纸本_ _ _d11ebed3.jpg",清,佚名,芥子园画传,双页,水墨,山水,Ink,Landscape,Landscape,Ink-Landscape,Ink-Landscape
"清_佚名_芥子园画传_双页_水墨,山水_高山,松树,房屋,文字,印章_纸本_ _ _e8f8f6c0.jpg",清,佚名,芥子园画传,双页,水墨,山水,Ink,Landscape,Landscape,Ink-Landscape,Ink-Landscape
"清_佚名_芥子园画传_双页_水墨,山水_高山,树林,文字,边框_纸本_ _ _94568d88.jpg",清,佚名,芥子园画传,双页,水墨,山水,Ink,Landscape,Landscape,Ink-Landscape,Ink-Landscape
"清_佚名_芥子园画传_双页_水墨,山水_高山,树林,松树,文字,印章,边框_纸本_ _ _c943b1fa.jpg",清,佚名,芥子园画传,双页,水墨,山水,Ink,Landscape,Landscape,Ink-Landscape,Ink-Landscape
"清_佚名_芥子园画传_双页_浅绛,山水_人物,石头,悬崖,彩绘,文字,印章_纸本_ _ _2538a5e6.jpg",清,佚名,芥子园画传,双页,浅绛,山水,LightOchre,Landscape,Landscape,LightOchre-Landscape,LightOchre-Landscape
"清_佚名_芥子园画传_双页_浅绛,山水_人物,石头,河流,草,文字,印章_纸本_ _ _b8a1f081.jpg",清,佚名,芥子园画传,双页,浅绛,山水,LightOchre,Landscape,Landscape,LightOchre-Landscape,LightOchre-Landscape
"清_佚名_芥子园画传_双页_浅绛,山水_古树,房屋,山,草本植物,文字,印章_纸本_ _ _b181b494.jpg",清,佚名,芥子园画传,双页,浅绛,山水,LightOchre,Landscape,Landscape,LightOchre-Landscape,LightOchre-Landscape
"清_佚名_芥子园画传_双页_浅绛,山水_山,亭子,树,文字,印章_纸本_ _ _4874b472.jpg",清,佚名,芥子园画传,双页,浅绛,山水,LightOchre,Landscape,Landscape,LightOchre-Landscape,LightOchre-Landscape
"清_佚名_芥子园画传_双页_浅绛,山水_山,树,河流,彩绘,文字,印章_纸本_ _ _ba750ad9.jpg",清,佚名,芥子园画传,双页,浅绛,山水,LightOchre,Landscape,Landscape,LightOchre-Landscape,LightOchre-Landscape
"清_佚名_芥子园画传_双页_浅绛,山水_山,石头,船舶,人物,文字,边框_纸本_ _ _d1980e05.jpg",清,佚名,芥子园画传,双页,浅绛,山水,LightOchre,Landscape,Landscape,LightOchre-Landscape,LightOchre-Landscape
"清_佚名_芥子园画传_双页_浅绛,山水_山群,文字,印章,边框,河流_纸本_ _ _9b317e42.jpg",清,佚名,芥子园画传,双页,浅绛,山水,LightOchre,Landscape,Landscape,LightOchre-Landscape,LightOchre-Landscape
"清_佚名_芥子园画传_双页_浅绛,山水_山群,树,屋檐,文字,印章_纸本_ _ _c6b0ce68.jpg",清,佚名,芥子园画传,双页,浅绛,山水,LightOchre,Landscape,Landscape,LightOchre-Landscape,LightOchre-Landscape
"清_佚名_芥子园画传_双页_浅绛,山水_彩绘,山群,树,文字,文字_纸本_ _ _64d90d13.jpg",清,佚名,芥子园画传,双页,浅绛,山水,LightOchre,Landscape,Landscape,LightOchre-Landscape,LightOchre-Landscape
"清_佚名_芥子园画传_双页_浅绛,山水_彩绘,文字,印章,人物,水面,树_纸本_ _ _c91e98a3.jpg",清,佚名,芥子园画传,双页,浅绛,山水,LightOchre,Landscape,Landscape,LightOchre-Landscape,LightOchre-Landscape
"清_佚名_芥子园画传_双页_浅绛,山水_悬崖,人物,河流,船舶,彩绘,房屋_纸本_ _ _56aabc4c.jpg",清,佚名,芥子园画传,双页,浅绛,山水,LightOchre,Landscape,Landscape,LightOchre-Landscape,LightOchre-Landscape
"清_佚名_芥子园画传_双页_浅绛,山水_树,房屋,人物,船舶,河流,文字,边框,印章_纸本_ _ _e2051569.jpg",清,佚名,芥子园画传,双页,浅绛,山水,LightOchre,Landscape,Landscape,LightOchre-Landscape,LightOchre-Landscape
"清_佚名_芥子园画传_双页_浅绛,山水_树,高山,河流,屋檐,彩绘,文字,印章_纸本_ _ _91778565.jpg",清,佚名,芥子园画传,双页,浅绛,山水,LightOchre,Landscape,Landscape,LightOchre-Landscape,LightOchre-Landscape
"清_佚名_芥子园画传_双页_浅绛,山水_石头,树,印章,文字,印章_纸本_ _ _3ea85b7a.jpg",清,佚名,芥子园画传,双页,浅绛,山水,LightOchre,Landscape,Landscape,LightOchre-Landscape,LightOchre-Landscape
"清_佚名_芥子园画传_双页_浅绛,山水_高山,坡地,河,屋檐,文字,印章_纸本_ _ _c7ec78a7.jpg",清,佚名,芥子园画传,双页,浅绛,山水,LightOchre,Landscape,Landscape,LightOchre-Landscape,LightOchre-Landscape
"清_佚名_芥子园画传_双页_浅绛,山水_高山,树,河流,彩绘,文字,印章_纸本_ _ _4fff8050.jpg",清,佚名,芥子园画传,双页,浅绛,山水,LightOchre,Landscape,Landscape,LightOchre-Landscape,LightOchre-Landscape
"清_佚名_芥子园画传_双页_浅绛,山水_高山,石头,房屋,树,文字,印章_纸本_ _ _b948a5f5.jpg",清,佚名,芥子园画传,双页,浅绛,山水,LightOchre,Landscape,Landscape,LightOchre-Landscape,LightOchre-Landscape
"清_佚名_芥子园画传_双页_浅绛,山水_高山,装饰,文字,印章,树_纸本_ _ _082d7401.jpg",清,佚名,芥子园画传,双页,浅绛,山水,LightOchre,Landscape,Landscape,LightOchre-Landscape,LightOchre-Landscape
"清_傅山_傅山傅眉山水花卉冊_冊_浅绛,山水_高山,湖,亭子,树,文字 _ _25.7cmX25.2_4aa58698.jpg",清,傅山,傅山傅眉山水花卉冊,冊,浅绛,山水,LightOchre,Landscape,Landscape,LightOchre-Landscape,LightOchre-Landscape
"清_傅山_傅山傅眉山水花卉冊_冊頁_浅绛,山水_云,文字,印章,河流,小溪,山,树 _ _25.7c_4df5d6d8.jpg",清,傅山,傅山傅眉山水花卉冊,冊頁,浅绛,山水,LightOchre,Landscape,Landscape,LightOchre-Landscape,LightOchre-Landscape
"清_傅山_傅山傅眉山水花卉冊_页_浅绛,山水_树,树林,枫树林,水流,庭院,山,山林,印章,文字 __ebbf6b0e.jpg",清,傅山,傅山傅眉山水花卉冊,页,浅绛,山水,LightOchre,Landscape,Landscape,LightOchre-Landscape,LightOchre-Landscape
"清_傅山_傅山傅眉山水花卉冊_页_浅绛,山水_湖,石,桥,山,文字 _ _25.7cmX25.2cm_538f4322.jpg",清,傅山,傅山傅眉山水花卉冊,页,浅绛,山水,LightOchre,Landscape,Landscape,LightOchre-Landscape,LightOchre-Landscape
"清_傅山傅眉_山水花卉冊_页_写意,花鸟_树叶,印章,文字 _ _25.7cmX25.2cm _ _636318ed.jpg",清,傅山傅眉,山水花卉冊,页,写意,花鸟,Xieyi,FlowerBird,FlowerBird,Xieyi-FlowerBird,Xieyi-FlowerBird
"清_傅山傅眉_山水花卉冊_页_浅绛,山水_柳树,树林,房子,围栏,山,山群,月亮,印章,文字 _ __a9dff547.jpg",清,傅山傅眉,山水花卉冊,页,浅绛,山水,LightOchre,Landscape,Landscape,LightOchre-Landscape,LightOchre-Landscape
"清_傅眉, 傅山_傅山傅眉 山水花卉冊_冊_浅绛,山水_树林, 树, 云朵, 烟雾, 建筑, 围墙,_953df28d.jpg",清,"傅眉, 傅山",傅山傅眉 山水花卉冊,冊,浅绛,山水,LightOchre,Landscape,Landscape,LightOchre-Landscape,LightOchre-Landscape
"清_傅眉, 傅山_傅山傅眉山水花卉冊_冊_浅绛,山水_亭子, 柳树, 水池, 石头, 山, 河岸, _6703d53e.jpg",清,"傅眉, 傅山",傅山傅眉山水花卉冊,冊,浅绛,山水,LightOchre,Landscape,Landscape,LightOchre-Landscape,LightOchre-Landscape
"清_傅眉_傅山_傅山傅眉 山水花卉冊_冊_浅绛,山水_山,树,树林,云朵,河流,印章,文字 _ _2_9259e60a.jpg",清,傅眉,傅山,傅山傅眉 山水花卉冊,浅绛,山水,LightOchre,Landscape,Landscape,LightOchre-Landscape,LightOchre-Landscape
"清_傅眉_傅山_傅山傅眉 山水花卉冊_冊_浅绛,山水_山,树,树林,房子,河,桥,印章,文字 _ __c5096774.jpg",清,傅眉,傅山,傅山傅眉 山水花卉冊,浅绛,山水,LightOchre,Landscape,Landscape,LightOchre-Landscape,LightOchre-Landscape
"清_傅眉_傅山_傅山傅眉 山水花卉冊_冊_浅绛,山水_山水,树林,树,山,山林,建筑,围墙,印章,文_99b8c094.jpg",清,傅眉,傅山,傅山傅眉 山水花卉冊,浅绛,山水,LightOchre,Landscape,Landscape,LightOchre-Landscape,LightOchre-Landscape
"清_傅眉_傅山_傅眉山水花卉冊_页_浅绛,山水_青绿山水,树,溪,河,岸,山,桥,文字 _ _25._be39d6a1.jpg",清,傅眉,傅山,傅眉山水花卉冊,浅绛,山水,LightOchre,Landscape,Landscape,LightOchre-Landscape,LightOchre-Landscape
"清_傅眉_傅山傅眉_山水花卉冊_页_浅绛,山水_瀑布,树,树林,桥,河,河岸,山,山群,月亮,印章,_a2d88a38.jpg",清,傅眉,傅山傅眉,山水花卉冊,浅绛,山水,LightOchre,Landscape,Landscape,LightOchre-Landscape,LightOchre-Landscape
"清_傅眉_傅山傅眉山水花卉冊_册页_树,建筑,山,印章,文字 _ _25.7cmX25.2cm _ _浅绛,山水__fe17daf0.jpg",清,傅眉,傅山傅眉山水花卉冊,册页,浅绛,山水,LightOchre,Landscape,Landscape,LightOchre-Landscape,LightOchre-Landscape
"清_傅眉_傅山傅眉山水花卉冊_页_浅绛,山水_山,山群,水流,树,树林,庭院,印章,文字 _ _25_7d5f49e7.jpg",清,傅眉,傅山傅眉山水花卉冊,页,浅绛,山水,LightOchre,Landscape,Landscape,LightOchre-Landscape,LightOchre-Landscape
"清_傅眉、傅山_傅山傅眉 山水花卉冊_冊_浅绛,山水_山,人物,树林,印章,文字 _ _25.7cm_f3c69146.jpg",清,傅眉、傅山,傅山傅眉 山水花卉冊,冊,浅绛,山水,LightOchre,Landscape,Landscape,LightOchre-Landscape,LightOchre-Landscape
"清_八大山人_天光云景图册_页_水墨,山水_山,山地,建筑,房子,树,树枝,树叶,桥,石头,水,水面_f104ea50.jpg",清,八大山人,天光云景图册,页,水墨,山水,Ink,Landscape,Landscape,Ink-Landscape,Ink-Landscape
"清_八大山人_天光云景图册_页_水墨,山水_山,山林,山群,山地,建筑,房子,树,树林,树叶,树枝,水,水面,雾,雾气,草地,印章 _  _  _ _4fc93af4.jpg",清,八大山人,天光云景图册,页,水墨,山水,Ink,Landscape,Landscape,Ink-Landscape,Ink-Landscape
"清_八大山人_天光云景图册_页_水墨,山水_山,山林,山群,山地,草地,河岸,建筑,房子,树林,树,_e0e2bd16.jpg",清,八大山人,天光云景图册,页,水墨,山水,Ink,Landscape,Landscape,Ink-Landscape,Ink-Landscape
"清_八大山人_天光云景图册_页_水墨,山水_山,山林,山群,建筑,房子,树,树林,树叶,树枝,石头,_b2dd1f71.jpg",清,八大山人,天光云景图册,页,水墨,山水,Ink,Landscape,Landscape,Ink-Landscape,Ink-Landscape
"清_八大山人_天光云景图册_页_水墨,山水_山,山林,草地,山地,地面,树林,树,树枝,树叶,建筑,房子,桥,亭子,水,水面,水流,雾气,雾,文字,印章,石头 _  _  _ _4bcec19c.jpg",清,八大山人,天光云景图册,页,水墨,山水,Ink,Landscape,Landscape,Ink-Landscape,Ink-Landscape
"清_八大山人_天光云景图册_页_水墨,山水_树,树林,树叶,建筑,房子,亭子,石头,雾气,雾,印章,_1e13a19c.jpg",清,八大山人,天光云景图册,页,水墨,山水,Ink,Landscape,Landscape,Ink-Landscape,Ink-Landscape
"清_八大山人_天光云景图册_页_水墨,山水_石头,山,山林,水,水面,建筑,房子,挺,桥,草,水,水_89799800.jpg",清,八大山人,天光云景图册,页,水墨,山水,Ink,Landscape,Landscape,Ink-Landscape,Ink-Landscape
"清_冷枚_十宫词图册_页_工笔,人物_人物,古装,对话,溪流,桃树,梨树,瓦片,屋檐,松树,高山,浓_2c619655.jpg",清,冷枚,十宫词图册,页,工笔,人物,Gongbi,Figure,Figure,Gongbi-Figure,Gongbi-Figure
"清_冷枚_十宫词图册_页_工笔,人物_人物,古装,对话,针叶树,溪流,水草,篱笆,山群,松树,草地,_66592f1b.jpg",清,冷枚,十宫词图册,页,工笔,人物,Gongbi,Figure,Figure,Gongbi-Figure,Gongbi-Figure
"清_冷枚_梧桐双兔图_页_工笔,花鸟_ _花鸟_绢本_176.2cmX95cm _ _aa48a76b.jpg",清,冷枚,梧桐双兔图,页,工笔,花鸟,Gongbi,FlowerBird,FlowerBird,Gongbi-FlowerBird,Gongbi-FlowerBird
"清_冷枚_百子图_页_工笔,人物_ _人物_绢本_40cmX200cm _ _1e8275b8.jpg",清,冷枚,百子图,页,工笔,人物,Gongbi,Figure,Figure,Gongbi-Figure,Gongbi-Figure
"清_刘度_山水楼阁册_页_浅绛,山水_ _山水,楼阁_纸本_45cmX82cm _ _e445d638.jpg",清,刘度,山水楼阁册,页,浅绛,山水,LightOchre,Landscape,Landscape,LightOchre-Landscape,LightOchre-Landscape
"清_华喦_高枝好鸟图_页_工笔,花鸟_花鸟_纸本_43.3cmX100cm _ _2ee076fd.jpg",清,华喦,高枝好鸟图,页,工笔,花鸟,Gongbi,FlowerBird,FlowerBird,Gongbi-FlowerBird,Gongbi-FlowerBird
"清_华岩 _ _轴_没骨,花鸟_花鸟_纸本_46.1cmX132.6cm _ _9c4cebba.jpg",清,华岩,,轴,没骨,花鸟,Mogu,FlowerBird,FlowerBird,Mogu-FlowerBird,Mogu-FlowerBird
"清_华岩_山水十二开_页_水墨,山水_山,枯树,船坞,芦苇,人物,树,水面,印章,题字_纸本_22._5afe18f3.jpg",清,华岩,山水十二开,页,水墨,山水,Ink,Landscape,Landscape,Ink-Landscape,Ink-Landscape
"清_华岩_山水十二开_页_水墨,山水_篱笆,树,松树,针叶树,屋檐,船坞,人物,古装,石头,河流,文字,印章_纸本_22.6cmX30.9cm_页__07126d9b.jpg",清,华岩,山水十二开,页,水墨,山水,Ink,Landscape,Landscape,Ink-Landscape,Ink-Landscape
"清_华岩_山水十二开_页_水墨,山水_高山,山群,松树,河流,石头,印章,文字_纸本_22.6cmX_da2a9479.jpg",清,华岩,山水十二开,页,水墨,山水,Ink,Landscape,Landscape,Ink-Landscape,Ink-Landscape
"清_华岩_山水十二开_页_水墨,山水_高山,枯树,亭子,岩石,水面,悬崖,印章,文字_纸本_22.6_66789d16.jpg",清,华岩,山水十二开,页,水墨,山水,Ink,Landscape,Landscape,Ink-Landscape,Ink-Landscape
"清_华岩_山水十二开_页_水墨,山水_高山,针叶树,石头,屋檐,人物,树林,印章,文字_纸本_22._4389312a.jpg",清,华岩,山水十二开,页,水墨,山水,Ink,Landscape,Landscape,Ink-Landscape,Ink-Landscape
"清_华岩_山水十二开_页_浅绛,山水_松树,山群,高山,篱笆,屋檐,河流,柿树,人物,木桥,印章,题_1a4128c8.jpg",清,华岩,山水十二开,页,浅绛,山水,LightOchre,Landscape,Landscape,LightOchre-Landscape,LightOchre-Landscape
"清_华岩_山水十二开_页_浅绛,山水_树,屋檐,门窗,溪流,船坞,石头,草丛,高山,木桥,印章,文字_5e4717e4.jpg",清,华岩,山水十二开,页,浅绛,山水,LightOchre,Landscape,Landscape,LightOchre-Landscape,LightOchre-Landscape
"清_华岩_山水十二开_页_浅绛,山水_树,树林,石头,河流,船坞,屋檐,人物,渔夫,布衣,彩绘,印章_73b03eeb.jpg",清,华岩,山水十二开,页,浅绛,山水,LightOchre,Landscape,Landscape,LightOchre-Landscape,LightOchre-Landscape
"清_华岩_山水十二开_页_浅绛,山水_高山,松树,屋檐,人物,古装,树林,岩石,彩绘,印章,文字_纸_d3bf6abe.jpg",清,华岩,山水十二开,页,浅绛,山水,LightOchre,Landscape,Landscape,LightOchre-Landscape,LightOchre-Landscape
"清_华岩_山水十二开_页_浅绛,山水_高山,松树,屋檐,悬崖,山群,印章,题字,彩绘_纸本_22.6cmX30.9cm_页__bddf17fe.jpg",清,华岩,山水十二开,页,浅绛,山水,LightOchre,Landscape,Landscape,LightOchre-Landscape,LightOchre-Landscape
"清_华岩_山水十二开_页_浅绛,山水_高山,树林,屋檐,木桥,河流,印章,文字_纸本_22.6cmX_e75d8fc6.jpg",清,华岩,山水十二开,页,浅绛,山水,LightOchre,Landscape,Landscape,LightOchre-Landscape,LightOchre-Landscape
"清_华岩_柳禽图_页_写意,花鸟_ _写意,花鸟_纸本_52.7cmX142.1cm _ _2e684c12.jpg",清,华岩,柳禽图,页,写意,花鸟,Xieyi,FlowerBird,FlowerBird,Xieyi-FlowerBird,Xieyi-FlowerBird
"清_华岩_桃潭浴鸭图_页_没骨,花鸟_花鸟_纸本 _  _ _2bcb0e0c.jpg",清,华岩,桃潭浴鸭图,页,没骨,花鸟,Mogu,FlowerBird,FlowerBird,Mogu-FlowerBird,Mogu-FlowerBird
"清_华嵒 _  _页_没骨,花鸟_花鸟 _ _27cmX149cm _ _14a358c8.jpg",清,华嵒,,页,没骨,花鸟,Mogu,FlowerBird,FlowerBird,Mogu-FlowerBird,Mogu-FlowerBird
"清_华嵒_自画像 _页_浅绛,山水_山水 _ _97cmX42cm _ _c42b2c8c.jpg",清,华嵒,自画像,页,浅绛,山水,LightOchre,Landscape,Landscape,LightOchre-Landscape,LightOchre-Landscape
"清_叶欣_山水册_页_浅绛,山水_丘陵,人物,牛车,野菜,印章_纸本_ _页__fd14b0c8.jpg",清,叶欣,山水册,页,浅绛,山水,LightOchre,Landscape,Landscape,LightOchre-Landscape,LightOchre-Landscape
"清_叶欣_山水册_页_浅绛,山水_丘陵,屋檐,小河,古树,村舍,彩绘,印章,文字_纸本_ _页_.jpg_c8c4864b.jpg",清,叶欣,山水册,页,浅绛,山水,LightOchre,Landscape,Landscape,LightOchre-Landscape,LightOchre-Landscape
"清_叶欣_山水册_页_浅绛,山水_牛,坡地,枯树,山,彩绘,印章,文字_纸本_ _页__ec235786.jpg",清,叶欣,山水册,页,浅绛,山水,LightOchre,Landscape,Landscape,LightOchre-Landscape,LightOchre-Landscape
"清_叶欣_山水册_页_浅绛,山水_鸡,人物,屋檐,树,含花苞,篱笆,印章,文字,彩绘_纸本_ _页__e7a5a93a.jpg",清,叶欣,山水册,页,浅绛,山水,LightOchre,Landscape,Landscape,LightOchre-Landscape,LightOchre-Landscape
"清_吳宏_山水圖 _页_水墨,山水_山水_纸本_35cmX65cm _ _9d0eae86.jpg",清,吳宏,山水圖,页,水墨,山水,Ink,Landscape,Landscape,Ink-Landscape,Ink-Landscape
"清_吴历_仿古山水册_册页_写意,山水 _ _48cmX32cm _ _92054612.jpg",清,吴历,仿古山水册,册页,写意,山水,Xieyi,Landscape,Landscape,Xieyi-Landscape,Ink-Landscape
"清_吴历_拟古脱古图_页_水墨,山水_轴 _写意,山水_ _62cmX28cm_北京博物馆_333993a7.jpg",清,吴历,拟古脱古图,页,水墨,山水,Ink,Landscape,Landscape,Ink-Landscape,Ink-Landscape
"清_吴历_槐荣堂册_页_浅绛,山水_ _写意,山水_纸本_40cmX70cm _ _5457dd28.jpg",清,吴历,槐荣堂册,页,浅绛,山水,LightOchre,Landscape,Landscape,LightOchre-Landscape,LightOchre-Landscape
"清_吴应贞_荷花图_页_没骨,花鸟_ _花鸟_纸本_130cmX58.5cm_北京故宫博物院_a942d7a9.jpg",清,吴应贞,荷花图,页,没骨,花鸟,Mogu,FlowerBird,FlowerBird,Mogu-FlowerBird,Mogu-FlowerBird
"清_吴昌硕 _  _页_写意,花鸟_花鸟 _  _  _ _db30e53e.jpg",清,吴昌硕,,页,写意,花鸟,Xieyi,FlowerBird,FlowerBird,Xieyi-FlowerBird,Xieyi-FlowerBird
"清_吴昌硕_朝日红荷 _页_写意,花鸟_花鸟_纸本_93cmX46cm _ _e5d3e2ce.jpg",清,吴昌硕,朝日红荷,页,写意,花鸟,Xieyi,FlowerBird,FlowerBird,Xieyi-FlowerBird,Xieyi-FlowerBird
"清_吴昌硕_牡丹_页_写意,花鸟_花鸟_纸本_93cmX45cm _ _77b33a66.jpg",清,吴昌硕,牡丹,页,写意,花鸟,Xieyi,FlowerBird,FlowerBird,Xieyi-FlowerBird,Xieyi-FlowerBird
"清_吴昌硕_鞠有黄花 _页_写意,花鸟_花鸟_纸本_93cmX45cm _ _bbe06067.jpg",清,吴昌硕,鞠有黄花,页,写意,花鸟,Xieyi,FlowerBird,FlowerBird,Xieyi-FlowerBird,Xieyi-FlowerBird
"清_周笠 _  _页_浅绛,山水_山,山林,山群,树,树林,陆地,人,建筑,房子,水面,湖面,文字,印章 _  _  _ _f52735e1.jpg",清,周笠,,页,浅绛,山水,LightOchre,Landscape,Landscape,LightOchre-Landscape,LightOchre-Landscape
"清_周薡_山水圖_扇面_水墨,山水_树,树林,建筑,房子,石头,石,山,云,山林_纸本_35cmX65cm _ _fbe2eecb.jpg",清,周薡,山水圖,扇面,水墨,山水,Ink,Landscape,Landscape,Ink-Landscape,Ink-Landscape
"清_孙逸_山水图_页_浅绛,山水_轴_山水_纸本_50.6cmX150.4cm _ _84dea410.jpg",清,孙逸,山水图,页,浅绛,山水,LightOchre,Landscape,Landscape,LightOchre-Landscape,LightOchre-Landscape
"清_宋思仁_仿陈古白笔意花鸟_卷_写意,花鸟_花鸟_纸本_30cmX499cm _ _8d992e99.jpg",清,宋思仁,仿陈古白笔意花鸟,卷,写意,花鸟,Xieyi,FlowerBird,FlowerBird,Xieyi-FlowerBird,Xieyi-FlowerBird
"清_尤萃_花鸟珍禽图_页_工笔,花鸟_杏花双雉图_页_工笔,花鸟_ _花鸟_绢本_97.6cmX19_d2e27a6d.jpg",清,尤萃,花鸟珍禽图,页,工笔,花鸟,Gongbi,FlowerBird,FlowerBird,Gongbi-FlowerBird,Gongbi-FlowerBird
"清_居廉_富贵白头图_页_工笔,花鸟_花鸟_绢本_132.5cmX75cm _ _ced8e772.jpg",清,居廉,富贵白头图,页,工笔,花鸟,Gongbi,FlowerBird,FlowerBird,Gongbi-FlowerBird,Gongbi-FlowerBird
"清_居廉_花卉四屏之一 _页_工笔,花鸟_花卉_纸本_100cmX25.5cm _ _48593a04.jpg",清,居廉,花卉四屏之一,页,工笔,花鸟,Gongbi,FlowerBird,FlowerBird,Gongbi-FlowerBird,Gongbi-FlowerBird
"清_居廉_花卉四屏之三 _页_工笔,花鸟_花卉_纸本_100cmX25.5cm _ _72c357ce.jpg",清,居廉,花卉四屏之三,页,工笔,花鸟,Gongbi,FlowerBird,FlowerBird,Gongbi-FlowerBird,Gongbi-FlowerBird
"清_居廉_花卉四屏之二 _页_工笔,花鸟_花卉_纸本_100cmX25.5cm _ _36170870.jpg",清,居廉,花卉四屏之二,页,工笔,花鸟,Gongbi,FlowerBird,FlowerBird,Gongbi-FlowerBird,Gongbi-FlowerBird
"清_居廉_花卉四屏之四 _页_工笔,花鸟_花卉_纸本_100cmX25.5cm _ _7f2096ea.jpg",清,居廉,花卉四屏之四,页,工笔,花鸟,Gongbi,FlowerBird,FlowerBird,Gongbi-FlowerBird,Gongbi-FlowerBird
"清_居廉_花卉奇石册_没骨,花鸟_盛开花,石头,草,盛开花,印章,彩绘_纸本_ _页__57c0168f.jpg",清,居廉,花卉奇石册,"没骨,花鸟",没骨,花鸟,Mogu,FlowerBird,FlowerBird,Mogu-FlowerBird,Mogu-FlowerBird
"清_居廉_花卉奇石册_没骨,花鸟_石头,树叶,彩绘,印章_纸本_ _页__9a85b5a6.jpg",清,居廉,花卉奇石册,"没骨,花鸟",没骨,花鸟,Mogu,FlowerBird,FlowerBird,Mogu-FlowerBird,Mogu-FlowerBird
"清_居廉_花卉奇石册_没骨,花鸟_石头,树叶,虫子,盛开花,花,草,彩绘,印章_纸本_ _页__3341bb7a.jpg",清,居廉,花卉奇石册,"没骨,花鸟",没骨,花鸟,Mogu,FlowerBird,FlowerBird,Mogu-FlowerBird,Mogu-FlowerBird
"清_居廉_花卉奇石册_没骨,花鸟_石头,花,盛开花,含苞花,彩绘,印章_纸本_ _页__7c3bed01.jpg",清,居廉,花卉奇石册,"没骨,花鸟",没骨,花鸟,Mogu,FlowerBird,FlowerBird,Mogu-FlowerBird,Mogu-FlowerBird
"清_居廉_花卉奇石册_没骨,花鸟_石头,花,盛开花,草,虫子,彩绘,印章_纸本_ _页__4662a543.jpg",清,居廉,花卉奇石册,"没骨,花鸟",没骨,花鸟,Mogu,FlowerBird,FlowerBird,Mogu-FlowerBird,Mogu-FlowerBird
"清_居廉_花卉奇石册_没骨,花鸟_石头,花,草,草丛,盛开花,彩绘,印章_纸本_ _页__a088c703.jpg",清,居廉,花卉奇石册,"没骨,花鸟",没骨,花鸟,Mogu,FlowerBird,FlowerBird,Mogu-FlowerBird,Mogu-FlowerBird
"清_居廉_花卉奇石册_没骨,花鸟_石头,花,虫子,草,彩绘,印章_纸本_ _页_)_5318c3ef.jpg",清,居廉,花卉奇石册,"没骨,花鸟",没骨,花鸟,Mogu,FlowerBird,FlowerBird,Mogu-FlowerBird,Mogu-FlowerBird
"清_居廉_花卉奇石册_没骨,花鸟_石头,草,彩绘,印章_纸本_ _页__e5c13b34.jpg",清,居廉,花卉奇石册,"没骨,花鸟",没骨,花鸟,Mogu,FlowerBird,FlowerBird,Mogu-FlowerBird,Mogu-FlowerBird
"清_居廉_花卉奇石册_没骨,花鸟_石头,草,花,盛开花,树叶,彩绘,印章_纸本_ _页__d0ef5963.jpg",清,居廉,花卉奇石册,"没骨,花鸟",没骨,花鸟,Mogu,FlowerBird,FlowerBird,Mogu-FlowerBird,Mogu-FlowerBird
"清_居廉_花卉奇石册_没骨,花鸟_石头,草,花,虫子_纸本_ _页__1d5a2861.jpg",清,居廉,花卉奇石册,"没骨,花鸟",没骨,花鸟,Mogu,FlowerBird,FlowerBird,Mogu-FlowerBird,Mogu-FlowerBird
"清_居廉_花卉奇石册_没骨,花鸟_石头,草,虫子,彩绘,印章_纸本_ _页__adefc8ab.jpg",清,居廉,花卉奇石册,"没骨,花鸟",没骨,花鸟,Mogu,FlowerBird,FlowerBird,Mogu-FlowerBird,Mogu-FlowerBird
"清_居廉_花卉奇石册_没骨,花鸟_花,草,石头,树叶,彩绘,印章_纸本_ _页__a39be4c1.jpg",清,居廉,花卉奇石册,"没骨,花鸟",没骨,花鸟,Mogu,FlowerBird,FlowerBird,Mogu-FlowerBird,Mogu-FlowerBird
"清_崔鹤_李香君像_页_工笔,人物_人物_纸本_52.4cmX124cm _ _f346da47.jpg",清,崔鹤,李香君像,页,工笔,人物,Gongbi,Figure,Figure,Gongbi-Figure,Gongbi-Figure
"清_康寿_孟母教子图_页_工笔,人物_ _人物_绢本_64cmX142cm_北京故宫博物院_25800ba3.jpg",清,康寿,孟母教子图,页,工笔,人物,Gongbi,Figure,Figure,Gongbi-Figure,Gongbi-Figure
"清_弘仁_山水中堂_页_水墨,山水_山水_纸本_70.3cmX203.5cm _ _f945e9ef.jpg",清,弘仁,山水中堂,页,水墨,山水,Ink,Landscape,Landscape,Ink-Landscape,Ink-Landscape
"清_弘仁_山水图_页_浅绛,山水_卷_山水 _ _33cmX221cm _ _cbef7e49.jpg",清,弘仁,山水图,页,浅绛,山水,LightOchre,Landscape,Landscape,LightOchre-Landscape,LightOchre-Landscape
"清_弘历_松树图 _ _松树_水墨,山水_纸本_29.4cmX34.9cm _ _40f53704.jpg",清,弘历,松树图,,水墨,山水,Ink,Landscape,Landscape,Ink-Landscape,Ink-Landscape
"清_张宗苍_山水册_页_浅绛,山水_ _山水_纸本_144.6cmX75.3cm _ _6ba2e28c.jpg",清,张宗苍,山水册,页,浅绛,山水,LightOchre,Landscape,Landscape,LightOchre-Landscape,LightOchre-Landscape
"清_张赐宁_山水图_页_水墨,山水_卷_山水 _ _33.8cmX223cm _ _dec20c8c.jpg",清,张赐宁,山水图,页,水墨,山水,Ink,Landscape,Landscape,Ink-Landscape,Ink-Landscape
"清_徐扬_姑苏繁华图卷_页_浅绛,山水_屋檐,人物,古装,河流,松树,针叶树,城墙,石桥,船坞,街道_b33248d7.jpg",清,徐扬,姑苏繁华图卷,页,浅绛,山水,LightOchre,Landscape,Landscape,LightOchre-Landscape,LightOchre-Landscape
"清_徐扬_姑苏繁华图卷_页_浅绛,山水_屋檐,人物,行人,古装,河流,松树,针叶树,围墙,山,山群,_30a28dfd.jpg",清,徐扬,姑苏繁华图卷,页,浅绛,山水,LightOchre,Landscape,Landscape,LightOchre-Landscape,LightOchre-Landscape
"清_徐扬_姑苏繁华图卷_页_浅绛,山水_山群,高山,树林,松树,亭子,屋檐,河流,人物,古装,船坞,_03f47d1f.jpg",清,徐扬,姑苏繁华图卷,页,浅绛,山水,LightOchre,Landscape,Landscape,LightOchre-Landscape,LightOchre-Landscape
"清_徐扬_姑苏繁华图卷_页_浅绛,山水_高山,松树,屋檐,江,人物,古装,石桥,桃花,树林,彩绘_纸_f21155ad.jpg",清,徐扬,姑苏繁华图卷,页,浅绛,山水,LightOchre,Landscape,Landscape,LightOchre-Landscape,LightOchre-Landscape
"清_徐杨_牡丹山鹧 _页_写意,花鸟_花鸟_纸本_55cmX117cm _ _45158ca4.jpg",清,徐杨,牡丹山鹧,页,写意,花鸟,Xieyi,FlowerBird,FlowerBird,Xieyi-FlowerBird,Xieyi-FlowerBird
"清_恽冰_牡丹图_页_工笔,花鸟_ _工笔,花鸟 _ _31.1cmX34cm _ _2802bc5a.jpg",清,恽冰,牡丹图,页,工笔,花鸟,Gongbi,FlowerBird,FlowerBird,Gongbi-FlowerBird,Gongbi-FlowerBird
"清_恽寿平_九兰图_页_工笔,花鸟_ _花鸟_绢本_23.4cmX60.8cm _ _b8e79a75.jpg",清,恽寿平,九兰图,页,工笔,花鸟,Gongbi,FlowerBird,FlowerBird,Gongbi-FlowerBird,Gongbi-FlowerBird
"清_恽寿平_书画合册_页_水墨,山水_写意,山水,树木,石头_  _  _ _33ce9624.jpg",清,恽寿平,书画合册,页,水墨,山水,Ink,Landscape,Landscape,Ink-Landscape,Ink-Landscape
"清_恽寿平_书画合册_页_水墨,山水_华溪渔隐、西溪钓徒 _  _  _ _951df3f1.jpg",清,恽寿平,书画合册,页,水墨,山水,Ink,Landscape,Landscape,Ink-Landscape,Ink-Landscape
"清_恽寿平_书画合册_页_水墨,山水_长林、放艇、沧浪 _  _  _ _c2252843.jpg",清,恽寿平,书画合册,页,水墨,山水,Ink,Landscape,Landscape,Ink-Landscape,Ink-Landscape
"清_恽寿平_令谁浅马融才 _页_水墨,山水_山水 _  _  _ _cd815eea.jpg",清,恽寿平,令谁浅马融才,页,水墨,山水,Ink,Landscape,Landscape,Ink-Landscape,Ink-Landscape
"清_恽寿平_仿古山水册_页_浅绛,山水_临江贯道江山积雪_册页_山水 _  _  _ _b7b34782.jpg",清,恽寿平,仿古山水册,页,浅绛,山水,LightOchre,Landscape,Landscape,LightOchre-Landscape,LightOchre-Landscape
"清_恽寿平_仿古山水册_页_浅绛,山水_山水 _  _  _ _42c9c760.jpg",清,恽寿平,仿古山水册,页,浅绛,山水,LightOchre,Landscape,Landscape,LightOchre-Landscape,LightOchre-Landscape
"清_恽寿平_仿古山水册_页_浅绛,山水_江天楼阁郭恕先纨扇本宋岁廊题董文敏称为宋画第一_册页_山水_纨扇本 _  _ _7c7080c7.jpg",清,恽寿平,仿古山水册,页,浅绛,山水,LightOchre,Landscape,Landscape,LightOchre-Landscape,LightOchre-Landscape
"清_恽寿平_仿古山水册_页_浅绛,山水_秃管戏拈一两折生烟飞灵气百变得自然夏山图_页_浅绛,山水_册_ebb6d0ef.jpg",清,恽寿平,仿古山水册,页,浅绛,山水,LightOchre,Landscape,Landscape,LightOchre-Landscape,LightOchre-Landscape
"清_恽寿平_仿古山水册_页_浅绛,山水_竹树_南田又题_册页_山水、竹树 _  _  _ _284c06e4.jpg",清,恽寿平,仿古山水册,页,浅绛,山水,LightOchre,Landscape,Landscape,LightOchre-Landscape,LightOchre-Landscape
"清_恽寿平_仿古山水册_页_浅绛,山水_红不是武陵春多事花溪远问津若道于隐士青衣若笠是何人_册页_山_934933f1.jpg",清,恽寿平,仿古山水册,页,浅绛,山水,LightOchre,Landscape,Landscape,LightOchre-Landscape,LightOchre-Landscape
"清_恽寿平_仿古山水册_页_浅绛,山水_西临秋齐黄鹤山樵有秋山萧寺_册页_山水 _  _  _ _3ebcd6db.jpg",清,恽寿平,仿古山水册,页,浅绛,山水,LightOchre,Landscape,Landscape,LightOchre-Landscape,LightOchre-Landscape
"清_恽寿平_仿古山水册_页_浅绛,山水_郭河阳寒山行旅南田_册页_山水 _  _  _ _da6b71ac.jpg",清,恽寿平,仿古山水册,页,浅绛,山水,LightOchre,Landscape,Landscape,LightOchre-Landscape,LightOchre-Landscape
"清_恽寿平_修枝带文羽 _文字_没骨,花鸟_ _35.7cmX26.3cm _ _1f702efc.jpg",清,恽寿平,修枝带文羽,文字,没骨,花鸟,Mogu,FlowerBird,FlowerBird,Mogu-FlowerBird,Mogu-FlowerBird
"清_恽寿平_元介老姬属园齐中竹石小景居士_扇面_没骨,花鸟_山水,花卉,竹石_纸本_52.3x24.6 _ _ea258fae.jpg",清,恽寿平,元介老姬属园齐中竹石小景居士,扇面,没骨,花鸟,Mogu,FlowerBird,FlowerBird,Mogu-FlowerBird,Mogu-FlowerBird
"清_恽寿平_冷草不爱蝶霜红欢醉人好花狄更丽何必羡华春云溪寿平_扇面_没骨,花鸟_山水,花卉_纸本_5_f4cc8fde.jpg",清,恽寿平,冷草不爱蝶霜红欢醉人好花狄更丽何必羡华春云溪寿平,扇面,没骨,花鸟,Mogu,FlowerBird,FlowerBird,Mogu-FlowerBird,Mogu-FlowerBird
"清_恽寿平_出水芙蓉 _页_没骨,花鸟_花鸟 _  _  _ _1e2789c0.jpg",清,恽寿平,出水芙蓉,页,没骨,花鸟,Mogu,FlowerBird,FlowerBird,Mogu-FlowerBird,Mogu-FlowerBird
"清_恽寿平_出水芙蓉 _页_没骨,花鸟_花鸟_纸本 _  _ _9aade074.jpg",清,恽寿平,出水芙蓉,页,没骨,花鸟,Mogu,FlowerBird,FlowerBird,Mogu-FlowerBird,Mogu-FlowerBird
"清_恽寿平_双松流溪册_页_水墨,山水_ _山水_绢本_71.4cmX173cm _ _c94d35ae.jpg",清,恽寿平,双松流溪册,页,水墨,山水,Ink,Landscape,Landscape,Ink-Landscape,Ink-Landscape
"清_恽寿平_含笑看瑶姬_扇面_没骨,花鸟_工笔,花,叶子_纸本 _  _ _839487e0.jpg",清,恽寿平,含笑看瑶姬,扇面,没骨,花鸟,Mogu,FlowerBird,FlowerBird,Mogu-FlowerBird,Mogu-FlowerBird
"清_恽寿平_山水册_页_水墨,山水_临黄鹤山极_页_浅绛,山水_高山,山群,屋檐,树林,山地,印章__73125cd3.jpg",清,恽寿平,山水册,页,水墨,山水,Ink,Landscape,Landscape,Ink-Landscape,Ink-Landscape
"清_恽寿平_山水册_页_水墨,山水_北苑浅色松_页_浅绛,山水_高山,山地,树林,水面,岩石,印章,_b850a25c.jpg",清,恽寿平,山水册,页,水墨,山水,Ink,Landscape,Landscape,Ink-Landscape,Ink-Landscape
"清_恽寿平_山水册_页_水墨,山水_曹云西庐滩秋雨_页_浅绛,山水_高山,枯树,石头,杂草,印章,题字_纸本_27cmX39.7cm_ _大都会博物馆_64dab399.jpg",清,恽寿平,山水册,页,水墨,山水,Ink,Landscape,Landscape,Ink-Landscape,Ink-Landscape
"清_恽寿平_山水册_页_水墨,山水_洪谷子写古松数百本得其真余_山,枯树,古树,印章,题字_纸本_27cmX39.7cm_ _大都会博物馆_73bf8161.jpg",清,恽寿平,山水册,页,水墨,山水,Ink,Landscape,Landscape,Ink-Landscape,Ink-Landscape
"清_恽寿平_山水册_页_水墨,山水_观朱泽民双树小卷用其法作竹石寒林_岩石,古树,杂草,野草,印章,_9b48352b.jpg",清,恽寿平,山水册,页,水墨,山水,Ink,Landscape,Landscape,Ink-Landscape,Ink-Landscape
"清_恽寿平_山水册_页_浅绛,山水_子久天池石峰_页_浅绛,山水_高山,水面,房子,古树,地面,印章_debea8d5.jpg",清,恽寿平,山水册,页,浅绛,山水,LightOchre,Landscape,Landscape,LightOchre-Landscape,LightOchre-Landscape
"清_恽寿平_山水册_页_浅绛,山水_雨后看山因楼高尚书法_页_浅绛,山水_高山,山群,树林,渔夫,水面,印章,题字_纸本_27cmX39.7cm_ _大都会博物馆_87aaea7e.jpg",清,恽寿平,山水册,页,浅绛,山水,LightOchre,Landscape,Landscape,LightOchre-Landscape,LightOchre-Landscape
"清_恽寿平_山水册_页_浅绛,山水_鹊华秋色仿赵承_页_浅绛,山水_高山,山地,树,水面,石头,印章,题字_纸本_27cmX39.7cm_ _大都会博物馆_eaaf55e0.jpg",清,恽寿平,山水册,页,浅绛,山水,LightOchre,Landscape,Landscape,LightOchre-Landscape,LightOchre-Landscape
"清_恽寿平_山水花卉1_页_写意,花鸟 _山水,花卉 _  _  _  4_38c96c66.jpg",清,恽寿平,山水花卉1,页,写意,花鸟,Xieyi,FlowerBird,FlowerBird,Xieyi-FlowerBird,Xieyi-FlowerBird
"清_恽寿平_山水花卉1_页_写意,花鸟 _山水,花卉 _  _  _  7_79d3cf71.jpg",清,恽寿平,山水花卉1,页,写意,花鸟,Xieyi,FlowerBird,FlowerBird,Xieyi-FlowerBird,Xieyi-FlowerBird
"清_恽寿平_山水花卉1_页_没骨,花鸟 _山水,花卉 _  _  _  2_e518a4c0.jpg",清,恽寿平,山水花卉1,页,没骨,花鸟,Mogu,FlowerBird,FlowerBird,Mogu-FlowerBird,Mogu-FlowerBird
"清_恽寿平_山水花卉1_页_没骨,花鸟 _山水,花卉 _  _  _  3_6a5c9ee0.jpg",清,恽寿平,山水花卉1,页,没骨,花鸟,Mogu,FlowerBird,FlowerBird,Mogu-FlowerBird,Mogu-FlowerBird
"清_恽寿平_山水花卉1_页_没骨,花鸟 _山水,花卉 _  _  _  6_02eb3321.jpg",清,恽寿平,山水花卉1,页,没骨,花鸟,Mogu,FlowerBird,FlowerBird,Mogu-FlowerBird,Mogu-FlowerBird
"清_恽寿平_山水花卉1_页_没骨,花鸟 _山水,花卉 _  _  _ _07d5ae02.jpg",清,恽寿平,山水花卉1,页,没骨,花鸟,Mogu,FlowerBird,FlowerBird,Mogu-FlowerBird,Mogu-FlowerBird
"清_恽寿平_折枝图页_页_没骨,花鸟_花鸟 _  _  _ _e240a932.jpg",清,恽寿平,折枝图页,页,没骨,花鸟,Mogu,FlowerBird,FlowerBird,Mogu-FlowerBird,Mogu-FlowerBird
"清_恽寿平_摹古木寒鸦 _页_浅绛,山水_山水 _  _  _ _bc1b53bd.jpg",清,恽寿平,摹古木寒鸦,页,浅绛,山水,LightOchre,Landscape,Landscape,LightOchre-Landscape,LightOchre-Landscape
"清_恽寿平_梨花图_页_没骨,花鸟_花鸟 _  _ _纳尔逊博物馆_be7c00f0.jpg",清,恽寿平,梨花图,页,没骨,花鸟,Mogu,FlowerBird,FlowerBird,Mogu-FlowerBird,Mogu-FlowerBird
"清_恽寿平_洒金玉兰 _页_写意,花鸟_花鸟 _  _  _ _af9cdd25.jpg",清,恽寿平,洒金玉兰,页,写意,花鸟,Xieyi,FlowerBird,FlowerBird,Xieyi-FlowerBird,Xieyi-FlowerBird
"清_恽寿平_湖山春暖册_页_浅绛,山水_ _山水_绢本_632cmX57.7cm _ _c28fec7d.jpg",清,恽寿平,湖山春暖册,页,浅绛,山水,LightOchre,Landscape,Landscape,LightOchre-Landscape,LightOchre-Landscape
"清_恽寿平_溪山行旅摹北苑半幅面 _页_水墨,山水_山水 _  _  _ _60811e4a.jpg",清,恽寿平,溪山行旅摹北苑半幅面,页,水墨,山水,Ink,Landscape,Landscape,Ink-Landscape,Ink-Landscape
"清_恽寿平_牡丹_锦阵曾遮洛浦凤箫还忆旧华春北方谁唱延年曲犹有倾城独立人 _页_工笔,花鸟_工笔,牡丹_设色 _ _台湾故宫博物院_2f0ae42f.jpg",清,恽寿平,牡丹,锦阵曾遮洛浦凤箫还忆旧华春北方谁唱延年曲犹有倾城独立人,工笔,花鸟,Gongbi,FlowerBird,FlowerBird,Gongbi-FlowerBird,Gongbi-FlowerBird
"清_恽寿平_牡丹册_册页_没骨,花鸟_ _30.2cmX20cm _ _8e0291f0.jpg",清,恽寿平,牡丹册,册页,没骨,花鸟,Mogu,FlowerBird,FlowerBird,Mogu-FlowerBird,Mogu-FlowerBird
"清_恽寿平_王翚_仿李咸熙古涧寒时_页_水墨,山水_花卉,山水 _  _  _ _b7ad450c.jpg",清,恽寿平,王翚,仿李咸熙古涧寒时,水墨,山水,Ink,Landscape,Landscape,Ink-Landscape,Ink-Landscape
"清_恽寿平_王翚_花卉山水合册_页_写意,花鸟_赵子固作水仙神韵清逸南田摹本笔有余妍不妨亚美石谷翚_册页_工笔,花卉_  _  _ _907d966f.jpg",清,恽寿平,王翚,花卉山水合册,写意,花鸟,Xieyi,FlowerBird,FlowerBird,Xieyi-FlowerBird,Xieyi-FlowerBird
"清_恽寿平_王翚_花卉山水合册_页_水墨,山水_宿雨高尚书有近在余家_册页_花卉_山水 _  _  _ _3657123b.jpg",清,恽寿平,王翚,花卉山水合册,水墨,山水,Ink,Landscape,Landscape,Ink-Landscape,Ink-Landscape
"清_恽寿平_王翚_花卉山水合册_页_没骨,花鸟_工笔,牡丹_册页_花卉_山水 _  _  _ _5d581ae0.jpg",清,恽寿平,王翚,花卉山水合册,没骨,花鸟,Mogu,FlowerBird,FlowerBird,Mogu-FlowerBird,Mogu-FlowerBird
"清_恽寿平_王翚_花卉山水合册_页_没骨,花鸟_秋园卉草笔思清一人也鸟目山中人王翚题南田写生_册页_工笔,花卉_花鸟 _  _  _ _e6fc096a.jpg",清,恽寿平,王翚,花卉山水合册,没骨,花鸟,Mogu,FlowerBird,FlowerBird,Mogu-FlowerBird,Mogu-FlowerBird
"清_恽寿平_王翚花卉山水合册_页_没骨,花鸟_盛开花,草,树叶,印章_纸本_28.5x43cm_页__ffbd47f5.jpg",清,恽寿平,王翚花卉山水合册,页,没骨,花鸟,Mogu,FlowerBird,FlowerBird,Mogu-FlowerBird,Mogu-FlowerBird
"清_恽寿平_甜瓜悬苦藤 _页_写意,花鸟_文字,花鸟,虫子,树枝,树叶_ _35.7cmX26.3cm _ _cb1f9646.jpg",清,恽寿平,甜瓜悬苦藤,页,写意,花鸟,Xieyi,FlowerBird,FlowerBird,Xieyi-FlowerBird,Xieyi-FlowerBird
"清_恽寿平_百花图_页_工笔,花鸟_卷_花鸟_绢本_32cmX228cm _ _cee190bc.jpg",清,恽寿平,百花图,页,工笔,花鸟,Gongbi,FlowerBird,FlowerBird,Gongbi-FlowerBird,Gongbi-FlowerBird
"清_恽寿平_眉钓春声流秋乡冷烟 _页_没骨,花鸟_ _35.7cmX26.3cm _ _6817d3c1.jpg",清,恽寿平,眉钓春声流秋乡冷烟,页,没骨,花鸟,Mogu,FlowerBird,FlowerBird,Mogu-FlowerBird,Mogu-FlowerBird
"清_恽寿平_秋塘双浴 _页_没骨,花鸟_花鸟 _  _  _ _d4a5526f.jpg",清,恽寿平,秋塘双浴,页,没骨,花鸟,Mogu,FlowerBird,FlowerBird,Mogu-FlowerBird,Mogu-FlowerBird
"清_恽寿平_秋海棠图_页_没骨,花鸟_ _没骨,花鸟_ _42cmX60cm _ _867af7c7.jpg",清,恽寿平,秋海棠图,页,没骨,花鸟,Mogu,FlowerBird,FlowerBird,Mogu-FlowerBird,Mogu-FlowerBird
"清_恽寿平_米海狱烟云供养_页_水墨,山水_山群,高山,水面,树,房子,印章,题字_纸本_27cmx39.7cm_页_._597b67f1.jpg",清,恽寿平,米海狱烟云供养,页,水墨,山水,Ink,Landscape,Landscape,Ink-Landscape,Ink-Landscape
"清_恽寿平_红叶开时生老命图_页_没骨,花鸟_扇面_山水花卉, 芍药_纸本_52.1cmX24cm _ _911a6503.jpg",清,恽寿平,红叶开时生老命图,页,没骨,花鸟,Mogu,FlowerBird,FlowerBird,Mogu-FlowerBird,Mogu-FlowerBird
"清_恽寿平_绵雨溪村 _页_水墨,山水_山水 _  _  _ _79f436f0.jpg",清,恽寿平,绵雨溪村,页,水墨,山水,Ink,Landscape,Landscape,Ink-Landscape,Ink-Landscape
"清_恽寿平_花卉图冊之一_桃花_武陵春色玉洞朝霞云溪寿平_页_没骨,花鸟_花卉、桃花 _  _  _ _ecc81470.jpg",清,恽寿平,花卉图冊之一,桃花,没骨,花鸟,Mogu,FlowerBird,FlowerBird,Mogu-FlowerBird,Mogu-FlowerBird
"清_恽寿平_花卉图冊之四_豆花石竹_页_没骨,花鸟_花卉 _  _  _ _4c3dc842.jpg",清,恽寿平,花卉图冊之四,豆花石竹,没骨,花鸟,Mogu,FlowerBird,FlowerBird,Mogu-FlowerBird,Mogu-FlowerBird
"清_恽寿平_花果蔬菜 _页_工笔,花鸟_工笔,花果,蔬菜 _  _  _ _ef727e77.jpg",清,恽寿平,花果蔬菜,页,工笔,花鸟,Gongbi,FlowerBird,FlowerBird,Gongbi-FlowerBird,Gongbi-FlowerBird
"清_恽寿平_花果蔬菜 _页_工笔,花鸟_工笔,花果蔬菜_绢本_20cmX26.3cm _ _90d26d22.jpg",清,恽寿平,花果蔬菜,页,工笔,花鸟,Gongbi,FlowerBird,FlowerBird,Gongbi-FlowerBird,Gongbi-FlowerBird
"清_恽寿平_花果蔬菜_竹笋图 _页_工笔,花鸟_工笔,花果蔬菜,竹笋_绢本_20cmX26.3cm _ _fc07ace8.jpg",清,恽寿平,花果蔬菜,竹笋图,工笔,花鸟,Gongbi,FlowerBird,FlowerBird,Gongbi-FlowerBird,Gongbi-FlowerBird
"清_恽寿平_花隝夕阳图_页_浅绛,山水_花鸟 _ _27cmX122cm _ _4497c60f.jpg",清,恽寿平,花隝夕阳图,页,浅绛,山水,LightOchre,Landscape,Landscape,LightOchre-Landscape,LightOchre-Landscape
"清_恽寿平_花鸟册_页_没骨,花鸟_花鸟 _  _  _ _1735758777_e4c40cc1.jpg",清,恽寿平,花鸟册,页,没骨,花鸟,Mogu,FlowerBird,FlowerBird,Mogu-FlowerBird,Mogu-FlowerBird
"清_恽寿平_花鸟册_页_没骨,花鸟_花鸟 _  _  _ _24fd1058.jpg",清,恽寿平,花鸟册,页,没骨,花鸟,Mogu,FlowerBird,FlowerBird,Mogu-FlowerBird,Mogu-FlowerBird
"清_恽寿平_花鸟册_页_没骨,花鸟_花鸟_  _  _ _a5065804.jpg",清,恽寿平,花鸟册,页,没骨,花鸟,Mogu,FlowerBird,FlowerBird,Mogu-FlowerBird,Mogu-FlowerBird
"清_恽寿平_菊花_此问秋不入青女 _页_没骨,花鸟 _ _35.7cmX26.3cm _ _ac5a0718.jpg",清,恽寿平,菊花,此问秋不入青女,没骨,花鸟,Mogu,FlowerBird,FlowerBird,Mogu-FlowerBird,Mogu-FlowerBird
"清_恽寿平_落花游鱼(临刘寀) _页_没骨,花鸟_花鸟 _  _  _ _f53d3a1c.jpg",清,恽寿平,落花游鱼(临刘寀),页,没骨,花鸟,Mogu,FlowerBird,FlowerBird,Mogu-FlowerBird,Mogu-FlowerBird
"清_恽寿平_葡萄图 _页_工笔,花鸟_工笔,花果蔬菜_绢本_20cmX26.3cm _ _e0e68abd.jpg",清,恽寿平,葡萄图,页,工笔,花鸟,Gongbi,FlowerBird,FlowerBird,Gongbi-FlowerBird,Gongbi-FlowerBird
"清_恽寿平_赵荣绿红霞秋齐江上看丹枫红柏烟翠相间研色成不觉满纸 _页_浅绛,山水_山水 _  _  _ _a361009c.jpg",清,恽寿平,赵荣绿红霞秋齐江上看丹枫红柏烟翠相间研色成不觉满纸,页,浅绛,山水,LightOchre,Landscape,Landscape,LightOchre-Landscape,LightOchre-Landscape
"清_惲壽平_甌香館寫生册_页_写意,花鸟_梅花_册頁_花鳥_绢本_28cmX35cm _ _dde64038.jpg",清,惲壽平,甌香館寫生册,页,写意,花鸟,Xieyi,FlowerBird,FlowerBird,Xieyi-FlowerBird,Xieyi-FlowerBird
"清_惲壽平_甌香館寫生册_页_没骨,花鸟_卷丹_册頁_花鳥_绢本_28cmX35cm _ _1f5ae575.jpg",清,惲壽平,甌香館寫生册,页,没骨,花鸟,Mogu,FlowerBird,FlowerBird,Mogu-FlowerBird,Mogu-FlowerBird
"清_惲壽平_甌香館寫生册_页_没骨,花鸟_枇杷_册頁_花鳥_绢本_28cmX35cm _ _aa958eea.jpg",清,惲壽平,甌香館寫生册,页,没骨,花鸟,Mogu,FlowerBird,FlowerBird,Mogu-FlowerBird,Mogu-FlowerBird
"清_惲壽平_甌香館寫生册_页_没骨,花鸟_桃花_册頁_花鳥_绢本_28cmX35cm _ _808c5a90.jpg",清,惲壽平,甌香館寫生册,页,没骨,花鸟,Mogu,FlowerBird,FlowerBird,Mogu-FlowerBird,Mogu-FlowerBird
"清_惲壽平_甌香館寫生册_页_没骨,花鸟_洛陽花_册頁_花鳥_绢本_28cmX35cm _ _ace4412e.jpg",清,惲壽平,甌香館寫生册,页,没骨,花鸟,Mogu,FlowerBird,FlowerBird,Mogu-FlowerBird,Mogu-FlowerBird
"清_惲壽平_甌香館寫生册_页_没骨,花鸟_海棠_册頁_花鳥_绢本_28cmX35cm _ _21f5e091.jpg",清,惲壽平,甌香館寫生册,页,没骨,花鸟,Mogu,FlowerBird,FlowerBird,Mogu-FlowerBird,Mogu-FlowerBird
"清_惲壽平_甌香館寫生册_页_没骨,花鸟_菊花_册頁_花鳥_绢本_28cmX35cm _ _ce21c01c.jpg",清,惲壽平,甌香館寫生册,页,没骨,花鸟,Mogu,FlowerBird,FlowerBird,Mogu-FlowerBird,Mogu-FlowerBird
"清_戴本孝_山水册_页_水墨,山水_屋檐,树,山,溪流,石头,树林人物,古装_纸本_21.4cmX1_befdbe15.jpg",清,戴本孝,山水册,页,水墨,山水,Ink,Landscape,Landscape,Ink-Landscape,Ink-Landscape
"清_戴本孝_山水册_页_水墨,山水_山,松树,屋檐,树林,印章,文字_纸本_21.4cmX16.7c_7c7c760d.jpg",清,戴本孝,山水册,页,水墨,山水,Ink,Landscape,Landscape,Ink-Landscape,Ink-Landscape
"清_戴本孝_山水册_页_水墨,山水_松树,高山,人物,印章,文字_纸本_21.4cmX16.7cm__3668cc81.jpg",清,戴本孝,山水册,页,水墨,山水,Ink,Landscape,Landscape,Ink-Landscape,Ink-Landscape
"清_戴本孝_山水册_页_水墨,山水_树,草丛,江,地面,印章,文字_纸本_21.4cmX16.7cm_a71419b6.jpg",清,戴本孝,山水册,页,水墨,山水,Ink,Landscape,Landscape,Ink-Landscape,Ink-Landscape
"清_戴本孝_山水册_页_水墨,山水_江,船坞,白鹭,渔夫,芦苇,树,印章,文字_纸本_21.4cmX16.7cm_页_大都会博物馆_8244c827.jpg",清,戴本孝,山水册,页,水墨,山水,Ink,Landscape,Landscape,Ink-Landscape,Ink-Landscape
"清_戴本孝_山水册_页_水墨,山水_纸本_21.4cmX16.7cm_页_大都会博物馆_832312a9.jpg",清,戴本孝,山水册,页,水墨,山水,Ink,Landscape,Landscape,Ink-Landscape,Ink-Landscape
"清_戴本孝_山水册_页_水墨,山水_茅屋,枯树,白鹭,松树,草地,草丛,印章,文字_纸本_21.4c_4d9f4690.jpg",清,戴本孝,山水册,页,水墨,山水,Ink,Landscape,Landscape,Ink-Landscape,Ink-Landscape
"清_戴本孝_山水册_页_水墨,山水_高山,屋檐,树林,篱笆,溪流,草丛,屋檐,印章,文字_纸本_21_506b2bc5.jpg",清,戴本孝,山水册,页,水墨,山水,Ink,Landscape,Landscape,Ink-Landscape,Ink-Landscape
"清_戴本孝_山水册_页_水墨,山水_高山,山群,松树,树林,云,亭子,人物,印章,文字_纸本_21.4cmX16.7cm_页_大都会博物馆_63f193e0.jpg",清,戴本孝,山水册,页,水墨,山水,Ink,Landscape,Landscape,Ink-Landscape,Ink-Landscape
"清_戴本孝_山水册_页_水墨,山水_高山,松树,针叶树,溪流,印章,文字_纸本_21.4cmX16._3694d3d4.jpg",清,戴本孝,山水册,页,水墨,山水,Ink,Landscape,Landscape,Ink-Landscape,Ink-Landscape
"清_戴本孝_山水册_页_水墨,山水_高山,树林,松树,船坞,水面,亭子,印章,文字_纸本_21.4cmX16.7cm_页_大都会博物馆_38fd4268.jpg",清,戴本孝,山水册,页,水墨,山水,Ink,Landscape,Landscape,Ink-Landscape,Ink-Landscape
"清_改琦_人物山水_轴_水墨,山水_纸本_131cmX54cm_台北博物院_4c64e901.jpg",清,改琦,人物山水,轴,水墨,山水,Ink,Landscape,Landscape,Ink-Landscape,Ink-Landscape
"清_方琮_山水十开 _页_浅绛,山水_山群,高山,石头,树林,河流,松树,溪流,屋檐,印章,文字_纸本_ _页__54f9f3e3.jpg",清,方琮,山水十开,页,浅绛,山水,LightOchre,Landscape,Landscape,LightOchre-Landscape,LightOchre-Landscape
"清_方琮_山水十开_页_水墨,山水_山群,高山,石头,树,河流,印章,文字_纸本_ _页__508cd39a.jpg",清,方琮,山水十开,页,水墨,山水,Ink,Landscape,Landscape,Ink-Landscape,Ink-Landscape
"清_方琮_山水十开_页_浅绛,山水_山,树林,瀑布,河流,雾气,花,人物,印章,文字_纸本_ _页__c8abd2a7.jpg",清,方琮,山水十开,页,浅绛,山水,LightOchre,Landscape,Landscape,LightOchre-Landscape,LightOchre-Landscape
"清_方琮_山水十开_页_浅绛,山水_山群,高山,树林,木桥,农民,桃树,盛开花,屋檐,亭子,石头,河_ae832c62.jpg",清,方琮,山水十开,页,浅绛,山水,LightOchre,Landscape,Landscape,LightOchre-Landscape,LightOchre-Landscape
"清_方琮_山水十开_页_浅绛,山水_山群,高山,树林,石头,石阶,屋檐,瀑布,柿树_纸本_ _页__c88e5ed2.jpg",清,方琮,山水十开,页,浅绛,山水,LightOchre,Landscape,Landscape,LightOchre-Landscape,LightOchre-Landscape
"清_方琮_山水十开_页_浅绛,山水_山群,高山,树林,雾气,悬崖,彩绘,文字,印章_纸本_ _页__7ce9cb5d.jpg",清,方琮,山水十开,页,浅绛,山水,LightOchre,Landscape,Landscape,LightOchre-Landscape,LightOchre-Landscape
"清_方琮_山水十开_页_浅绛,山水_高山,山群,悬崖,石头,河流,树林,松树,针叶树,屋檐_纸本_ _60e3e5cd.jpg",清,方琮,山水十开,页,浅绛,山水,LightOchre,Landscape,Landscape,LightOchre-Landscape,LightOchre-Landscape
"清_方琮_山水十开_页_浅绛,山水_高山,山群,松树,针叶树,石头,屋檐,雾气,彩绘,印章,文字_纸_9c6841e3.jpg",清,方琮,山水十开,页,浅绛,山水,LightOchre,Landscape,Landscape,LightOchre-Landscape,LightOchre-Landscape
"清_方琮_山水十开_页_浅绛,山水_高山,山群,石头,屋檐,树林,松树,河流,彩绘,印章,文字_纸本_9c16f4b2.jpg",清,方琮,山水十开,页,浅绛,山水,LightOchre,Landscape,Landscape,LightOchre-Landscape,LightOchre-Landscape
"清_方琮_山水十开_页_浅绛,山水_高山,悬崖,山群,树林,木桥,河流,屋檐,印章,文字_纸本_ __a8c5b632.jpg",清,方琮,山水十开,页,浅绛,山水,LightOchre,Landscape,Landscape,LightOchre-Landscape,LightOchre-Landscape
"清_李复堂_ _页_工笔,花鸟_写意,鸟,花,叶,草_  _  _ _3a8c141b.jpg",清,李复堂,,页,工笔,花鸟,Gongbi,FlowerBird,FlowerBird,Gongbi-FlowerBird,Gongbi-FlowerBird
"清_李寅_秋山行旅 _页_水墨,山水_山水_绢本_189.6cmX97.5cm _ _de79748c.jpg",清,李寅,秋山行旅,页,水墨,山水,Ink,Landscape,Landscape,Ink-Landscape,Ink-Landscape
"清_李禅_桃花柳燕图_页_工笔,花鸟_ _花鸟_纸本_51.9cmX125.4cm _ _a7b38274.jpg",清,李禅,桃花柳燕图,页,工笔,花鸟,Gongbi,FlowerBird,FlowerBird,Gongbi-FlowerBird,Gongbi-FlowerBird
"清_李鱓_花卉十二开_没骨,花鸟_花,兰花,草,彩绘,文字,印章_纸本_33.1cmX36.9cm_页__f80e7d7c.jpg",清,李鱓,花卉十二开,"没骨,花鸟",没骨,花鸟,Mogu,FlowerBird,FlowerBird,Mogu-FlowerBird,Mogu-FlowerBird
"清_李鱓_花卉十二开_没骨,花鸟_花,栅栏,彩绘,文字,印章_纸本_33.1cmX36.9cm_页__654c5c00.jpg",清,李鱓,花卉十二开,"没骨,花鸟",没骨,花鸟,Mogu,FlowerBird,FlowerBird,Mogu-FlowerBird,Mogu-FlowerBird
"清_李鱓_花卉十二开_没骨,花鸟_花,石头,彩绘,文字,印章_纸本_33.1cmX36.9cm_页__ed90e19f.jpg",清,李鱓,花卉十二开,"没骨,花鸟",没骨,花鸟,Mogu,FlowerBird,FlowerBird,Mogu-FlowerBird,Mogu-FlowerBird
"清_李鱓_花卉十二开_没骨,花鸟_花,粉花,草,彩绘,文字,印章_纸本_33.1cmX36.9cm_页__8b17c75d.jpg",清,李鱓,花卉十二开,"没骨,花鸟",没骨,花鸟,Mogu,FlowerBird,FlowerBird,Mogu-FlowerBird,Mogu-FlowerBird
"清_李鱓_花卉十二开_没骨,花鸟_花,草,彩绘,文字,印章_纸本_33.1cmX36.9cm_页__19e4cea8.jpg",清,李鱓,花卉十二开,"没骨,花鸟",没骨,花鸟,Mogu,FlowerBird,FlowerBird,Mogu-FlowerBird,Mogu-FlowerBird
"清_李鱓_花卉十二开_没骨,花鸟_花,草,石头,彩绘,文字,印章_纸本_33.1cmX36.9cm__0b2b28e7.jpg",清,李鱓,花卉十二开,"没骨,花鸟",没骨,花鸟,Mogu,FlowerBird,FlowerBird,Mogu-FlowerBird,Mogu-FlowerBird
"清_李鱓_花卉十二开_没骨,花鸟_蔬菜,彩绘文字,印章_纸本_33.1cmX36.9cm_页__1d8c24a6.jpg",清,李鱓,花卉十二开,"没骨,花鸟",没骨,花鸟,Mogu,FlowerBird,FlowerBird,Mogu-FlowerBird,Mogu-FlowerBird
"清_李鱓_花卉十二开_没骨,花鸟_虫,草,叶子,彩绘,文字,印章_纸本_33.1cmX36.9cm_页__090e61c5.jpg",清,李鱓,花卉十二开,"没骨,花鸟",没骨,花鸟,Mogu,FlowerBird,FlowerBird,Mogu-FlowerBird,Mogu-FlowerBird
"清_李鱓_花卉十二开_没骨,花鸟_虫子,花,草,文字,彩绘,印章_纸本_33.1cmX36.9cm__538c6919.jpg",清,李鱓,花卉十二开,"没骨,花鸟",没骨,花鸟,Mogu,FlowerBird,FlowerBird,Mogu-FlowerBird,Mogu-FlowerBird
"清_李鱓_花卉十二开_没骨,花鸟_鸟,白鸟,草,彩绘,文字,印章_纸本_33.1cmX36.9cm_页__231f6370.jpg",清,李鱓,花卉十二开,"没骨,花鸟",没骨,花鸟,Mogu,FlowerBird,FlowerBird,Mogu-FlowerBird,Mogu-FlowerBird
"清_李鱓_花卉十二开_没骨,花鸟_鸟,花,树枝,红花,彩绘,文字,印章_纸本_33.1cmX36.9_0b355811.jpg",清,李鱓,花卉十二开,"没骨,花鸟",没骨,花鸟,Mogu,FlowerBird,FlowerBird,Mogu-FlowerBird,Mogu-FlowerBird
"清_李鱓_花鸟册十开_没骨,花鸟_树叶,树枝,石头,彩绘,文字,印章_纸本_29.5cmX22.6cm_页__ab2a7ec8.jpg",清,李鱓,花鸟册十开,"没骨,花鸟",没骨,花鸟,Mogu,FlowerBird,FlowerBird,Mogu-FlowerBird,Mogu-FlowerBird
"清_李鱓_花鸟册十开_没骨,花鸟_花,叶子,盛开花,彩绘,文字,印章_纸本_29.5cmX22.6cm_页__c0acabd1.jpg",清,李鱓,花鸟册十开,"没骨,花鸟",没骨,花鸟,Mogu,FlowerBird,FlowerBird,Mogu-FlowerBird,Mogu-FlowerBird
"清_李鱓_花鸟册十开_没骨,花鸟_花,树叶,藤曼,竹子,彩绘,文字,印章_纸本_29.5cmX22._0a5783c2.jpg",清,李鱓,花鸟册十开,"没骨,花鸟",没骨,花鸟,Mogu,FlowerBird,FlowerBird,Mogu-FlowerBird,Mogu-FlowerBird
"清_李鱓_花鸟册十开_没骨,花鸟_花,草,石头,彩绘,文字,印章_纸本_29.5cmX22.6cm_页__3e4547e3.jpg",清,李鱓,花鸟册十开,"没骨,花鸟",没骨,花鸟,Mogu,FlowerBird,FlowerBird,Mogu-FlowerBird,Mogu-FlowerBird
"清_李鱓_花鸟册十开_没骨,花鸟_花朵,树枝,树叶,彩绘,盛开花,文字,印章_纸本_29.5cmX2_696b5e74.jpg",清,李鱓,花鸟册十开,"没骨,花鸟",没骨,花鸟,Mogu,FlowerBird,FlowerBird,Mogu-FlowerBird,Mogu-FlowerBird
"清_李鱓_花鸟册十开_没骨,花鸟_荷花,荷叶,文字,印章_纸本_29.5cmX22.6cm_页__0d729ca0.jpg",清,李鱓,花鸟册十开,"没骨,花鸟",没骨,花鸟,Mogu,FlowerBird,FlowerBird,Mogu-FlowerBird,Mogu-FlowerBird
"清_李鱓_花鸟册十开_没骨,花鸟_鸟,树枝,文字,印章_纸本_29.5cmX22.6cm_页__52e15c6a.jpg",清,李鱓,花鸟册十开,"没骨,花鸟",没骨,花鸟,Mogu,FlowerBird,FlowerBird,Mogu-FlowerBird,Mogu-FlowerBird
"清_李鱓_花鸟册十开_没骨,花鸟_鸟,树枝,树叶,盛开花,文字,印章_纸本_29.5cmX22.6c_480052a2.jpg",清,李鱓,花鸟册十开,"没骨,花鸟",没骨,花鸟,Mogu,FlowerBird,FlowerBird,Mogu-FlowerBird,Mogu-FlowerBird
"清_李鱓_花鸟册十开_没骨,花鸟_鸟,花,树枝,树叶,盛开花,彩绘,文字,印章_纸本_29.5cmX22.6cm_页__7ff33bd7.jpg",清,李鱓,花鸟册十开,"没骨,花鸟",没骨,花鸟,Mogu,FlowerBird,FlowerBird,Mogu-FlowerBird,Mogu-FlowerBird
"清_李鱓_花鸟册十开_没骨,花鸟_鸟,鸡,草地,草,花,花丛,彩绘,文字,印章_纸本_29.5cmX_863b8a58.jpg",清,李鱓,花鸟册十开,"没骨,花鸟",没骨,花鸟,Mogu,FlowerBird,FlowerBird,Mogu-FlowerBird,Mogu-FlowerBird
"清_李鱓_花鸟十二开_页_写意,花鸟_ _写意,兰草,花,文字,印章_纸本 _  _ _2aca2879.jpg",清,李鱓,花鸟十二开,页,写意,花鸟,Xieyi,FlowerBird,FlowerBird,Xieyi-FlowerBird,Xieyi-FlowerBird
"清_李鱓_花鸟十二开_页_写意,花鸟_ _写意,松鼠,树木,树叶,文字,印章_纸本 _  _ _0c854671.jpg",清,李鱓,花鸟十二开,页,写意,花鸟,Xieyi,FlowerBird,FlowerBird,Xieyi-FlowerBird,Xieyi-FlowerBird
"清_李鱓_花鸟十二开_页_写意,花鸟_ _写意,花,树叶,文字,印章_纸本 _  _ _fbcbd6c8.jpg",清,李鱓,花鸟十二开,页,写意,花鸟,Xieyi,FlowerBird,FlowerBird,Xieyi-FlowerBird,Xieyi-FlowerBird
"清_李鱓_花鸟十二开_页_写意,花鸟_ _写意,虫子,蝉,树枝,文字,印章_纸本 _  _ _7aeaf0c7.jpg",清,李鱓,花鸟十二开,页,写意,花鸟,Xieyi,FlowerBird,FlowerBird,Xieyi-FlowerBird,Xieyi-FlowerBird
"清_李鱓_花鸟十二开_页_写意,花鸟_ _写意,鱼,水潭,月亮,树叶,文字,印章_纸本 _  _ _6f205968.jpg",清,李鱓,花鸟十二开,页,写意,花鸟,Xieyi,FlowerBird,FlowerBird,Xieyi-FlowerBird,Xieyi-FlowerBird
"清_李鱓_花鸟十二开_页_写意,花鸟_ _写意,鹰,花,草,文字,印章_纸本 _  _ _eebc5e71.jpg",清,李鱓,花鸟十二开,页,写意,花鸟,Xieyi,FlowerBird,FlowerBird,Xieyi-FlowerBird,Xieyi-FlowerBird
"清_李鱓_花鸟十二开_页_写意,花鸟_ _荔枝,杏子,桃子,文字,印章_纸本 _  _ _9644487b.jpg",清,李鱓,花鸟十二开,页,写意,花鸟,Xieyi,FlowerBird,FlowerBird,Xieyi-FlowerBird,Xieyi-FlowerBird
"清_李鱓_花鸟十二开_页_写意,花鸟_ _虫,枯草,文字,印章_纸本 _  _ _e25f428c.jpg",清,李鱓,花鸟十二开,页,写意,花鸟,Xieyi,FlowerBird,FlowerBird,Xieyi-FlowerBird,Xieyi-FlowerBird
"清_李鱓_花鸟十二开_页_写意,花鸟_ _鸟,竹叶,文字,印章_纸本 _  _ _e72a264d.jpg",清,李鱓,花鸟十二开,页,写意,花鸟,Xieyi,FlowerBird,FlowerBird,Xieyi-FlowerBird,Xieyi-FlowerBird
"清_李鱓_花鸟十二开_页_写意,花鸟_ _鸟,草,文字,印章_纸本 _  _ _3daac228.jpg",清,李鱓,花鸟十二开,页,写意,花鸟,Xieyi,FlowerBird,FlowerBird,Xieyi-FlowerBird,Xieyi-FlowerBird
"清_李鱓_花鸟十二开_页_写意,花鸟_写意,鸡,鸟,花,草地,石头,文字,印章_纸本 _  _ _83d1b2d1.jpg",清,李鱓,花鸟十二开,页,写意,花鸟,Xieyi,FlowerBird,FlowerBird,Xieyi-FlowerBird,Xieyi-FlowerBird
"清_李鱓_花鸟十二开_页_写意,花鸟_黄鸟,花,树叶,树枝,文字,印章_纸本 _  _ _1f80fbdc.jpg",清,李鱓,花鸟十二开,页,写意,花鸟,Xieyi,FlowerBird,FlowerBird,Xieyi-FlowerBird,Xieyi-FlowerBird
"清_李鱓_荷花图_轴_写意,花鸟_荷花,荷叶,文字,印章 _ _99cmX35cm _ _83c6306f.jpg",清,李鱓,荷花图,轴,写意,花鸟,Xieyi,FlowerBird,FlowerBird,Xieyi-FlowerBird,Xieyi-FlowerBird
"清_李鳝_李复堂_松树 _页_写意,花鸟_树,石头,花,草,文字,印章 _  _  _ _4d26213d.jpg",清,李鳝,李复堂,松树,写意,花鸟,Xieyi,FlowerBird,FlowerBird,Xieyi-FlowerBird,Xieyi-FlowerBird
"清_杜湘_山水册_页_水墨,山水_山,树林,松树,人物,古装,屋檐_纸本_ _页__3340df24.jpg",清,杜湘,山水册,页,水墨,山水,Ink,Landscape,Landscape,Ink-Landscape,Ink-Landscape
"清_杜湘_山水册_页_水墨,山水_山,高山,山群,枯树,树林,屋檐,印章,文字_纸本_ _页__930be333.jpg",清,杜湘,山水册,页,水墨,山水,Ink,Landscape,Landscape,Ink-Landscape,Ink-Landscape
"清_杜湘_山水册_页_浅绛,山水_人物,古装,祈祷,松树,山,彩绘,印章_纸本_ _页__f018a60b.jpg",清,杜湘,山水册,页,浅绛,山水,LightOchre,Landscape,Landscape,LightOchre-Landscape,LightOchre-Landscape
"清_杜湘_山水册_页_浅绛,山水_山,山,石头,松树,屋檐,彩绘,印章_纸本_ _页__ba93a3ca.jpg",清,杜湘,山水册,页,浅绛,山水,LightOchre,Landscape,Landscape,LightOchre-Landscape,LightOchre-Landscape
"清_杜湘_山水册_页_浅绛,山水_山,树叶,树,印章_纸本_ _页__965f98a3.jpg",清,杜湘,山水册,页,浅绛,山水,LightOchre,Landscape,Landscape,LightOchre-Landscape,LightOchre-Landscape
"清_杜湘_山水册_页_浅绛,山水_山,高山,山群,树,人物,古装,屋檐,浓雾,树林,彩绘,印章,文字_748b5c3e.jpg",清,杜湘,山水册,页,浅绛,山水,LightOchre,Landscape,Landscape,LightOchre-Landscape,LightOchre-Landscape
"清_杜湘_山水册_页_浅绛,山水_山,高山,山群,树,松树,人物,花,印章,题字_纸本_ _页__e4536cee.jpg",清,杜湘,山水册,页,浅绛,山水,LightOchre,Landscape,Landscape,LightOchre-Landscape,LightOchre-Landscape
"清_杨晋_仿古山水十二开_页_水墨,山水_修竹寒泉仿唐元笔_册页_山水,修竹,寒泉 _  _  _ _c6ca8ff1.jpg",清,杨晋,仿古山水十二开,页,水墨,山水,Ink,Landscape,Landscape,Ink-Landscape,Ink-Landscape
"清_杨晋_仿古山水十二开_页_水墨,山水_天香书屋黄鹤山樵曾有小幅 _ _山水 _  _  _ _6d7be0b4.jpg",清,杨晋,仿古山水十二开,页,水墨,山水,Ink,Landscape,Landscape,Ink-Landscape,Ink-Landscape
"清_杨晋_仿古山水十二开_页_水墨,山水_阴山积雪图临丞笔意庐山 _ _山水 _  _  _ _4f6d4d60.jpg",清,杨晋,仿古山水十二开,页,水墨,山水,Ink,Landscape,Landscape,Ink-Landscape,Ink-Landscape
"清_杨晋_仿古山水十二开_页_水墨,山水_青林何蒙茸长林出林表仿北苑笔意 _ _山水 _  _  __2966c310.jpg",清,杨晋,仿古山水十二开,页,水墨,山水,Ink,Landscape,Landscape,Ink-Landscape,Ink-Landscape
"清_杨晋_仿古山水十二开_页_浅绛,山水_山川出云为天下雨仿高尚书法_册页_山水 _  _  _ _660b91b5.jpg",清,杨晋,仿古山水十二开,页,浅绛,山水,LightOchre,Landscape,Landscape,LightOchre-Landscape,LightOchre-Landscape
"清_杨晋_仿古山水十二开_页_浅绛,山水_庐鸿草堂文大夫 _ _山水 _  _  _ _1a8eee04.jpg",清,杨晋,仿古山水十二开,页,浅绛,山水,LightOchre,Landscape,Landscape,LightOchre-Landscape,LightOchre-Landscape
"清_杨晋_仿古山水十二开_页_浅绛,山水_湖庄春晓临赵大年 _ _山水 _  _  _ _0d3a2827.jpg",清,杨晋,仿古山水十二开,页,浅绛,山水,LightOchre,Landscape,Landscape,LightOchre-Landscape,LightOchre-Landscape
"清_杨晋_仿古山水十二开_页_浅绛,山水_溪山行旅图仿江贯道法 _ _山水 _  _  _ _a6284037.jpg",清,杨晋,仿古山水十二开,页,浅绛,山水,LightOchre,Landscape,Landscape,LightOchre-Landscape,LightOchre-Landscape
"清_杨晋_仿古山水十二开_页_浅绛,山水_青山欲雨图 _ _山水 _  _  _ _c8f0f52e.jpg",清,杨晋,仿古山水十二开,页,浅绛,山水,LightOchre,Landscape,Landscape,LightOchre-Landscape,LightOchre-Landscape
"清_查士标_山水 _页_水墨,山水_山,山林,山群,山地,河岸,地面,石头,树,树林,树枝,树叶,水_12f4bef4.jpg",清,查士标,山水,页,水墨,山水,Ink,Landscape,Landscape,Ink-Landscape,Ink-Landscape
"清_查士标_山水十开_页_水墨,山水_山,树,河流,枯树,石头,印章,文字_纸本_ _页__922eb0a5.jpg",清,查士标,山水十开,页,水墨,山水,Ink,Landscape,Landscape,Ink-Landscape,Ink-Landscape
"清_查士标_山水十开_页_水墨,山水_山群,高山,木桥,人物,古装,树,石头,河流,印章,文字_纸本_ _页__1704a7ab.jpg",清,查士标,山水十开,页,水墨,山水,Ink,Landscape,Landscape,Ink-Landscape,Ink-Landscape
"清_查士标_山水十开_页_水墨,山水_高山,山群,亭子,树,松树,针叶树,屋檐,河流,印章,文字_纸_45a5f6d7.jpg",清,查士标,山水十开,页,水墨,山水,Ink,Landscape,Landscape,Ink-Landscape,Ink-Landscape
"清_查士标_山水十开_页_水墨,山水_高山,山群,松树,屋檐,水面,印章,文字_纸本_ _页__4c236b0d.jpg",清,查士标,山水十开,页,水墨,山水,Ink,Landscape,Landscape,Ink-Landscape,Ink-Landscape
"清_查士标_山水十开_页_水墨,山水_高山,松树,山群,屋檐,峭壁,石头,树林,印章,文字_纸本_ _035955e1.jpg",清,查士标,山水十开,页,水墨,山水,Ink,Landscape,Landscape,Ink-Landscape,Ink-Landscape
"清_查士标_山水十开_页_水墨,山水_高山,树林,松树,浓雾,山群,印章_纸本_ _页__8c4fb4da.jpg",清,查士标,山水十开,页,水墨,山水,Ink,Landscape,Landscape,Ink-Landscape,Ink-Landscape
"清_查士标_山水十开_页_水墨,山水_高山,桥,河流,亭子,印章,文字_纸本_ _页__01756f2a.jpg",清,查士标,山水十开,页,水墨,山水,Ink,Landscape,Landscape,Ink-Landscape,Ink-Landscape
"清_查士标_山水十开_页_浅绛,山水_松树,木桥,河流,石头,印章_纸本_ _页__3c4d76bd.jpg",清,查士标,山水十开,页,浅绛,山水,LightOchre,Landscape,Landscape,LightOchre-Landscape,LightOchre-Landscape
"清_查士标_山水十开_页_浅绛,山水_高山,亭子,树林,松树,人物,草地,溪流,轻雾_纸本_ _页__5aa65ed0.jpg",清,查士标,山水十开,页,浅绛,山水,LightOchre,Landscape,Landscape,LightOchre-Landscape,LightOchre-Landscape
"清_查士标_山水十开_页_浅绛,山水_高山,桃树,盛开花,人物,古装,草丛,印章,文字_纸本_ _页_e0d1897b.jpg",清,查士标,山水十开,页,浅绛,山水,LightOchre,Landscape,Landscape,LightOchre-Landscape,LightOchre-Landscape
"清_查士标_山水图 _页_浅绛,山水_山水,山水_纸本设色_90.1cmX36.7cm_辽宁博物馆_cfc5835f.jpg",清,查士标,山水图,页,浅绛,山水,LightOchre,Landscape,Landscape,LightOchre-Landscape,LightOchre-Landscape
"清_查士标_桃园图 _页_浅绛,山水_ _纸本_33cmX88cm _ _0a7b6d10.jpg",清,查士标,桃园图,页,浅绛,山水,LightOchre,Landscape,Landscape,LightOchre-Landscape,LightOchre-Landscape
"清_查士标_溪亭独眺图 _页_浅绛,山水_ _纸本_141cmX40cm _ _4203e53f.jpg",清,查士标,溪亭独眺图,页,浅绛,山水,LightOchre,Landscape,Landscape,LightOchre-Landscape,LightOchre-Landscape
"清_查士标_百鹊图卷_手卷_浅绛,山水_花鸟_纸本_28.9cmX330.8cm_大都会博物馆_ae2dc7ca.jpg",清,查士标,百鹊图卷,手卷,浅绛,山水,LightOchre,Landscape,Landscape,LightOchre-Landscape,LightOchre-Landscape
"清_查士标_着色山水 _页_浅绛,山水_山水_绢本_52.5cmX75cm _ _57707f13.jpg",清,查士标,着色山水,页,浅绛,山水,LightOchre,Landscape,Landscape,LightOchre-Landscape,LightOchre-Landscape
"清_梅清_黄山天都峰册_页_水墨,山水_ _山水_纸本_184.2cmX48.8cm_辽宁省博物馆_b6c38545.jpg",清,梅清,黄山天都峰册,页,水墨,山水,Ink,Landscape,Landscape,Ink-Landscape,Ink-Landscape
"清_梅瞿山_山水精品 _页_水墨,山水__山水_绢本_53cmX135cm _ _b78402a0.jpg",清,梅瞿山,山水精品,页,水墨,山水,Ink,Landscape,Landscape,Ink-Landscape,Ink-Landscape
"清_樊圻_山水册_页_水墨,山水_高山,树林,屋檐,浓雾,坡地_纸本_ _页__6389fd78.jpg",清,樊圻,山水册,页,水墨,山水,Ink,Landscape,Landscape,Ink-Landscape,Ink-Landscape
"清_樊圻_山水册_页_浅绛,山水_屋檐,城墙,木桥,江,船坞,草丛_纸本_ _页__8aea19c7.jpg",清,樊圻,山水册,页,浅绛,山水,LightOchre,Landscape,Landscape,LightOchre-Landscape,LightOchre-Landscape
"清_樊圻_山水册_页_浅绛,山水_山,山林,高山,树,树木,水,流水,房屋,房子,石头,石头,砂石,_9a4dd4ef.jpg",清,樊圻,山水册,页,浅绛,山水,LightOchre,Landscape,Landscape,LightOchre-Landscape,LightOchre-Landscape
"清_樊圻_山水册_页_浅绛,山水_山,松树,岩石,茅屋,树林,瀑布,江_纸本_ _页__64534664.jpg",清,樊圻,山水册,页,浅绛,山水,LightOchre,Landscape,Landscape,LightOchre-Landscape,LightOchre-Landscape
"清_樊圻_山水册_页_浅绛,山水_悬崖,树林,山群,屋檐,彩绘,印章_纸本_ _页__8080bbb0.jpg",清,樊圻,山水册,页,浅绛,山水,LightOchre,Landscape,Landscape,LightOchre-Landscape,LightOchre-Landscape
"清_樊圻_山水册_页_浅绛,山水_松树,山群,桥,人物,对话,瀑布,印章_纸本_ _页__bd7b1cee.jpg",清,樊圻,山水册,页,浅绛,山水,LightOchre,Landscape,Landscape,LightOchre-Landscape,LightOchre-Landscape
"清_樊圻_山水册_页_浅绛,山水_树,木桥,岩石,水面,河流,茅屋,花丛,杏树_纸本_ _页__24f1c731.jpg",清,樊圻,山水册,页,浅绛,山水,LightOchre,Landscape,Landscape,LightOchre-Landscape,LightOchre-Landscape
"清_樊圻_山水册_页_浅绛,山水_江,悬崖,山,松树,屋檐,围墙,印章_纸本_ _页__b3548d25.jpg",清,樊圻,山水册,页,浅绛,山水,LightOchre,Landscape,Landscape,LightOchre-Landscape,LightOchre-Landscape
"清_樊圻_山水册_页_浅绛,山水_江面,松树,高山,船坞,屋檐,轻雾,彩绘,印章_纸本_ _页__b7ceaff8.jpg",清,樊圻,山水册,页,浅绛,山水,LightOchre,Landscape,Landscape,LightOchre-Landscape,LightOchre-Landscape
"清_樊圻_山水册_页_浅绛,山水_石,巨石,房屋,茅屋,围墙,围墙,水,水面,树,树,地面,地面,印_b41142db.jpg",清,樊圻,山水册,页,浅绛,山水,LightOchre,Landscape,Landscape,LightOchre-Landscape,LightOchre-Landscape
"清_樊圻_山水册_页_浅绛,山水_草地,树林,牛,人物,农民_纸本_ _页__1ca151c4.jpg",清,樊圻,山水册,页,浅绛,山水,LightOchre,Landscape,Landscape,LightOchre-Landscape,LightOchre-Landscape
"清_樊圻_山水册_页_浅绛,山水_草地,茅屋,树,木桥,江,溪流,丘陵,轻雾,印章,彩绘_纸本_ __7c743f00.jpg",清,樊圻,山水册,页,浅绛,山水,LightOchre,Landscape,Landscape,LightOchre-Landscape,LightOchre-Landscape
"清_樊圻_山水册_页_浅绛,山水_高山,岩石,石头,桃树,树林,房子,江,彩绘,印章_纸本_ _页__a41f5ab8.jpg",清,樊圻,山水册,页,浅绛,山水,LightOchre,Landscape,Landscape,LightOchre-Landscape,LightOchre-Landscape
"清_樊圻_山水册_页_浅绛,山水_高山,树林,屋檐,江,彩绘,印章_纸本_ _页__a0508b26.jpg",清,樊圻,山水册,页,浅绛,山水,LightOchre,Landscape,Landscape,LightOchre-Landscape,LightOchre-Landscape
"清_樊圻_山水册_页_浅绛,山水_高山,江,桃树,山林,屋檐_纸本_ _页__4fce9200.jpg",清,樊圻,山水册,页,浅绛,山水,LightOchre,Landscape,Landscape,LightOchre-Landscape,LightOchre-Landscape
"清_樊圻_山水册_页_浅绛,山水_高山,雾气,桃树,盛开花,石头,江,桥,印章_纸本_ _页__c1af99e6.jpg",清,樊圻,山水册,页,浅绛,山水,LightOchre,Landscape,Landscape,LightOchre-Landscape,LightOchre-Landscape
"清_江注_浅色山水横心中堂_页_浅绛,山水_山水_纸本_90cmX165cm _ _085e089f.jpg",清,江注,浅色山水横心中堂,页,浅绛,山水,LightOchre,Landscape,Landscape,LightOchre-Landscape,LightOchre-Landscape
"清_汪中_没骨花卉条幅_页_工笔,花鸟_花卉_绢本_54.4cmX113.9cm_北京故宫博物院_ae9cfa8f.jpg",清,汪中,没骨花卉条幅,页,工笔,花鸟,Gongbi,FlowerBird,FlowerBird,Gongbi-FlowerBird,Gongbi-FlowerBird
"清_汪之瑞_山水页_水墨,山水_页_水墨,山水_山水_纸本_49.5cmX22.8cm _ _ab496e9d.jpg",清,汪之瑞,山水页,"水墨,山水",水墨,山水,Ink,Landscape,Landscape,Ink-Landscape,Ink-Landscape
"清_汪之瑞_山水页_水墨,山水_页_水墨,山水_山水_纸本_51.2cmX23.2cm _ _502fde80.jpg",清,汪之瑞,山水页,"水墨,山水",水墨,山水,Ink,Landscape,Landscape,Ink-Landscape,Ink-Landscape
"清_汪士慎_花卉山水图册_页_写意,花鸟_树,树枝,花,花,文字,文字,印章_纸本_ _页__21844dc1.jpg",清,汪士慎,花卉山水图册,页,写意,花鸟,Xieyi,FlowerBird,FlowerBird,Xieyi-FlowerBird,Xieyi-FlowerBird
"清_汪士慎_花卉山水图册_页_写意,花鸟_树,树枝,花,花,花,文字,文字,题款,印章_纸本_ _页_2957b5c2.jpg",清,汪士慎,花卉山水图册,页,写意,花鸟,Xieyi,FlowerBird,FlowerBird,Xieyi-FlowerBird,Xieyi-FlowerBird
"清_汪士慎_花卉山水图册_页_写意,花鸟_竹,竹节,树。树枝,花,花,文字,文字,印章_纸本_ _页_0d90702b.jpg",清,汪士慎,花卉山水图册,页,写意,花鸟,Xieyi,FlowerBird,FlowerBird,Xieyi-FlowerBird,Xieyi-FlowerBird
"清_汪士慎_花卉山水图册_页_写意,花鸟_草,草,树,树枝,花,花,文字,题款,印章_纸本_ _页__0b925aa3.jpg",清,汪士慎,花卉山水图册,页,写意,花鸟,Xieyi,FlowerBird,FlowerBird,Xieyi-FlowerBird,Xieyi-FlowerBird
"清_汪士慎_花卉山水图册_页_水墨,山水_地面,坡地,藤,攀缘植物,松柏类,松树,树,树,房屋,房子,人物,行人文字,文字,印章_纸本_ _页__73fb01db.jpg",清,汪士慎,花卉山水图册,页,水墨,山水,Ink,Landscape,Landscape,Ink-Landscape,Ink-Landscape
"清_汪士慎_花卉山水图册_页_水墨,山水_树,树林,枯树,地面,坡地,房屋,村舍,文字,文字,印章_纸本_ _页__1dbda439.jpg",清,汪士慎,花卉山水图册,页,水墨,山水,Ink,Landscape,Landscape,Ink-Landscape,Ink-Landscape
"清_汪士慎_花卉山水图册_页_水墨,山水_树枝,树林,山,山群,房屋,村舍,石,岩石,文字,文字,印_2b71d3ee.jpg",清,汪士慎,花卉山水图册,页,水墨,山水,Ink,Landscape,Landscape,Ink-Landscape,Ink-Landscape
"清_汪士慎_花卉山水图册_页_浅绛,山水_树,树林,花,花,水,水面,地名,坡地,文字,文字,印章__843de4bd.jpg",清,汪士慎,花卉山水图册,页,浅绛,山水,LightOchre,Landscape,Landscape,LightOchre-Landscape,LightOchre-Landscape
"清_沈铨_双鹿图 _ _工笔,花鸟_鹿_绢本_50.5cmX120cm _ _0d3302d8.jpg",清,沈铨,双鹿图,,工笔,花鸟,Gongbi,FlowerBird,FlowerBird,Gongbi-FlowerBird,Gongbi-FlowerBird
"清_沈铨_孔雀玉兰牡丹图 _ _工笔,花鸟_孔雀,玉兰,牡丹_绢本_71cmX42cm _ _1d6886a5.jpg",清,沈铨,孔雀玉兰牡丹图,,工笔,花鸟,Gongbi,FlowerBird,FlowerBird,Gongbi-FlowerBird,Gongbi-FlowerBird
"清_沈铨_松梅双鹤图 _轴_工笔,花鸟_绢本_191cmX98.3cm _ _c43ecab4.jpg",清,沈铨,松梅双鹤图,轴,工笔,花鸟,Gongbi,FlowerBird,FlowerBird,Gongbi-FlowerBird,Gongbi-FlowerBird
"清_沈铨_桂鹤图_页_工笔,花鸟_ _花鸟_绢本_177cmX90.3cm_辽宁省博物馆_9d84cb80.jpg",清,沈铨,桂鹤图,页,工笔,花鸟,Gongbi,FlowerBird,FlowerBird,Gongbi-FlowerBird,Gongbi-FlowerBird
"清_沈铨_花鸟图 _轴_工笔,花鸟 _ _81cmX42cm _ _9b295456.jpg",清,沈铨,花鸟图,轴,工笔,花鸟,Gongbi,FlowerBird,FlowerBird,Gongbi-FlowerBird,Gongbi-FlowerBird
"清_沈铨_荷塘鸳鸯图_页_工笔,花鸟_ _花鸟_绢本_132.8cmX233.9cm _ _151241ec.jpg",清,沈铨,荷塘鸳鸯图,页,工笔,花鸟,Gongbi,FlowerBird,FlowerBird,Gongbi-FlowerBird,Gongbi-FlowerBird
"清_沈铨_蜂猴图_页_工笔,花鸟_ _花鸟_绢本_96.6cmX184cm _ _cedfac24.jpg",清,沈铨,蜂猴图,页,工笔,花鸟,Gongbi,FlowerBird,FlowerBird,Gongbi-FlowerBird,Gongbi-FlowerBird
"清_清院_十二月令图(一月正月)_页_浅绛,山水_  _青绿山水_  _  _ _6df25b45.jpg",清,清院,十二月令图(一月正月),页,浅绛,山水,LightOchre,Landscape,Landscape,LightOchre-Landscape,LightOchre-Landscape
"清_清院_十二月令图(七月)_页_浅绛,山水_  _青绿山水_  _  _ _5ebef0b1.jpg",清,清院,十二月令图(七月),页,浅绛,山水,LightOchre,Landscape,Landscape,LightOchre-Landscape,LightOchre-Landscape
"清_清院_十二月令图(三月)_页_浅绛,山水_  _青绿山水_  _  _ _9d1edb10.jpg",清,清院,十二月令图(三月),页,浅绛,山水,LightOchre,Landscape,Landscape,LightOchre-Landscape,LightOchre-Landscape
"清_清院_十二月令图(九月)_页_浅绛,山水_ _青绿山水_  _  _ _af8b33d0.jpg",清,清院,十二月令图(九月),页,浅绛,山水,LightOchre,Landscape,Landscape,LightOchre-Landscape,LightOchre-Landscape
"清_清院_十二月令图(二月)_页_浅绛,山水_ _青绿山水_  _  _ _3d4c23cb.jpg",清,清院,十二月令图(二月),页,浅绛,山水,LightOchre,Landscape,Landscape,LightOchre-Landscape,LightOchre-Landscape
"清_清院_十二月令图(五月龙舟竞渡)_页_浅绛,山水_ _龙舟竞渡 _  _青绿山水_ _af60c0ed.jpg",清,清院,十二月令图(五月龙舟竞渡),页,浅绛,山水,LightOchre,Landscape,Landscape,LightOchre-Landscape,LightOchre-Landscape
"清_清院_十二月令图(八月仲秋)_页_浅绛,山水_ _青绿山水_  _  _ _12d89bd0.jpg",清,清院,十二月令图(八月仲秋),页,浅绛,山水,LightOchre,Landscape,Landscape,LightOchre-Landscape,LightOchre-Landscape
"清_清院_十二月令图(六月)_页_浅绛,山水_  _青绿山水_  _  _ _76237fe8.jpg",清,清院,十二月令图(六月),页,浅绛,山水,LightOchre,Landscape,Landscape,LightOchre-Landscape,LightOchre-Landscape
"清_清院_十二月令图(十一月) _页_浅绛,山水_山水_  _  _ _c7e76184.jpg",清,清院,十二月令图(十一月),页,浅绛,山水,LightOchre,Landscape,Landscape,LightOchre-Landscape,LightOchre-Landscape
"清_清院_十二月令图(十二月)_页_浅绛,山水_  _青绿山水_  _  _ _800b0275.jpg",清,清院,十二月令图(十二月),页,浅绛,山水,LightOchre,Landscape,Landscape,LightOchre-Landscape,LightOchre-Landscape
"清_清院_十二月令图(十月开冬农闲)_页_浅绛,山水_  _青绿山水_  _  _ _05e8fd84.jpg",清,清院,十二月令图(十月开冬农闲),页,浅绛,山水,LightOchre,Landscape,Landscape,LightOchre-Landscape,LightOchre-Landscape
"清_清院_十二月令图(四月)_页_浅绛,山水_  _青绿山水_  _  _ _0e03e5b6.jpg",清,清院,十二月令图(四月),页,浅绛,山水,LightOchre,Landscape,Landscape,LightOchre-Landscape,LightOchre-Landscape
"清_渐江_山水册_页_水墨,山水_写意,山,山地,树,树林,树枝,树叶,河岸,水,水面,山路,印章,草_纸本_14.2cmX21.9cm _ _52578146.jpg",清,渐江,山水册,页,水墨,山水,Ink,Landscape,Landscape,Ink-Landscape,Ink-Landscape
"清_渐江_山水册_页_水墨,山水_写意,山,山地,草,草地,建筑,房子,树,树枝,水,水面,印章_纸本_14.2cmX21.9cm _ _a7062b1e.jpg",清,渐江,山水册,页,水墨,山水,Ink,Landscape,Landscape,Ink-Landscape,Ink-Landscape
"清_渐江_山水册_页_水墨,山水_写意,山,山林,山地,石头,建筑,房子,树,树林,树枝,草,水,水面,印章_纸本_14.2cmX21.9cm _ _8ee845cc.jpg",清,渐江,山水册,页,水墨,山水,Ink,Landscape,Landscape,Ink-Landscape,Ink-Landscape
"清_渐江_山水册_页_水墨,山水_写意,山,水,水面,地面,草,路面,河岸,石头,树,树林,树叶,树枝,人,人物,印章_纸本_14.2cmX21.9cm _ _c012b6e0.jpg",清,渐江,山水册,页,水墨,山水,Ink,Landscape,Landscape,Ink-Landscape,Ink-Landscape
"清_渐江_山水册_页_水墨,山水_写意,树枝,树干,花,白花,印章_纸本_14.2cmX21.9cm _ _8c3f83c7.jpg",清,渐江,山水册,页,水墨,山水,Ink,Landscape,Landscape,Ink-Landscape,Ink-Landscape
"清_渐江_山水册_页_水墨,山水_写意,石头,山地,树,树枝,树叶,竹子,草,竹叶,草地,印章_纸本_14.2cmX21.9cm _ _6384741d.jpg",清,渐江,山水册,页,水墨,山水,Ink,Landscape,Landscape,Ink-Landscape,Ink-Landscape
"清_渐江_山水册_页_水墨,山水_山地,河岸,人,人物,袍子,地面,陆地,水,水面,树,树林,树枝,树叶,竹子,竹叶,草地,建筑,房子,印章_纸本_14.2cmX21.9cm _ _c8174cfc.jpg",清,渐江,山水册,页,水墨,山水,Ink,Landscape,Landscape,Ink-Landscape,Ink-Landscape
"清_渐江_山水册_页_水墨,山水_树,树林,树枝,石头,桌子,草,草地,印章_纸本_14.2cmX21.9cm _ _1a681a77.jpg",清,渐江,山水册,页,水墨,山水,Ink,Landscape,Landscape,Ink-Landscape,Ink-Landscape
"清_渐江_山水册_页_浅绛,山水_山,山林,树,树林,房屋,茅屋,村舍,桥梁,石桥,河流,河流,石,_10cf5e59.jpg",清,渐江,山水册,页,浅绛,山水,LightOchre,Landscape,Landscape,LightOchre-Landscape,LightOchre-Landscape
"清_渐江_山水册_页_浅绛,山水_山,山林,高页_浅绛,山水_山,岩壁,峭壁,地面,坡地,树,树,草_3a070245.jpg",清,渐江,山水册,页,浅绛,山水,LightOchre,Landscape,Landscape,LightOchre-Landscape,LightOchre-Landscape
"清_渐江_山水册_页_浅绛,山水_山,山林,高页_浅绛,山水_山,岩壁,悬崖,草本植物,地被植物,云_9b3b571c.jpg",清,渐江,山水册,页,浅绛,山水,LightOchre,Landscape,Landscape,LightOchre-Landscape,LightOchre-Landscape
"清_渐江_山水册_页_浅绛,山水_山,山群,高页_浅绛,山水_山,岩壁,峭壁,房屋,寺庙,,亭子,建_757b72f1.jpg",清,渐江,山水册,页,浅绛,山水,LightOchre,Landscape,Landscape,LightOchre-Landscape,LightOchre-Landscape
"清_渐江_山水册_页_浅绛,山水_山,山群,高页_浅绛,山水_山,树,树林,房屋,亭子,水,水面_ _752a2961.jpg",清,渐江,山水册,页,浅绛,山水,LightOchre,Landscape,Landscape,LightOchre-Landscape,LightOchre-Landscape
"清_渐江_山水册_页_浅绛,山水_山,页_浅绛,山水_山,树,树,树林,岩壁,悬崖,桥梁,石桥,人物_69d24f05.jpg",清,渐江,山水册,页,浅绛,山水,LightOchre,Landscape,Landscape,LightOchre-Landscape,LightOchre-Landscape
"清_渐江_山水册_页_浅绛,山水_山,高页_浅绛,山水_山,树,树林,树,河流,瀑布,印章_ _页__b53886c6.jpg",清,渐江,山水册,页,浅绛,山水,LightOchre,Landscape,Landscape,LightOchre-Landscape,LightOchre-Landscape
"清_渐江_山水册_页_浅绛,山水_岩壁,悬崖,树,枯树,地面,坡地,印章_ _页__9a24b833.jpg",清,渐江,山水册,页,浅绛,山水,LightOchre,Landscape,Landscape,LightOchre-Landscape,LightOchre-Landscape
"清_渐江_山水册_页_浅绛,山水_树,枯树,岩壁,峭壁,悬崖,水,水面,禽兽类,燕子,印章_ _页__57f8274f.jpg",清,渐江,山水册,页,浅绛,山水,LightOchre,Landscape,Landscape,LightOchre-Landscape,LightOchre-Landscape
"清_渐江_山水册_页_浅绛,山水_树,枯树,岩壁,峭壁,藤,攀缘植物,草,茂草,河流,河流,印章_ _b7347cb9.jpg",清,渐江,山水册,页,浅绛,山水,LightOchre,Landscape,Landscape,LightOchre-Landscape,LightOchre-Landscape
"清_渐江_山水册_页_浅绛,山水_树,树枝,岩壁,悬崖,植物,攀缘植物,湖泊,湖泊,水生类,水鸟,水_6848b73d.jpg",清,渐江,山水册,页,浅绛,山水,LightOchre,Landscape,Landscape,LightOchre-Landscape,LightOchre-Landscape
"清_渐江_山水册_页_浅绛,山水_湖泊,湖泊,山,山群,树,树,房屋,茅屋,人工设施,船坞,印章_ _21b28349.jpg",清,渐江,山水册,页,浅绛,山水,LightOchre,Landscape,Landscape,LightOchre-Landscape,LightOchre-Landscape
"清_溥儒_四时山水图册_页_浅绛,山水_山,山群,草本植物,地被植物,房屋,亭子,湖泊,湖泊,文字,_40799a5a.jpg",清,溥儒,四时山水图册,页,浅绛,山水,LightOchre,Landscape,Landscape,LightOchre-Landscape,LightOchre-Landscape
"清_溥儒_四时山水图册_页_浅绛,山水_山,页_浅绛,山水_山,岩壁,悬崖,峭壁,松柏类,松树,人物_e89f72aa.jpg",清,溥儒,四时山水图册,页,浅绛,山水,LightOchre,Landscape,Landscape,LightOchre-Landscape,LightOchre-Landscape
"清_溥儒_四时山水图册_页_浅绛,山水_山,页_浅绛,山水_山,树,枯树,河流,河流,石头,岩石,雾_074e70c4.jpg",清,溥儒,四时山水图册,页,浅绛,山水,LightOchre,Landscape,Landscape,LightOchre-Landscape,LightOchre-Landscape
"清_溥儒_四时山水图册_页_浅绛,山水_山,页_浅绛,山水_山,草本植物,地被植物,树,树林,树枝,_4ebbb0fa.jpg",清,溥儒,四时山水图册,页,浅绛,山水,LightOchre,Landscape,Landscape,LightOchre-Landscape,LightOchre-Landscape
"清_溥儒_四时山水图册_页_浅绛,山水_山,高页_浅绛,山水_山,房屋,房屋,松柏类,松树,草本植物_95f9f025.jpg",清,溥儒,四时山水图册,页,浅绛,山水,LightOchre,Landscape,Landscape,LightOchre-Landscape,LightOchre-Landscape
"清_溥儒_四时山水图册_页_浅绛,山水_岩壁-峭壁,悬崖,草本植物,地被植物,人物,行人,文字,题款_45496a26.jpg",清,溥儒,四时山水图册,页,浅绛,山水,LightOchre,Landscape,Landscape,LightOchre-Landscape,LightOchre-Landscape
"清_溥儒_四时山水图册_页_浅绛,山水_树,山,草本植物,地被植物,人工设施,船坞,湖泊,湖泊,雾气_967e9590.jpg",清,溥儒,四时山水图册,页,浅绛,山水,LightOchre,Landscape,Landscape,LightOchre-Landscape,LightOchre-Landscape
"清_溥儒_四时山水图册_页_浅绛,山水_河流,瀑布,松柏类,松树,岩壁,峭壁,石头,石头,草本植物,_0c4c1213.jpg",清,溥儒,四时山水图册,页,浅绛,山水,LightOchre,Landscape,Landscape,LightOchre-Landscape,LightOchre-Landscape
"清_溥儒_山水_扇面_浅绛,山水_树林,树,草丛,人,两人,溪水,山,字,印章 _  _  _ _7facde22.jpg",清,溥儒,山水,扇面,浅绛,山水,LightOchre,Landscape,Landscape,LightOchre-Landscape,LightOchre-Landscape
"清_溥儒_山水_页_浅绛,山水_山林,山,云,水流,树林,树,文字,印章 _ _111cmX55cm_94bbf12c.jpg",清,溥儒,山水,页,浅绛,山水,LightOchre,Landscape,Landscape,LightOchre-Landscape,LightOchre-Landscape
"清_溥儒_花哇 _页_工笔,花鸟_花,文字,印章_绢本_106cmX55cm _ _41ff41dc.jpg",清,溥儒,花哇,页,工笔,花鸟,Gongbi,FlowerBird,FlowerBird,Gongbi-FlowerBird,Gongbi-FlowerBird
"清_焦秉贞_历朝贤后故事图,含饴弄孙 _页_工笔,人物_人物 _  _  _ _4635b339.jpg",清,焦秉贞,"历朝贤后故事图,含饴弄孙",页,工笔,人物,Gongbi,Figure,Figure,Gongbi-Figure,Gongbi-Figure
"清_焦秉贞_历朝贤后故事图,教训诸王 _页_工笔,人物_人物 _  _  _ _f8ee9604.jpg",清,焦秉贞,"历朝贤后故事图,教训诸王",页,工笔,人物,Gongbi,Figure,Figure,Gongbi-Figure,Gongbi-Figure
"清_焦秉贞_历朝贤后故事图_页_工笔,人物_ _人物 _  _  _  2_734afb18.jpg",清,焦秉贞,历朝贤后故事图,页,工笔,人物,Gongbi,Figure,Figure,Gongbi-Figure,Gongbi-Figure
"清_焦秉贞_历朝贤后故事图_页_工笔,人物_ _人物 _  _  _ _1735758777_fae4c7ee.jpg",清,焦秉贞,历朝贤后故事图,页,工笔,人物,Gongbi,Figure,Figure,Gongbi-Figure,Gongbi-Figure
"清_焦秉贞_历朝贤后故事图_页_工笔,人物_ _人物 _  _  _ _1735758778_010f79ea.jpg",清,焦秉贞,历朝贤后故事图,页,工笔,人物,Gongbi,Figure,Figure,Gongbi-Figure,Gongbi-Figure
"清_焦秉贞_历朝贤后故事图_页_工笔,人物_ _人物 _  _  _ _1da55811.jpg",清,焦秉贞,历朝贤后故事图,页,工笔,人物,Gongbi,Figure,Figure,Gongbi-Figure,Gongbi-Figure
"清_焦秉贞_历朝贤后故事图_页_工笔,人物_女中尧舜 _ _人物 _  _  _ _85a3d0b6.jpg",清,焦秉贞,历朝贤后故事图,页,工笔,人物,Gongbi,Figure,Figure,Gongbi-Figure,Gongbi-Figure
"清_王原祁_仿一峰山水 _页_浅绛,山水_山水_纸本_50.1cmX97cm _ _1973d586.jpg",清,王原祁,仿一峰山水,页,浅绛,山水,LightOchre,Landscape,Landscape,LightOchre-Landscape,LightOchre-Landscape
"清_王原祁_仿古山水图 (4)_赵令穰江村花柳册_页_浅绛,山水_ _山水 _  _  _ _091e83d3.jpg",清,王原祁,仿古山水图 (4),赵令穰江村花柳册,浅绛,山水,LightOchre,Landscape,Landscape,LightOchre-Landscape,LightOchre-Landscape
"清_王原祁_仿古山水图_页_浅绛,山水_山庄雪霁图_页_浅绛,山水_册页_山水 _  _  _ _03d0c351.jpg",清,王原祁,仿古山水图,页,浅绛,山水,LightOchre,Landscape,Landscape,LightOchre-Landscape,LightOchre-Landscape
"清_王原祁_仿古山水图_页_浅绛,山水_山水册页 (11)_山庄雪霁图_页_浅绛,山水_册页_山水 _  _  _ _271152cd.jpg",清,王原祁,仿古山水图,页,浅绛,山水,LightOchre,Landscape,Landscape,LightOchre-Landscape,LightOchre-Landscape
"清_王原祁_仿古山水图_页_浅绛,山水_树,树,树叶,树林,草,茂草,房屋,房子,村舍,山,高山,岩_2d589265.jpg",清,王原祁,仿古山水图,页,浅绛,山水,LightOchre,Landscape,Landscape,LightOchre-Landscape,LightOchre-Landscape
"清_王原祁_仿古山水图_页_浅绛,山水_页_浅绛,山水_山水 _  _  _ _1735758778_6ef0d871.jpg",清,王原祁,仿古山水图,页,浅绛,山水,LightOchre,Landscape,Landscape,LightOchre-Landscape,LightOchre-Landscape
"清_王原祁_仿古山水图_页_浅绛,山水_页_浅绛,山水_山水 _  _  _ _a80edb60.jpg",清,王原祁,仿古山水图,页,浅绛,山水,LightOchre,Landscape,Landscape,LightOchre-Landscape,LightOchre-Landscape
"清_王原祁_仿古山水图_页_浅绛,山水_页_浅绛,山水_山水、山川出云 _  _  _ _5bb30fa4.jpg",清,王原祁,仿古山水图,页,浅绛,山水,LightOchre,Landscape,Landscape,LightOchre-Landscape,LightOchre-Landscape
"清_王原祁_仿大痴山水 _页_浅绛,山水_山水_纸本_35.9cmX98.2cm _ _b8ba12bb.jpg",清,王原祁,仿大痴山水,页,浅绛,山水,LightOchre,Landscape,Landscape,LightOchre-Landscape,LightOchre-Landscape
"清_王原祁_仿大痴山水图_页_浅绛,山水_轴_山水_纸本_91.5cmX50cm_天津艺术博物馆_bcc9cd18.jpg",清,王原祁,仿大痴山水图,页,浅绛,山水,LightOchre,Landscape,Landscape,LightOchre-Landscape,LightOchre-Landscape
"清_王原祁_仿王蒙夏日山居册_页_浅绛,山水_ _山水_纸本_49cmX96cm _ _735a2346.jpg",清,王原祁,仿王蒙夏日山居册,页,浅绛,山水,LightOchre,Landscape,Landscape,LightOchre-Landscape,LightOchre-Landscape
"清_王原祁_仿黄子久 _页_浅绛,山水_山水_绢本_52.8cmX122.71cm _ _ba96e9fd.jpg",清,王原祁,仿黄子久,页,浅绛,山水,LightOchre,Landscape,Landscape,LightOchre-Landscape,LightOchre-Landscape
"清_王原祁_卢鸿草堂十志图册_云锦淙_页_浅绛,山水_  _  _  _ _de2c8233.jpg",清,王原祁,卢鸿草堂十志图册,云锦淙,浅绛,山水,LightOchre,Landscape,Landscape,LightOchre-Landscape,LightOchre-Landscape
"清_王原祁_卢鸿草堂十志图册_倒景台_页_浅绛,山水_  _  _  _ _5dbaba60.jpg",清,王原祁,卢鸿草堂十志图册,倒景台,浅绛,山水,LightOchre,Landscape,Landscape,LightOchre-Landscape,LightOchre-Landscape
"清_王原祁_卢鸿草堂十志图册_期仙磴_页_浅绛,山水_  _  _  _ _0a2f1775.jpg",清,王原祁,卢鸿草堂十志图册,期仙磴,浅绛,山水,LightOchre,Landscape,Landscape,LightOchre-Landscape,LightOchre-Landscape
"清_王原祁_卢鸿草堂十志图册_枕烟庭_页_浅绛,山水_  _  _  _ _32d7d002.jpg",清,王原祁,卢鸿草堂十志图册,枕烟庭,浅绛,山水,LightOchre,Landscape,Landscape,LightOchre-Landscape,LightOchre-Landscape
"清_王原祁_卢鸿草堂十志图册_樾馆_页_浅绛,山水_  _  _  _ _0a0869cf.jpg",清,王原祁,卢鸿草堂十志图册,樾馆,浅绛,山水,LightOchre,Landscape,Landscape,LightOchre-Landscape,LightOchre-Landscape
"清_王原祁_卢鸿草堂十志图册_洞元室_页_浅绛,山水_  _  _  _ _df73e9b6.jpg",清,王原祁,卢鸿草堂十志图册,洞元室,浅绛,山水,LightOchre,Landscape,Landscape,LightOchre-Landscape,LightOchre-Landscape
"清_王原祁_卢鸿草堂十志图册_涤烦矶_页_浅绛,山水_  _  _  _ _65102528.jpg",清,王原祁,卢鸿草堂十志图册,涤烦矶,浅绛,山水,LightOchre,Landscape,Landscape,LightOchre-Landscape,LightOchre-Landscape
"清_王原祁_卢鸿草堂十志图册_页_浅绛,山水_  _  _  _ _1735758778_c099dd57.jpg",清,王原祁,卢鸿草堂十志图册,页,浅绛,山水,LightOchre,Landscape,Landscape,LightOchre-Landscape,LightOchre-Landscape
"清_王原祁_卢鸿草堂十志图册_页_浅绛,山水_  _  _  _ _a823464b.jpg",清,王原祁,卢鸿草堂十志图册,页,浅绛,山水,LightOchre,Landscape,Landscape,LightOchre-Landscape,LightOchre-Landscape
"清_王原祁_卢鸿草堂十志图册_页_浅绛,山水_草堂 _  _  _ _ffc9dd9c.jpg",清,王原祁,卢鸿草堂十志图册,页,浅绛,山水,LightOchre,Landscape,Landscape,LightOchre-Landscape,LightOchre-Landscape
"清_王原祁_山中早春册_页_浅绛,山水_ _山水_纸本_100cmX44.7cm _ _a9438215.jpg",清,王原祁,山中早春册,页,浅绛,山水,LightOchre,Landscape,Landscape,LightOchre-Landscape,LightOchre-Landscape
"清_王原祁_山水_轴_水墨,山水_石头,石林,山林,山,树,树林,云,云朵,水,水面,树叶,文字,印章_纸本_98cmX41cm _ _f2901d77.jpg",清,王原祁,山水,轴,水墨,山水,Ink,Landscape,Landscape,Ink-Landscape,Ink-Landscape
"清_王原祁_山水册_页_水墨,山水_ _山林,山,水,水面,建筑,桥,亭子,石头,树,树林,树木,树_6063ac84.jpg",清,王原祁,山水册,页,水墨,山水,Ink,Landscape,Landscape,Ink-Landscape,Ink-Landscape
"清_王原祁_山水十二开 _页_水墨,山水_山,云,树,树林,石头,山林,建筑,物资,桥,树叶,云朵,_c5218271.jpg",清,王原祁,山水十二开,页,水墨,山水,Ink,Landscape,Landscape,Ink-Landscape,Ink-Landscape
"清_王士祯_放鸟图_页_工笔,花鸟_卷_花鸟 _ _26.36cmX110.6cm _ _a5137415.jpg",清,王士祯,放鸟图,页,工笔,花鸟,Gongbi,FlowerBird,FlowerBird,Gongbi-FlowerBird,Gongbi-FlowerBird
"清_王时敏_仿北宋赵令穰江乡清夏册_页_浅绛,山水_ _山水 _  _  _ _583c2ece.jpg",清,王时敏,仿北宋赵令穰江乡清夏册,页,浅绛,山水,LightOchre,Landscape,Landscape,LightOchre-Landscape,LightOchre-Landscape
"清_王时敏_仿黄鹤山樵 _页_浅绛,山水_  _  _  _ _cc9d0a31.jpg",清,王时敏,仿黄鹤山樵,页,浅绛,山水,LightOchre,Landscape,Landscape,LightOchre-Landscape,LightOchre-Landscape
"清_王时敏_山水图_页_水墨,山水_轴_山,山林,山群,树,树林,水,水面,水流,云,云朵 _ _8_8fe10075.jpg",清,王时敏,山水图,页,水墨,山水,Ink,Landscape,Landscape,Ink-Landscape,Ink-Landscape
"清_王时敏_山水图_页_水墨,山水_轴_山林,山,树,树林,树叶,水面,建筑,房子,文字,印章 _ _2507abea.jpg",清,王时敏,山水图,页,水墨,山水,Ink,Landscape,Landscape,Ink-Landscape,Ink-Landscape
"清_王时敏_杜甫诗意图册_页_浅绛,山水_  _  _  _ _1735758778_00257bf0.jpg",清,王时敏,杜甫诗意图册,页,浅绛,山水,LightOchre,Landscape,Landscape,LightOchre-Landscape,LightOchre-Landscape
"清_王时敏_杜甫诗意图册_页_浅绛,山水_  _  _  _ _efb98802.jpg",清,王时敏,杜甫诗意图册,页,浅绛,山水,LightOchre,Landscape,Landscape,LightOchre-Landscape,LightOchre-Landscape
"清_王时敏_杜甫诗意图册_页_浅绛,山水_孤城返照红将敛近市浮烟翠且重 _  _  _ _3f8df77b.jpg",清,王时敏,杜甫诗意图册,页,浅绛,山水,LightOchre,Landscape,Landscape,LightOchre-Landscape,LightOchre-Landscape
"清_王时敏_杜甫诗意图册_页_浅绛,山水_山水 _  _  _ _1735758778_944a4f50.jpg",清,王时敏,杜甫诗意图册,页,浅绛,山水,LightOchre,Landscape,Landscape,LightOchre-Landscape,LightOchre-Landscape
"清_王时敏_杜甫诗意图册_页_浅绛,山水_山水 _  _  _ _c0b7ae08.jpg",清,王时敏,杜甫诗意图册,页,浅绛,山水,LightOchre,Landscape,Landscape,LightOchre-Landscape,LightOchre-Landscape
"清_王时敏_杜甫诗意图册_页_浅绛,山水_断壁过云开锦绣疏松隔水奏笙簧 _  _  _ _5a018e84.jpg",清,王时敏,杜甫诗意图册,页,浅绛,山水,LightOchre,Landscape,Landscape,LightOchre-Landscape,LightOchre-Landscape
"清_王时敏_杜甫诗意图册_页_浅绛,山水_枫叶、菊花 _  _  _ _16ef2177.jpg",清,王时敏,杜甫诗意图册,页,浅绛,山水,LightOchre,Landscape,Landscape,LightOchre-Landscape,LightOchre-Landscape
"清_王时敏_杜甫诗意图册_页_浅绛,山水_楚江巫峡半云雨清簟疏帘看弈棋 _  _  _ _12a57d40.jpg",清,王时敏,杜甫诗意图册,页,浅绛,山水,LightOchre,Landscape,Landscape,LightOchre-Landscape,LightOchre-Landscape
"清_王时敏_杜甫诗意图册_页_浅绛,山水_白沙翠竹江村暮相送柴门月色新 _  _  _ _19a64564.jpg",清,王时敏,杜甫诗意图册,页,浅绛,山水,LightOchre,Landscape,Landscape,LightOchre-Landscape,LightOchre-Landscape
"清_王时敏_杜甫诗意图册_页_浅绛,山水_石上藤萝月,洲前芦荻花 _  _  _ _9a118ee5.jpg",清,王时敏,杜甫诗意图册,页,浅绛,山水,LightOchre,Landscape,Landscape,LightOchre-Landscape,LightOchre-Landscape
"清_王時敏_山水圖_扇面_水墨,山水_山,山林,建筑,房子,树,树林,水,水面,云,云朵,文字,印章_46d55d59.jpg",清,王時敏,山水圖,扇面,水墨,山水,Ink,Landscape,Landscape,Ink-Landscape,Ink-Landscape
"清_王武_花卉册_页_没骨,花鸟_石头,花,紫花,树叶,花枝,虫子,白花,文字,印章 _  _  __77fc1d14.jpg",清,王武,花卉册,页,没骨,花鸟,Mogu,FlowerBird,FlowerBird,Mogu-FlowerBird,Mogu-FlowerBird
"清_王武_花卉册_页_没骨,花鸟_紫花,粉花,花朵,石头,叶子,花枝,虫子,飞虫,文字,印章 _  _05139b6c.jpg",清,王武,花卉册,页,没骨,花鸟,Mogu,FlowerBird,FlowerBird,Mogu-FlowerBird,Mogu-FlowerBird
"清_王武_花卉册_页_没骨,花鸟_芦苇,叶子,花朵,倾听,虫子,粉花,花,草,草地,绿叶,文字,印章_b3d910e1.jpg",清,王武,花卉册,页,没骨,花鸟,Mogu,FlowerBird,FlowerBird,Mogu-FlowerBird,Mogu-FlowerBird
"清_王武_花卉册_页_没骨,花鸟_花,叶子,树叶,绿叶,花枝,枝,虫子,蝴蝶,草地,草,文字,印章,_8eecaba9.jpg",清,王武,花卉册,页,没骨,花鸟,Mogu,FlowerBird,FlowerBird,Mogu-FlowerBird,Mogu-FlowerBird
"清_王武_花卉册_页_没骨,花鸟_花,菊花,叶子,石头,花枝,树枝,枝子,草,文字,印章 _  _ _e5ae05a5.jpg",清,王武,花卉册,页,没骨,花鸟,Mogu,FlowerBird,FlowerBird,Mogu-FlowerBird,Mogu-FlowerBird
"清_王武_花卉册_页_没骨,花鸟_花枝,花,树枝,叶子,草,草地,石头,虫子,飞虫,绿叶,绿叶,文字_d3c27457.jpg",清,王武,花卉册,页,没骨,花鸟,Mogu,FlowerBird,FlowerBird,Mogu-FlowerBird,Mogu-FlowerBird
"清_王武_花卉册_页_没骨,花鸟_荷叶,树叶,叶子,青蛙,动物,虫子,树枝,草地,草,文字,印章 __dee34a37.jpg",清,王武,花卉册,页,没骨,花鸟,Mogu,FlowerBird,FlowerBird,Mogu-FlowerBird,Mogu-FlowerBird
"清_王武_花卉册_页_没骨,花鸟_虫子,蝉,树枝,叶子,花,花朵,粉花,文字,印章 _  _  _ _eb6fdafc.jpg",清,王武,花卉册,页,没骨,花鸟,Mogu,FlowerBird,FlowerBird,Mogu-FlowerBird,Mogu-FlowerBird
"清_王武_花卉册_页_没骨,花鸟_虫子,蟋蟀,树叶,绿叶,花枝,花,粉花,红花,叶子,文字,印章 __023000ab.jpg",清,王武,花卉册,页,没骨,花鸟,Mogu,FlowerBird,FlowerBird,Mogu-FlowerBird,Mogu-FlowerBird
"清_王武_花竹栖禽图_页_没骨,花鸟_花竹、禽鸟_纸本_79.8cmX40.5cm_北京故宫博物院_96bb6535.jpg",清,王武,花竹栖禽图,页,没骨,花鸟,Mogu,FlowerBird,FlowerBird,Mogu-FlowerBird,Mogu-FlowerBird
"清_王渔洋_书画册页_页_浅绛,山水_云朵,云,山林,山,建筑,房子,人物,文字,印章,水面,树,树叶_纸本_15.2cmX24cm _ _7d4312c6.jpg",清,王渔洋,书画册页,页,浅绛,山水,LightOchre,Landscape,Landscape,LightOchre-Landscape,LightOchre-Landscape
"清_王渔洋_书画册页_页_浅绛,山水_山,山林,山群,建筑,房子,人物,水面,树林,树,树叶,桥,河岸,水,水流,文字,印章_纸本_15.2cmX24cm _ _4053bad8.jpg",清,王渔洋,书画册页,页,浅绛,山水,LightOchre,Landscape,Landscape,LightOchre-Landscape,LightOchre-Landscape
"清_王渔洋_书画册页_页_浅绛,山水_山,山林,水流,水,水面,建筑,房子,围墙,树,树木,树叶,人,人物,文字,印章_纸本_15.2cmX24cm _ _8805c2bf.jpg",清,王渔洋,书画册页,页,浅绛,山水,LightOchre,Landscape,Landscape,LightOchre-Landscape,LightOchre-Landscape
"清_王渔洋_书画册页_页_浅绛,山水_山,石头,树,树林,树叶,芦苇,人,云,云朵,水,水面,湖面_纸本_15.2cmX24cm _ _4e9711dc.jpg",清,王渔洋,书画册页,页,浅绛,山水,LightOchre,Landscape,Landscape,LightOchre-Landscape,LightOchre-Landscape
"清_王渔洋_书画册页_页_浅绛,山水_建筑,房子,亭子,寺庙,树林,树,树叶,桥,人,人物,文字,云朵,云,印章_纸本_15.2cmX24cm _ _a65cfa95.jpg",清,王渔洋,书画册页,页,浅绛,山水,LightOchre,Landscape,Landscape,LightOchre-Landscape,LightOchre-Landscape
"清_王翚_仙山楼观册_页_浅绛,山水_ _山水_纸本_47.6cmX86.1cm _ _011cb747.jpg",清,王翚,仙山楼观册,页,浅绛,山水,LightOchre,Landscape,Landscape,LightOchre-Landscape,LightOchre-Landscape
"清_王翚_仿古山册2_页_浅绛,山水_山水 _  _  _ _41de0dbb.jpg",清,王翚,仿古山册2,页,浅绛,山水,LightOchre,Landscape,Landscape,LightOchre-Landscape,LightOchre-Landscape
"清_王翚_仿古山册3_页_浅绛,山水_山水 _  _  _ _15f08d1d.jpg",清,王翚,仿古山册3,页,浅绛,山水,LightOchre,Landscape,Landscape,LightOchre-Landscape,LightOchre-Landscape
"清_王翚_仿古山册4_页_浅绛,山水_山水 _  _  _ _9486b4ad.jpg",清,王翚,仿古山册4,页,浅绛,山水,LightOchre,Landscape,Landscape,LightOchre-Landscape,LightOchre-Landscape
"清_王翚_仿古山册5_页_浅绛,山水_山水 _  _  _ _e2e6d1c0.jpg",清,王翚,仿古山册5,页,浅绛,山水,LightOchre,Landscape,Landscape,LightOchre-Landscape,LightOchre-Landscape
"清_王翚_仿古山册_页_浅绛,山水_山,山林,山中,树,树木,树林,水,水流,水面,石头,建筑,桥,_d481510c.jpg",清,王翚,仿古山册,页,浅绛,山水,LightOchre,Landscape,Landscape,LightOchre-Landscape,LightOchre-Landscape
"清_王翚_仿古山册_页_浅绛,山水_山,山林,山中,水,水流,树,树林 _  _  _ _9ccc08ea.jpg",清,王翚,仿古山册,页,浅绛,山水,LightOchre,Landscape,Landscape,LightOchre-Landscape,LightOchre-Landscape
"清_王翚_仿古山册_页_浅绛,山水_山,山林,山路,路,水,水面,水流,草,草地,树,树林,树木,树_e109833d.jpg",清,王翚,仿古山册,页,浅绛,山水,LightOchre,Landscape,Landscape,LightOchre-Landscape,LightOchre-Landscape
"清_王翚_仿古山册_页_浅绛,山水_山,山林,河岸,陆地,建筑,房子,篱笆,地面,草地,石头,水,水_a7182fd2.jpg",清,王翚,仿古山册,页,浅绛,山水,LightOchre,Landscape,Landscape,LightOchre-Landscape,LightOchre-Landscape
"清_王翚_仿古山册_页_浅绛,山水_山,水,水面,建筑,房子,树,树木,树林,稻田,山林,桥,文字,印章 _  _  _ _d6b56659.jpg",清,王翚,仿古山册,页,浅绛,山水,LightOchre,Landscape,Landscape,LightOchre-Landscape,LightOchre-Landscape
"清_王翚_仿古山册_页_浅绛,山水_山林,山,树,树林,人物,路,水,水流,草,草地,建筑,房子,文_0903a329.jpg",清,王翚,仿古山册,页,浅绛,山水,LightOchre,Landscape,Landscape,LightOchre-Landscape,LightOchre-Landscape
"清_王翚_仿古山册_页_浅绛,山水_建筑,房子,围墙,桥,水,水流,水面,人,船,旗杆,树,树林,山_81852c19.jpg",清,王翚,仿古山册,页,浅绛,山水,LightOchre,Landscape,Landscape,LightOchre-Landscape,LightOchre-Landscape
"清_王翚_仿古山册_页_浅绛,山水_树,树林,树叶,柳树,水,水面,云,云朵,石头,鸟,鸟群,山,山_db324524.jpg",清,王翚,仿古山册,页,浅绛,山水,LightOchre,Landscape,Landscape,LightOchre-Landscape,LightOchre-Landscape
"清_王翚_仿古山册_页_浅绛,山水_树林,树,树木,河岸,草地,水,水面,建筑,房子,围栏,栅栏,树叶,文字,印章 _  _  _ _4cd94a8f.jpg",清,王翚,仿古山册,页,浅绛,山水,LightOchre,Landscape,Landscape,LightOchre-Landscape,LightOchre-Landscape
"清_王翚_仿古山册_页_浅绛,山水_鸟,鸭子,燕子,鸟群,草,树,树林,树木,石头,石林,石群,水,_8035af33.jpg",清,王翚,仿古山册,页,浅绛,山水,LightOchre,Landscape,Landscape,LightOchre-Landscape,LightOchre-Landscape
"清_王翚_仿古山水册_页_水墨,山水_寒林古岸_册页_山水_纸本 _ _大都会博物馆_a04d1d91.jpg",清,王翚,仿古山水册,页,水墨,山水,Ink,Landscape,Landscape,Ink-Landscape,Ink-Landscape
"清_王翚_仿古山水册_页_水墨,山水_山林_册页_山,山群,树木,树,云,建筑,房子,船,人,渔夫,_c77dfb6e.jpg",清,王翚,仿古山水册,页,水墨,山水,Ink,Landscape,Landscape,Ink-Landscape,Ink-Landscape
"清_王翚_仿古山水册_页_浅绛,山水_夏木垂阴_册页_山水_纸本 _ _大都会博物馆_3a412d17.jpg",清,王翚,仿古山水册,页,浅绛,山水,LightOchre,Landscape,Landscape,LightOchre-Landscape,LightOchre-Landscape
"清_王翚_仿古山水册_页_浅绛,山水_山,山林,树,树林,云,云朵,水,水流,水面,石头,船,文字,_cfd641c1.jpg",清,王翚,仿古山水册,页,浅绛,山水,LightOchre,Landscape,Landscape,LightOchre-Landscape,LightOchre-Landscape
"清_王翚_仿古山水册_页_浅绛,山水_山云化雨_册页_山水_纸本 _ _大都会博物馆_e7c73d1e.jpg",清,王翚,仿古山水册,页,浅绛,山水,LightOchre,Landscape,Landscape,LightOchre-Landscape,LightOchre-Landscape
"清_王翚_仿古山水册_页_浅绛,山水_山庄雪霁_册页_山水_纸本 _ _大都会博物馆_7d349ebc.jpg",清,王翚,仿古山水册,页,浅绛,山水,LightOchre,Landscape,Landscape,LightOchre-Landscape,LightOchre-Landscape
"清_王翚_仿古山水册_页_浅绛,山水_山林,建筑,房子,文字,印章 _ _38.1cmX30.6cm_09101d39.jpg",清,王翚,仿古山水册,页,浅绛,山水,LightOchre,Landscape,Landscape,LightOchre-Landscape,LightOchre-Landscape
"清_王翚_仿古山水册_页_浅绛,山水_山林,石头,树,树木,树林,建筑,房子,水面,云,树叶,草地,_8e91494a.jpg",清,王翚,仿古山水册,页,浅绛,山水,LightOchre,Landscape,Landscape,LightOchre-Landscape,LightOchre-Landscape
"清_王翚_仿古山水册_页_浅绛,山水_建筑,房子,园林,树林,树,树木,树叶,叶子,石头,人物,栅栏,文字,印章_青绿水墨_38.1cmX30.6cm_上海博物馆_a92e2f11.jpg",清,王翚,仿古山水册,页,浅绛,山水,LightOchre,Landscape,Landscape,LightOchre-Landscape,LightOchre-Landscape
"清_王翚_仿古山水册_页_浅绛,山水_建筑,房子,水面,水流,船,渔夫,石头,草,树,树林,云,云朵,山,山林,山地,文字,印章_青绿水墨_38.1cmX30.6cm_上海博物馆_02af8da7.jpg",清,王翚,仿古山水册,页,浅绛,山水,LightOchre,Landscape,Landscape,LightOchre-Landscape,LightOchre-Landscape
"清_王翚_仿古山水册_页_浅绛,山水_柴门涧水_册页_山水_纸本 _ _大都会博物馆_3a923d93.jpg",清,王翚,仿古山水册,页,浅绛,山水,LightOchre,Landscape,Landscape,LightOchre-Landscape,LightOchre-Landscape
"清_王翚_仿古山水册_页_浅绛,山水_树,柳树,草地,地面,水,水流,船,建筑,房子,树木,文字,印_a191023e.jpg",清,王翚,仿古山水册,页,浅绛,山水,LightOchre,Landscape,Landscape,LightOchre-Landscape,LightOchre-Landscape
"清_王翚_仿古山水册_页_浅绛,山水_树,树木,树林,水,水流,水面,山,山林,草,云,草地,文字,_2635c40a.jpg",清,王翚,仿古山水册,页,浅绛,山水,LightOchre,Landscape,Landscape,LightOchre-Landscape,LightOchre-Landscape
"清_王翚_仿古山水册_页_浅绛,山水_树,树木,树林,石头,石林,云,云朵,树叶,水,水流,文字,印_c802157a.jpg",清,王翚,仿古山水册,页,浅绛,山水,LightOchre,Landscape,Landscape,LightOchre-Landscape,LightOchre-Landscape
"清_王翚_仿古山水册_页_浅绛,山水_水面,树林,树木,柳树,水面,水,山,山林,山群,船,人,建筑_25be0ea7.jpg",清,王翚,仿古山水册,页,浅绛,山水,LightOchre,Landscape,Landscape,LightOchre-Landscape,LightOchre-Landscape
"清_王翚_仿古山水册_页_浅绛,山水_痴翁沙矶_册页_山水_纸本 _ _大都会博物馆_0c9711cc.jpg",清,王翚,仿古山水册,页,浅绛,山水,LightOchre,Landscape,Landscape,LightOchre-Landscape,LightOchre-Landscape
"清_王翚_仿古山水册_页_浅绛,山水_石头,山,山林,建筑,房子,桥,水,水面,树,树林,树叶,山地_1a7f4640.jpg",清,王翚,仿古山水册,页,浅绛,山水,LightOchre,Landscape,Landscape,LightOchre-Landscape,LightOchre-Landscape
"清_王翚_仿古山水册_页_浅绛,山水_碧岭秋亭_册页_山水_纸本 _ _大都会博物馆_da12195a.jpg",清,王翚,仿古山水册,页,浅绛,山水,LightOchre,Landscape,Landscape,LightOchre-Landscape,LightOchre-Landscape
"清_王翚_仿古山水册_页_浅绛,山水_麦田,水,水流,水面,建筑,房子,人物,旗杆,船,云,树,树林,树木,文字,印章 _ _38.1cmX30.6cm_上海博物馆_ec3b9e13.jpg",清,王翚,仿古山水册,页,浅绛,山水,LightOchre,Landscape,Landscape,LightOchre-Landscape,LightOchre-Landscape
"清_王翚_仿巨然夏山水笔法 _页_水墨,山水_山水 _ _98cmX61cm _ _6ef09560.jpg",清,王翚,仿巨然夏山水笔法,页,水墨,山水,Ink,Landscape,Landscape,Ink-Landscape,Ink-Landscape
"清_王翚_仿巨然山水册_页_水墨,山水_ _山水_绢本_59.3cmX153.6cm _ _a4b28c62.jpg",清,王翚,仿巨然山水册,页,水墨,山水,Ink,Landscape,Landscape,Ink-Landscape,Ink-Landscape
"清_王翚_仿巨然溪山雨霁册_页_水墨,山水_ _山水 _ _114cmX45.4_大都会博物馆_7f22cb16.jpg",清,王翚,仿巨然溪山雨霁册,页,水墨,山水,Ink,Landscape,Landscape,Ink-Landscape,Ink-Landscape
"清_王翚_仿李成雪霁册_页_水墨,山水_ _山水 _ _112.7cmX35.9cm_大都会博物馆_14829da7.jpg",清,王翚,仿李成雪霁册,页,水墨,山水,Ink,Landscape,Landscape,Ink-Landscape,Ink-Landscape
"清_王翚_仿赵大年水村册_页_浅绛,山水_ _山水 _  _  _ _ecf9e19d.jpg",清,王翚,仿赵大年水村册,页,浅绛,山水,LightOchre,Landscape,Landscape,LightOchre-Landscape,LightOchre-Landscape
"清_王翚_仿黄公望山水册_页_浅绛,山水_ _山水 _ _112cmX46cm _ _0159cec1.jpg",清,王翚,仿黄公望山水册,页,浅绛,山水,LightOchre,Landscape,Landscape,LightOchre-Landscape,LightOchre-Landscape
"清_王翚_仿黄鹤山人山水 _页_水墨,山水_山水_绢本_217cmX21cm _ _3668c6fb.jpg",清,王翚,仿黄鹤山人山水,页,水墨,山水,Ink,Landscape,Landscape,Ink-Landscape,Ink-Landscape
"清_王翚_夏山烟雨册_页_浅绛,山水_ _山水_纸本_62.9cmX136.5cm _ _1cf84dc3.jpg",清,王翚,夏山烟雨册,页,浅绛,山水,LightOchre,Landscape,Landscape,LightOchre-Landscape,LightOchre-Landscape
"清_王翚_山水圖_扇面_浅绛,山水_水,水流,河面,河岸,建筑,房子,树林,树木,树叶,石头,柳树,文字,印章_纸本_35cmX65cm _ _a3901fc8.jpg",清,王翚,山水圖,扇面,浅绛,山水,LightOchre,Landscape,Landscape,LightOchre-Landscape,LightOchre-Landscape
"清_王翚_山水朱兰和燕温归 _页_浅绛,山水_山水 _ _25.4cmX354cm _ _b360a626.jpg",清,王翚,山水朱兰和燕温归,页,浅绛,山水,LightOchre,Landscape,Landscape,LightOchre-Landscape,LightOchre-Landscape
"清_王翚_山窗封雪图 _页_水墨,山水_ _纸本_34.3cmX88.4cm _ _48582616.jpg",清,王翚,山窗封雪图,页,水墨,山水,Ink,Landscape,Landscape,Ink-Landscape,Ink-Landscape
"清_王翚_水阁幽山册_页_浅绛,山水_ _山水_纸本_48.7cmX92.4cm _ _0c31c65b.jpg",清,王翚,水阁幽山册,页,浅绛,山水,LightOchre,Landscape,Landscape,LightOchre-Landscape,LightOchre-Landscape
"清_王翚_溪山红树册_页_浅绛,山水_ _山水 _  _  _ _ae7144ce.jpg",清,王翚,溪山红树册,页,浅绛,山水,LightOchre,Landscape,Landscape,LightOchre-Landscape,LightOchre-Landscape
"清_王翚_溪山行旅图_页_浅绛,山水_卷_山水 _ _34cmX588cm _ _4f543ab1.jpg",清,王翚,溪山行旅图,页,浅绛,山水,LightOchre,Landscape,Landscape,LightOchre-Landscape,LightOchre-Landscape
"清_王翬_仿古四季山水图_页_浅绛,山水_仿夏禹玉渔庄 _ _山水 _ _82.5cmX51.2cm_16755b95.jpg",清,王翬,仿古四季山水图,页,浅绛,山水,LightOchre,Landscape,Landscape,LightOchre-Landscape,LightOchre-Landscape
"清_王翬_仿古四季山水图_页_浅绛,山水_仿巨然夏山水笔法 _ _山水 _ _82.5cmX51.2_13a1fe8d.jpg",清,王翬,仿古四季山水图,页,浅绛,山水,LightOchre,Landscape,Landscape,LightOchre-Landscape,LightOchre-Landscape
"清_王翬_仿古四季山水图_页_浅绛,山水_仿李营丘平林散牧 _ _山水 _ _82.5cmX51.2_5d253c90.jpg",清,王翬,仿古四季山水图,页,浅绛,山水,LightOchre,Landscape,Landscape,LightOchre-Landscape,LightOchre-Landscape
"清_王翬_仿古四季山水图_页_浅绛,山水_仿杏花春雨江南 _ _山水 _ _82.5cmX51.2c_513a1433.jpg",清,王翬,仿古四季山水图,页,浅绛,山水,LightOchre,Landscape,Landscape,LightOchre-Landscape,LightOchre-Landscape
"清_王鑒_山水圖 _页_浅绛,山水_山水_纸本_35cmX65cm _ _27a7f626.jpg",清,王鑒,山水圖,页,浅绛,山水,LightOchre,Landscape,Landscape,LightOchre-Landscape,LightOchre-Landscape
"清_石涛_渊明诗意册_页_浅绛,山水_  _  _  _ _1735758778_b49b938e.jpg",清,石涛,渊明诗意册,页,浅绛,山水,LightOchre,Landscape,Landscape,LightOchre-Landscape,LightOchre-Landscape
"清_石涛_渊明诗意册_页_浅绛,山水_  _  _  _ _872b446d.jpg",清,石涛,渊明诗意册,页,浅绛,山水,LightOchre,Landscape,Landscape,LightOchre-Landscape,LightOchre-Landscape
"清_石涛_渊明诗意册_页_浅绛,山水_东方有一士，被服常不完。三旬九遇食，十年著一冠_册页 _  __68ce2195.jpg",清,石涛,渊明诗意册,页,浅绛,山水,LightOchre,Landscape,Landscape,LightOchre-Landscape,LightOchre-Landscape
"清_石涛_渊明诗意册_页_浅绛,山水_平生不止酒，止酒情无喜_册页 _  _  _  _ _f07a2432.jpg",清,石涛,渊明诗意册,页,浅绛,山水,LightOchre,Landscape,Landscape,LightOchre-Landscape,LightOchre-Landscape
"清_石涛_渊明诗意册_页_浅绛,山水_悠然见南山_册页 _  _  _  _ _69881f6e.jpg",清,石涛,渊明诗意册,页,浅绛,山水,LightOchre,Landscape,Landscape,LightOchre-Landscape,LightOchre-Landscape
"清_石涛_渊明诗意册_页_浅绛,山水_清晨闻叩门，倒裳往自开。 问子为谁与？田父有好怀_册页 _  _2387acd1.jpg",清,石涛,渊明诗意册,页,浅绛,山水,LightOchre,Landscape,Landscape,LightOchre-Landscape,LightOchre-Landscape
"清_石涛_渊明诗意册_页_浅绛,山水_狗吠深巷中，鸡鸣桑树颠 _  _  _ _def782db.jpg",清,石涛,渊明诗意册,页,浅绛,山水,LightOchre,Landscape,Landscape,LightOchre-Landscape,LightOchre-Landscape
"清_石涛_渊明诗意册_页_浅绛,山水_若复不快饮，空负头上巾。但恨多谬误，君当恕醉人_册页 _  __bd6e6880.jpg",清,石涛,渊明诗意册,页,浅绛,山水,LightOchre,Landscape,Landscape,LightOchre-Landscape,LightOchre-Landscape
"清_石涛_渊明诗意册_页_浅绛,山水_虽有五男儿，总不好纸笔_册页 _  _  _  _ _2923bf08.jpg",清,石涛,渊明诗意册,页,浅绛,山水,LightOchre,Landscape,Landscape,LightOchre-Landscape,LightOchre-Landscape
"清_石涛_渊明诗意册_页_浅绛,山水_遥遥望白云，怀古一何深_册页 _  _  _  _ _9d8ae329.jpg",清,石涛,渊明诗意册,页,浅绛,山水,LightOchre,Landscape,Landscape,LightOchre-Landscape,LightOchre-Landscape
"清_石涛_渊明诗意册_页_浅绛,山水_饥来驱我去，不知竟何之_册页 _  _  _  _ _2d704814.jpg",清,石涛,渊明诗意册,页,浅绛,山水,LightOchre,Landscape,Landscape,LightOchre-Landscape,LightOchre-Landscape
"清_石涛_赠刘石头册_页_水墨,山水_写意,山,山林,山群,高山,树,树林,树叶,建筑,围墙,城墙,_447b3f6e.jpg",清,石涛,赠刘石头册,页,水墨,山水,Ink,Landscape,Landscape,Ink-Landscape,Ink-Landscape
"清_石涛_赠刘石头册_页_水墨,山水_山,高山,地面,平原,树,树枝,树叶,地面,山地,坡地,雾气,_8e390e79.jpg",清,石涛,赠刘石头册,页,水墨,山水,Ink,Landscape,Landscape,Ink-Landscape,Ink-Landscape
"清_石涛_赠刘石头册_页_浅绛,山水_写意,山,山林,山地,山路,树,树林,枯树,草,草地,荒草,建_f400b642.jpg",清,石涛,赠刘石头册,页,浅绛,山水,LightOchre,Landscape,Landscape,LightOchre-Landscape,LightOchre-Landscape
"清_石涛_赠刘石头册_页_浅绛,山水_山,山林,山地,丘陵,水,水面,静水,树,树林,枯树,石头,岩石,砂石,雾气,浓雾,建筑,房子,茅屋,文字,印章 _  _ _纳尔逊博物馆_bcca78c4.jpg",清,石涛,赠刘石头册,页,浅绛,山水,LightOchre,Landscape,Landscape,LightOchre-Landscape,LightOchre-Landscape
"清_石涛_赠刘石头册_页_浅绛,山水_山,山林,山群,山地,石头,岩石,巨石,水,水面,净水,船,人_93e44e6d.jpg",清,石涛,赠刘石头册,页,浅绛,山水,LightOchre,Landscape,Landscape,LightOchre-Landscape,LightOchre-Landscape
"清_石涛_赠刘石头册_页_浅绛,山水_山,山林,高山,丘陵,地面,树,树林,树枝,枯树,草地,石头,_7fb741fd.jpg",清,石涛,赠刘石头册,页,浅绛,山水,LightOchre,Landscape,Landscape,LightOchre-Landscape,LightOchre-Landscape
"清_石涛_赠刘石头册_页_浅绛,山水_山,山群,雾气,清雾,树,树林,水,水面,涟漪,地面,山路,建_c9d50c45.jpg",清,石涛,赠刘石头册,页,浅绛,山水,LightOchre,Landscape,Landscape,LightOchre-Landscape,LightOchre-Landscape
"清_石涛_赠刘石头册_页_浅绛,山水_山,高山,树,树林,枯树,建筑,房子,亭子,草地,地面,雾气,文字,印章 _  _  _ _fdff9a9c.jpg",清,石涛,赠刘石头册,页,浅绛,山水,LightOchre,Landscape,Landscape,LightOchre-Landscape,LightOchre-Landscape
"清_祁止祥_仿董源山水册_页_水墨,山水_ _山水_绢本_46.4cmX126cm _ _5fc856c1.jpg",清,祁止祥,仿董源山水册,页,水墨,山水,Ink,Landscape,Landscape,Ink-Landscape,Ink-Landscape
"清_程正揆_江山卧游册_页_水墨,山水_ _山水_纸本_26cmX293cm _ _33234301.jpg",清,程正揆,江山卧游册,页,水墨,山水,Ink,Landscape,Landscape,Ink-Landscape,Ink-Landscape
"清_程璋_双猫 _页_工笔,花鸟_花鸟_纸本_80cmX148cm _ _adcda503.jpg",清,程璋,双猫,页,工笔,花鸟,Gongbi,FlowerBird,FlowerBird,Gongbi-FlowerBird,Gongbi-FlowerBird
"清_章谷_携琴游山册_页_水墨,山水_ _山水、人物_绢本_90cmX211.7cm _ _f5a53ef3.jpg",清,章谷,携琴游山册,页,水墨,山水,Ink,Landscape,Landscape,Ink-Landscape,Ink-Landscape
"清_罗聘_寒山拾得图_页_写意,人物_ _人物_纸本_78.74cmX51cm _ _1b7cde07.jpg",清,罗聘,寒山拾得图,页,写意,人物,Xieyi,Figure,Figure,Xieyi-Figure,Xieyi-Figure
"清_胡湄_鹦鹉戏蝶图_页_工笔,花鸟_花鸟_绢本_98.2cmX50.3cm _ _f89064b6.jpg",清,胡湄,鹦鹉戏蝶图,页,工笔,花鸟,Gongbi,FlowerBird,FlowerBird,Gongbi-FlowerBird,Gongbi-FlowerBird
"清_艾启蒙_土尔扈特白鹰图_页_工笔,花鸟_花鸟 _ _64cmX40cm _ _0f155527.jpg",清,艾启蒙,土尔扈特白鹰图,页,工笔,花鸟,Gongbi,FlowerBird,FlowerBird,Gongbi-FlowerBird,Gongbi-FlowerBird
"清_萧云从_山水册_页_浅绛,山水_山,山林,树,树林,建筑,房子,水,水面 _  _ _大都会_dc4ea336.jpg",清,萧云从,山水册,页,浅绛,山水,LightOchre,Landscape,Landscape,LightOchre-Landscape,LightOchre-Landscape
"清_萧云从_山水册_页_浅绛,山水_山,山林,树,树林,树叶,建筑,房子,桥,水面,水 _  _ _大都会_04814653.jpg",清,萧云从,山水册,页,浅绛,山水,LightOchre,Landscape,Landscape,LightOchre-Landscape,LightOchre-Landscape
"清_萧云从_山水册_页_浅绛,山水_山,山林,树,树林,水流,水面,人物,人,石头,文字,印章 _ _edc3449c.jpg",清,萧云从,山水册,页,浅绛,山水,LightOchre,Landscape,Landscape,LightOchre-Landscape,LightOchre-Landscape
"清_萧云从_山水册_页_浅绛,山水_山,陆地,树,树林,树叶,建筑,房子,水,水流,草地,草丛 _ _e392e71b.jpg",清,萧云从,山水册,页,浅绛,山水,LightOchre,Landscape,Landscape,LightOchre-Landscape,LightOchre-Landscape
"清_萧云从_山水册_页_浅绛,山水_山林,水,水面,水林,建筑,亭子,树,树林,树叶,石头,山群 _  _ _大都会_07a31102.jpg",清,萧云从,山水册,页,浅绛,山水,LightOchre,Landscape,Landscape,LightOchre-Landscape,LightOchre-Landscape
"清_萧云从_山水图_页_浅绛,山水_卷_山水_纸本_29.2cmX593cm_辽宁省博物馆_fdb8963e.jpg",清,萧云从,山水图,页,浅绛,山水,LightOchre,Landscape,Landscape,LightOchre-Landscape,LightOchre-Landscape
"清_萧云从_秋岭山泉图_页_水墨,山水_ _石头,山,山林,建筑,房子,栅栏,树,树林,人,人物,文_e4efc07d.jpg",清,萧云从,秋岭山泉图,页,水墨,山水,Ink,Landscape,Landscape,Ink-Landscape,Ink-Landscape
"清_蒋廷锡_蜀葵萱花图_页_工笔,花鸟_花鸟_代绢_纸本_76mX39.8cm _ _1888ce67.jpg",清,蒋廷锡,蜀葵萱花图,页,工笔,花鸟,Gongbi,FlowerBird,FlowerBird,Gongbi-FlowerBird,Gongbi-FlowerBird
"清_蒲华_ _页_浅绛,山水_写意,亭子,人,树,树林,河流,石头,山林,印章,文字_  _  _ _e81d2e7a.jpg",清,蒲华,,页,浅绛,山水,LightOchre,Landscape,Landscape,LightOchre-Landscape,LightOchre-Landscape
"清_蒲华_ _页_浅绛,山水_写意,山,山林,树,树林,云,文字,印章 _  _  _ _76949772.jpg",清,蒲华,,页,浅绛,山水,LightOchre,Landscape,Landscape,LightOchre-Landscape,LightOchre-Landscape
"清_蒲华_凤竹图_轴_水墨,山水_竹林,竹子,草,石头,文字,印章 _ _117cmX48cm _ _5a80c5a1.jpg",清,蒲华,凤竹图,轴,水墨,山水,Ink,Landscape,Landscape,Ink-Landscape,Ink-Landscape
"清_蒲华_枯木寒鸦 _页_浅绛,山水_树,乌鸦,山林,树林,河流,亭子,河岸,印章,文字 _  _ _bb08a216.jpg",清,蒲华,枯木寒鸦,页,浅绛,山水,LightOchre,Landscape,Landscape,LightOchre-Landscape,LightOchre-Landscape
"清_蒲华_竹菊花图_轴页_写意,花鸟_竹、菊、花 _ _27cmX34cm _ _2846fd4d.jpg",清,蒲华,竹菊花图,轴页,写意,花鸟,Xieyi,FlowerBird,FlowerBird,Xieyi-FlowerBird,Xieyi-FlowerBird
"清_蓝瑛_秋山行旅图_页_水墨,山水_轴_山水_绢本_186.5cmX69cm _ _368d404f.jpg",清,蓝瑛,秋山行旅图,页,水墨,山水,Ink,Landscape,Landscape,Ink-Landscape,Ink-Landscape
"清_虚谷_山阴草堂图_页_浅绛,山水_ _纸本_283.6cmX29.4cm _ _9ed95673.jpg",清,虚谷,山阴草堂图,页,浅绛,山水,LightOchre,Landscape,Landscape,LightOchre-Landscape,LightOchre-Landscape
"清_虚谷_梅鹤图_页_写意,花鸟_ _花鸟 _ _156cmX43cm_广州艺术博物院_05d6a7a7.jpg",清,虚谷,梅鹤图,页,写意,花鸟,Xieyi,FlowerBird,FlowerBird,Xieyi-FlowerBird,Xieyi-FlowerBird
"清_袁江 _  _页_浅绛,山水_山水 _ _63cmX135cm _ _2aa008ff.jpg",清,袁江,,页,浅绛,山水,LightOchre,Landscape,Landscape,LightOchre-Landscape,LightOchre-Landscape
"清_袁江_花落雨来_页_水墨,山水_  _  _ _中国美术馆_60c07ce7.jpg",清,袁江,花落雨来,页,水墨,山水,Ink,Landscape,Landscape,Ink-Landscape,Ink-Landscape
"清_袁耀_山水四条屏_扬州四景_页_浅绛,山水_页_水墨,山水_万松叠翠_四条屏_山水_绢本_57c_711aae97.jpg",清,袁耀,山水四条屏,扬州四景,浅绛,山水,LightOchre,Landscape,Landscape,LightOchre-Landscape,LightOchre-Landscape
"清_袁耀_山水四条屏_扬州四景_页_浅绛,山水_页_水墨,山水_平岗艳雪_四条屏_山水_绢本_57c_9db41e42.jpg",清,袁耀,山水四条屏,扬州四景,浅绛,山水,LightOchre,Landscape,Landscape,LightOchre-Landscape,LightOchre-Landscape
"清_袁耀_山水四条屏_扬州四景_页_浅绛,山水_页_水墨,山水_平流涌瀑_四条屏_山水_绢本_57cmX66.1cm_北京故宫博物院_4ba52c98.jpg",清,袁耀,山水四条屏,扬州四景,浅绛,山水,LightOchre,Landscape,Landscape,LightOchre-Landscape,LightOchre-Landscape
"清_袁耀_山水四条屏_扬州四景_页_浅绛,山水_页_水墨,山水_春台明月_四条屏_山水_绢本_57cmX66.1cm_北京故宫博物院_b696e0b0.jpg",清,袁耀,山水四条屏,扬州四景,浅绛,山水,LightOchre,Landscape,Landscape,LightOchre-Landscape,LightOchre-Landscape
"清_袁耀_山雨欲来图_页_浅绛,山水_ _绢本_202.3cmX118cm _ _affa6e6e.jpg",清,袁耀,山雨欲来图,页,浅绛,山水,LightOchre,Landscape,Landscape,LightOchre-Landscape,LightOchre-Landscape
"清_谢荪_荷花图_页_工笔,花鸟_ _花鸟_纸本_35cmX43.5cm _ _42643873.jpg",清,谢荪,荷花图,页,工笔,花鸟,Gongbi,FlowerBird,FlowerBird,Gongbi-FlowerBird,Gongbi-FlowerBird
"清_赵之谦_牡丹图 _页_没骨,花鸟_山,石头,花枝,树枝,叶子,树叶,花,粉花,兰花,白花,文字,印章_纸本_175.6cmX90.8cm_北京故宫博物院_579d932f.jpg",清,赵之谦,牡丹图,页,没骨,花鸟,Mogu,FlowerBird,FlowerBird,Mogu-FlowerBird,Mogu-FlowerBird
"清_赵之谦_花卉图册_页_写意,花鸟_写意,兰花,花,兰草,没骨,树叶,叶子,石头,果实,蓝花,文字_094f1225.jpg",清,赵之谦,花卉图册,页,写意,花鸟,Xieyi,FlowerBird,FlowerBird,Xieyi-FlowerBird,Xieyi-FlowerBird
"清_赵之谦_花卉图册_页_写意,花鸟_写意,树枝,花,粉花,花枝,叶子,绿叶,文字,印章 _  _  _ _49d00c68.jpg",清,赵之谦,花卉图册,页,写意,花鸟,Xieyi,FlowerBird,FlowerBird,Xieyi-FlowerBird,Xieyi-FlowerBird
"清_赵之谦_花卉图册_页_写意,花鸟_写意,竹子,树木,草,花,粉花,文字,印章 _  _  _ _a3eadae9.jpg",清,赵之谦,花卉图册,页,写意,花鸟,Xieyi,FlowerBird,FlowerBird,Xieyi-FlowerBird,Xieyi-FlowerBird
"清_赵之谦_花卉图册_页_写意,花鸟_写意,花,树枝,树叶,花枝,叶子,绿叶,文字,印章 _  _  _ _3ad42a7e.jpg",清,赵之谦,花卉图册,页,写意,花鸟,Xieyi,FlowerBird,FlowerBird,Xieyi-FlowerBird,Xieyi-FlowerBird
"清_赵之谦_花卉图册_页_写意,花鸟_写意,花,橘花,叶子,绿叶,花枝,文字,印章 _  _  _ _ff0c9095.jpg",清,赵之谦,花卉图册,页,写意,花鸟,Xieyi,FlowerBird,FlowerBird,Xieyi-FlowerBird,Xieyi-FlowerBird
"清_赵之谦_花卉图册_页_写意,花鸟_写意,花,橘花,粉花,橘花,绿叶,花枝,文字,印章 _  _  _ _7bfdba49.jpg",清,赵之谦,花卉图册,页,写意,花鸟,Xieyi,FlowerBird,FlowerBird,Xieyi-FlowerBird,Xieyi-FlowerBird
"清_赵之谦_花卉图册_页_写意,花鸟_写意,花,粉花,红花,绿叶,花枝,树枝,叶子,文字,印章 _ _9815a31b.jpg",清,赵之谦,花卉图册,页,写意,花鸟,Xieyi,FlowerBird,FlowerBird,Xieyi-FlowerBird,Xieyi-FlowerBird
"清_赵之谦_花卉图册_页_写意,花鸟_写意,葫芦,南瓜,绿叶,叶子,灰叶,花枝,藤曼,文字,印章 _  _  _ _3adfefc6.jpg",清,赵之谦,花卉图册,页,写意,花鸟,Xieyi,FlowerBird,FlowerBird,Xieyi-FlowerBird,Xieyi-FlowerBird
"清_达礼善_关夫子像赞 _页_工笔,人物_人物_拓本_60cmX36cm _ _71910413.jpg",清,达礼善,关夫子像赞,页,工笔,人物,Gongbi,Figure,Figure,Gongbi-Figure,Gongbi-Figure
"清_邹一桂_四君子图_页_工笔,花鸟_ _花鸟_纸本_29cnX87cm_大英博物馆_605f6e48.jpg",清,邹一桂,四君子图,页,工笔,花鸟,Gongbi,FlowerBird,FlowerBird,Gongbi-FlowerBird,Gongbi-FlowerBird
"清_邹一桂_天竺水仙 _页_没骨,花鸟_花鸟_纸本_28.6cmX31.8cm _ _c9979559.jpg",清,邹一桂,天竺水仙,页,没骨,花鸟,Mogu,FlowerBird,FlowerBird,Mogu-FlowerBird,Mogu-FlowerBird
"清_邹一桂_树枝,花,蓝花,月亮,文字,印章 _页_没骨,花鸟_树枝,花,蓝花,月亮,文字,印章_纸本_26cmX32cm _ _c14c213e.jpg",清,邹一桂,"树枝,花,蓝花,月亮,文字,印章",页,没骨,花鸟,Mogu,FlowerBird,FlowerBird,Mogu-FlowerBird,Mogu-FlowerBird
"清_邹一桂_牡丹图_页_没骨,花鸟_ _花鸟_纸本_26cmX32cm _ _70295170.jpg",清,邹一桂,牡丹图,页,没骨,花鸟,Mogu,FlowerBird,FlowerBird,Mogu-FlowerBird,Mogu-FlowerBird
"清_邹一桂_玉堂富贵图_页_工笔,花鸟_ _花鸟_绢本 _  _ _c0d86cf2.jpg",清,邹一桂,玉堂富贵图,页,工笔,花鸟,Gongbi,FlowerBird,FlowerBird,Gongbi-FlowerBird,Gongbi-FlowerBird
"清_邹一桂_百花图 _页_工笔,花鸟_工笔,草,盛开花,红花,白花,粉花,蓝花 _  _  _ _3a514b89.jpg",清,邹一桂,百花图,页,工笔,花鸟,Gongbi,FlowerBird,FlowerBird,Gongbi-FlowerBird,Gongbi-FlowerBird
"清_邹一桂_芙蓉竹子图_页_没骨,花鸟_ _花鸟_纸本_26cmX32cm _ _c4642620.jpg",清,邹一桂,芙蓉竹子图,页,没骨,花鸟,Mogu,FlowerBird,FlowerBird,Mogu-FlowerBird,Mogu-FlowerBird
"清_邹一桂_菊花图_页_没骨,花鸟_ _花鸟_纸本_26cmX32cm _ _87929853.jpg",清,邹一桂,菊花图,页,没骨,花鸟,Mogu,FlowerBird,FlowerBird,Mogu-FlowerBird,Mogu-FlowerBird
"清_邹一桂_蟠桃图_页_工笔,花鸟_ _工笔,花鸟_绢本_87cmX166cm _ _f9fa99c7.jpg",清,邹一桂,蟠桃图,页,工笔,花鸟,Gongbi,FlowerBird,FlowerBird,Gongbi-FlowerBird,Gongbi-FlowerBird
"清_郎世宁 _  _页_工笔,花鸟_花瓶,花,叶子,花枝,橘子,印章_绢本_84cmX140cm __600dcf70.jpg",清,郎世宁,,页,工笔,花鸟,Gongbi,FlowerBird,FlowerBird,Gongbi-FlowerBird,Gongbi-FlowerBird
"清_郎世宁_乾隆皇帝大阅图_页_工笔,人物_轴_人物 _ _53cmX38cm _ _a890e908.jpg",清,郎世宁,乾隆皇帝大阅图,页,工笔,人物,Gongbi,Figure,Figure,Gongbi-Figure,Gongbi-Figure
"清_郎世宁_乾隆皇帝朝服像 _页_工笔,人物_人物_绢本_35cmX52cm _ _1170962b.jpg",清,郎世宁,乾隆皇帝朝服像,页,工笔,人物,Gongbi,Figure,Figure,Gongbi-Figure,Gongbi-Figure
"清_郎世宁_仙萼长春图册,紫白丁香图_页_工笔,花鸟_册页_花鸟 _  _  _ _805de5d0.jpg",清,郎世宁,"仙萼长春图册,紫白丁香图",页,工笔,花鸟,Gongbi,FlowerBird,FlowerBird,Gongbi-FlowerBird,Gongbi-FlowerBird
"清_郎世宁_仙萼长春图册,虞美人蝴蝶花图_页_工笔,花鸟_册页_花鸟 _  _  _ _87b5211c.jpg",清,郎世宁,"仙萼长春图册,虞美人蝴蝶花图",页,工笔,花鸟,Gongbi,FlowerBird,FlowerBird,Gongbi-FlowerBird,Gongbi-FlowerBird
"清_郎世宁_仙萼长春图册_桃花图_页_工笔,花鸟_花鸟 _  _  _ _91cdc861.jpg",清,郎世宁,仙萼长春图册,桃花图,工笔,花鸟,Gongbi,FlowerBird,FlowerBird,Gongbi-FlowerBird,Gongbi-FlowerBird
"清_郎世宁_仙萼长春图册_樱桃图_页_工笔,花鸟_花鸟 _  _  _ _9caf0de7.jpg",清,郎世宁,仙萼长春图册,樱桃图,工笔,花鸟,Gongbi,FlowerBird,FlowerBird,Gongbi-FlowerBird,Gongbi-FlowerBird
"清_郎世宁_仙萼长春图册_海棠玉兰图_页_工笔,花鸟_花鸟 _  _  _ _67a0c1dd.jpg",清,郎世宁,仙萼长春图册,海棠玉兰图,工笔,花鸟,Gongbi,FlowerBird,FlowerBird,Gongbi-FlowerBird,Gongbi-FlowerBird
"清_郎世宁_仙萼长春图册_牡丹图_页_工笔,花鸟_花鸟 _  _  _ _9eb72845.jpg",清,郎世宁,仙萼长春图册,牡丹图,工笔,花鸟,Gongbi,FlowerBird,FlowerBird,Gongbi-FlowerBird,Gongbi-FlowerBird
"清_郎世宁_仙萼长春图册_石竹图_页_工笔,花鸟_花鸟 _  _  _ _0b531080.jpg",清,郎世宁,仙萼长春图册,石竹图,工笔,花鸟,Gongbi,FlowerBird,FlowerBird,Gongbi-FlowerBird,Gongbi-FlowerBird
"清_郎世宁_仙萼长春图册_罂粟图_页_工笔,花鸟_花鸟 _  _  _ _374441ea.jpg",清,郎世宁,仙萼长春图册,罂粟图,工笔,花鸟,Gongbi,FlowerBird,FlowerBird,Gongbi-FlowerBird,Gongbi-FlowerBird
"清_郎世宁_仙萼长春图册_翠竹牵牛图_页_工笔,花鸟_花鸟 _  _  _ _aca794cd.jpg",清,郎世宁,仙萼长春图册,翠竹牵牛图,工笔,花鸟,Gongbi,FlowerBird,FlowerBird,Gongbi-FlowerBird,Gongbi-FlowerBird
"清_郎世宁_仙萼长春图册_芍药图_页_工笔,花鸟_花鸟 _  _  _ _b37e0d23.jpg",清,郎世宁,仙萼长春图册,芍药图,工笔,花鸟,Gongbi,FlowerBird,FlowerBird,Gongbi-FlowerBird,Gongbi-FlowerBird
"清_郎世宁_仙萼长春图册_荷花慈姑花图_页_工笔,花鸟_花鸟 _  _  _ _8a92c447.jpg",清,郎世宁,仙萼长春图册,荷花慈姑花图,工笔,花鸟,Gongbi,FlowerBird,FlowerBird,Gongbi-FlowerBird,Gongbi-FlowerBird
"清_郎世宁_仙萼长春图册_菊花图_页_工笔,花鸟_花鸟 _  _  _ _468bf745.jpg",清,郎世宁,仙萼长春图册,菊花图,工笔,花鸟,Gongbi,FlowerBird,FlowerBird,Gongbi-FlowerBird,Gongbi-FlowerBird
"清_郎世宁_仙萼长春图册_谷花稷穗图_页_工笔,花鸟_花鸟 _  _  _ _e8129f81.jpg",清,郎世宁,仙萼长春图册,谷花稷穗图,工笔,花鸟,Gongbi,FlowerBird,FlowerBird,Gongbi-FlowerBird,Gongbi-FlowerBird
"清_郎世宁_仙萼长春图册_鸡冠花图_页_工笔,花鸟_花鸟 _  _  _ _89260729.jpg",清,郎世宁,仙萼长春图册,鸡冠花图,工笔,花鸟,Gongbi,FlowerBird,FlowerBird,Gongbi-FlowerBird,Gongbi-FlowerBird
"清_郎世宁_仙萼长春图册_黄刺么鱼儿牡丹图_页_工笔,花鸟_花鸟 _  _  _ _a49696ec.jpg",清,郎世宁,仙萼长春图册,黄刺么鱼儿牡丹图,工笔,花鸟,Gongbi,FlowerBird,FlowerBird,Gongbi-FlowerBird,Gongbi-FlowerBird
"清_郎世宁_桃花图_页_工笔,花鸟_粉花,花,鸟,燕子,树枝,印章 _  _  _ _e8cb7d52.jpg",清,郎世宁,桃花图,页,工笔,花鸟,Gongbi,FlowerBird,FlowerBird,Gongbi-FlowerBird,Gongbi-FlowerBird
"清_郎世宁_海棠玉兰图_页_工笔,花鸟_页_工笔,花鸟_ _花,百花,鸟,树枝 _  _  _ _a197f0ec.jpg",清,郎世宁,海棠玉兰图,页,工笔,花鸟,Gongbi,FlowerBird,FlowerBird,Gongbi-FlowerBird,Gongbi-FlowerBird
"清_郎世宁_牡丹图 _页_工笔,花鸟_粉花,花,树叶,树枝,印章 _  _  _ _7fb03452.jpg",清,郎世宁,牡丹图,页,工笔,花鸟,Gongbi,FlowerBird,FlowerBird,Gongbi-FlowerBird,Gongbi-FlowerBird
"清_郎世宁_白鹰图_页_工笔,花鸟_页_工笔,花鸟_ _花鸟_绢本_122.25cmX64.79cm_90ec0cf6.jpg",清,郎世宁,白鹰图,页,工笔,花鸟,Gongbi,FlowerBird,FlowerBird,Gongbi-FlowerBird,Gongbi-FlowerBird
"清_郎世宁_花阴双鹤 _页_工笔,花鸟_花鸟_绢本 _  _ _2d27303e.jpg",清,郎世宁,花阴双鹤,页,工笔,花鸟,Gongbi,FlowerBird,FlowerBird,Gongbi-FlowerBird,Gongbi-FlowerBird
"清_郎世宁_花鸟 _页_工笔,花鸟_鸟,花,树叶,树枝,印章 _  _  _ _3d4b09f3.jpg",清,郎世宁,花鸟,页,工笔,花鸟,Gongbi,FlowerBird,FlowerBird,Gongbi-FlowerBird,Gongbi-FlowerBird
"清_郎世宁_花鸟图册_册页_工笔,花鸟_兰花,花,黄花,草草地,树枝 _  _  _ _5b5644e7.jpg",清,郎世宁,花鸟图册,册页,工笔,花鸟,Gongbi,FlowerBird,FlowerBird,Gongbi-FlowerBird,Gongbi-FlowerBird
"清_郎世宁_道光帝朝服像_轴_工笔,人物_人物_绢本_35cmX57cm _ _3d9358c0.jpg",清,郎世宁,道光帝朝服像,轴,工笔,人物,Gongbi,Figure,Figure,Gongbi-Figure,Gongbi-Figure
"清_郎世宁_雍正朝服像_轴_工笔,人物_人物 _ _35cmX60cm _ _a6a40b0c.jpg",清,郎世宁,雍正朝服像,轴,工笔,人物,Gongbi,Figure,Figure,Gongbi-Figure,Gongbi-Figure
"清_郑日文_墨笔山水中堂_页_水墨,山水_山水_纸本_75.5cmX195cm _ _bfe57723.jpg",清,郑日文,墨笔山水中堂,页,水墨,山水,Ink,Landscape,Landscape,Ink-Landscape,Ink-Landscape
"清_郑旼_黄山八景图册九对开_页_水墨,山水_山,山林,树,树林,双页,文字,印章 _  _  _ _6be504de.jpg",清,郑旼,黄山八景图册九对开,页,水墨,山水,Ink,Landscape,Landscape,Ink-Landscape,Ink-Landscape
"清_郑旼_黄山八景图册九对开_页_水墨,山水_山,山林,树,树林,建筑,桥,路面,山群,石头,雾气,双页,文字,印章 _  _  _ _4ce9e17e.jpg",清,郑旼,黄山八景图册九对开,页,水墨,山水,Ink,Landscape,Landscape,Ink-Landscape,Ink-Landscape
"清_郑旼_黄山八景图册九对开_页_水墨,山水_山,山林,树,树林,水,水面,山路,云,雾,雾气,双页,文字,印章 _  _  _ _08c1e8fd.jpg",清,郑旼,黄山八景图册九对开,页,水墨,山水,Ink,Landscape,Landscape,Ink-Landscape,Ink-Landscape
"清_郑旼_黄山八景图册九对开_页_水墨,山水_山,山林,树,树林,草 _  _  _ _3aa45095.jpg",清,郑旼,黄山八景图册九对开,页,水墨,山水,Ink,Landscape,Landscape,Ink-Landscape,Ink-Landscape
"清_郑旼_黄山八景图册九对开_页_水墨,山水_山,山林,草,草地,树,树林,山路,建筑,桥,双页,文字,印章 _  _  _ _5bc5789d.jpg",清,郑旼,黄山八景图册九对开,页,水墨,山水,Ink,Landscape,Landscape,Ink-Landscape,Ink-Landscape
"清_郑旼_黄山八景图册九对开_页_水墨,山水_水,水面,水流,雾气,山,山林,树,树林,双页,文字,印章 _  _  _ _bb305de4.jpg",清,郑旼,黄山八景图册九对开,页,水墨,山水,Ink,Landscape,Landscape,Ink-Landscape,Ink-Landscape
"清_郑板_墨竹 _ _写意,花鸟_竹子,竹叶,叶子,文字,印章_纸本_65.7cmX136.1cm _f2169877.jpg",清,郑板,墨竹,,写意,花鸟,Xieyi,FlowerBird,FlowerBird,Xieyi-FlowerBird,Xieyi-FlowerBird
"清_郑板桥_ _写意,花鸟_竹子,竹叶,叶子,文字,印章 _ _竹子,竹叶,叶子,文字,印章_纸本__05259f9a.jpg",清,郑板桥,,"写意,花鸟",写意,花鸟,Xieyi,FlowerBird,FlowerBird,Xieyi-FlowerBird,Xieyi-FlowerBird
"清_郑板桥_兰竹图 _ _写意,花鸟_竹子,竹叶,叶子,文字,印章_纸本_50cmX95cm _ _d0262a77.jpg",清,郑板桥,兰竹图,,写意,花鸟,Xieyi,FlowerBird,FlowerBird,Xieyi-FlowerBird,Xieyi-FlowerBird
"清_郑板桥_墨笔竹石图_轴_写意,花鸟_竹子,竹叶,叶子,文字,印章 _ _49cmX25cm_北京_479d17ec.jpg",清,郑板桥,墨笔竹石图,轴,写意,花鸟,Xieyi,FlowerBird,FlowerBird,Xieyi-FlowerBird,Xieyi-FlowerBird
"清_郑板桥_幽蓝图 _ _写意,花鸟_竹子,竹叶,叶子,文字,印章_纸本_123cmX50cm _ _d0796bd8.jpg",清,郑板桥,幽蓝图,,写意,花鸟,Xieyi,FlowerBird,FlowerBird,Xieyi-FlowerBird,Xieyi-FlowerBird
"清_郑板桥_竹子 _ _写意,花鸟_竹子,竹叶,叶子,文字,印章_纸本_49cmX103cm _ _8f8065ca.jpg",清,郑板桥,竹子,,写意,花鸟,Xieyi,FlowerBird,FlowerBird,Xieyi-FlowerBird,Xieyi-FlowerBird
"清_郑板桥_竹子 _ _写意,花鸟_竹子,竹叶,叶子,文字,印章_纸本_49cmX103cm _ __404a8c62.jpg",清,郑板桥,竹子,,写意,花鸟,Xieyi,FlowerBird,FlowerBird,Xieyi-FlowerBird,Xieyi-FlowerBird
"清_郑板桥_竹石图 _ _写意,花鸟_竹子,竹叶,叶子,文字,印章_纸本_90.3cmX169.6c_cd7d8919.jpg",清,郑板桥,竹石图,,写意,花鸟,Xieyi,FlowerBird,FlowerBird,Xieyi-FlowerBird,Xieyi-FlowerBird
"清_郑板桥_竹石图_轴_写意,花鸟_竹子,竹叶,叶子,文字,印章 _ _60cmX108cm _ _4f7cf706.jpg",清,郑板桥,竹石图,轴,写意,花鸟,Xieyi,FlowerBird,FlowerBird,Xieyi-FlowerBird,Xieyi-FlowerBird
"清_郑板桥_风竹石图 _ _写意,花鸟_竹子,竹叶,叶子,文字,印章_纸本_65.7cmX136cm_bfc25fc3.jpg",清,郑板桥,风竹石图,,写意,花鸟,Xieyi,FlowerBird,FlowerBird,Xieyi-FlowerBird,Xieyi-FlowerBird
"清_郑燮_ _页_写意,花鸟_写意,竹子,山石,竹叶,叶子,文字,印章 _ _竹子,山石,竹叶,叶子,文字,印章 _  _  _ _85de1fd7.jpg",清,郑燮,,页,写意,花鸟,Xieyi,FlowerBird,FlowerBird,Xieyi-FlowerBird,Xieyi-FlowerBird
"清_金农_人物山水图 第八开 画舫空留波照影_册_页_水墨,山水_写意,人物、山水 _  _  _ _b99b3f16.jpg",清,金农,人物山水图 第八开 画舫空留波照影,册,水墨,山水,Ink,Landscape,Landscape,Ink-Landscape,Ink-Landscape
"清_金农_人物山水图_页_写意,人物_册_页_水墨,山水_写意,人物,山水 _  _  _ _47ea4581.jpg",清,金农,人物山水图,页,写意,人物,Xieyi,Figure,Figure,Xieyi-Figure,Xieyi-Figure
"清_金农_人物山水图_页_写意,人物_册_页_水墨,山水_马和之秋林共话图_页_水墨,山水_第三开__3ce6ff1f.jpg",清,金农,人物山水图,页,写意,人物,Xieyi,Figure,Figure,Xieyi-Figure,Xieyi-Figure
"清_金农_人物山水图_页_写意,人物_册页_写意,人物,山水_  _  _ _e27b7c33.jpg",清,金农,人物山水图,页,写意,人物,Xieyi,Figure,Figure,Xieyi-Figure,Xieyi-Figure
"清_金农_人物山水图_页_写意,人物_第七开_玉川先生煎茶图_页_水墨,山水_册_页_水墨,山水_写_004188ef.jpg",清,金农,人物山水图,页,写意,人物,Xieyi,Figure,Figure,Xieyi-Figure,Xieyi-Figure
"清_金农_人物山水图_页_写意,人物_第二开_礼佛图_页_水墨,山水_册_页_水墨,山水_写意,人物_33e74f72.jpg",清,金农,人物山水图,页,写意,人物,Xieyi,Figure,Figure,Xieyi-Figure,Xieyi-Figure
"清_金农_人物山水图_页_水墨,山水_第十二开_山僧叩门图_页_水墨,山水_册_页_水墨,山水_写意_1771b267.jpg",清,金农,人物山水图,页,水墨,山水,Ink,Landscape,Landscape,Ink-Landscape,Ink-Landscape
"清_金农_人物山水图_页_浅绛,山水_册_页_水墨,山水_写意,人物,山水 _  _  _  (2)_1e674b62.jpg",清,金农,人物山水图,页,浅绛,山水,LightOchre,Landscape,Landscape,LightOchre-Landscape,LightOchre-Landscape
"清_金农_人物山水图_页_浅绛,山水_第九开_回汀曲渚暖生烟_册_页_水墨,山水_写意,人物,山水 _d6da80c1.jpg",清,金农,人物山水图,页,浅绛,山水,LightOchre,Landscape,Landscape,LightOchre-Landscape,LightOchre-Landscape
"清_金农_人物山水图_页_浅绛,山水_第五开_山青,云冥冥_册_页_水墨,山水_写意,人物,山水 __a9ffd95a.jpg",清,金农,人物山水图,页,浅绛,山水,LightOchre,Landscape,Landscape,LightOchre-Landscape,LightOchre-Landscape
"清_金农_人物山水图_页_浅绛,山水_第六开_宋龚开善画鬼_册_页_水墨,山水_写意,人物,山水 __9ddee250.jpg",清,金农,人物山水图,页,浅绛,山水,LightOchre,Landscape,Landscape,LightOchre-Landscape,LightOchre-Landscape
"清_金农_人物山水图_页_浅绛,山水_第十开_荷花开了_册_页_水墨,山水_写意,人物,山水,荷花 _61435964.jpg",清,金农,人物山水图,页,浅绛,山水,LightOchre,Landscape,Landscape,LightOchre-Landscape,LightOchre-Landscape
"清_金农_佛像 _ _写意,人物_佛像_纸本_64cmX133.8cm _ _5b75966b.jpg",清,金农,佛像,,写意,人物,Xieyi,Figure,Figure,Xieyi-Figure,Xieyi-Figure
"清_金农_墨戏图_册 _写意,花鸟_动物_纸本_28.6cmX23.8cm_美国大都会艺术博物馆_1_5045f13d.jpg",清,金农,墨戏图,册,写意,花鸟,Xieyi,FlowerBird,FlowerBird,Xieyi-FlowerBird,Xieyi-FlowerBird
"清_金农_墨戏图_册 _写意,花鸟_树_纸本_28.6cmX23.8cm_美国大都会艺术博物馆_d4a8e251.jpg",清,金农,墨戏图,册,写意,花鸟,Xieyi,FlowerBird,FlowerBird,Xieyi-FlowerBird,Xieyi-FlowerBird
"清_金农_墨梅图 _ _写意,花鸟_树枝_纸本_93.5cmX138cm _ _f5e22d30.jpg",清,金农,墨梅图,,写意,花鸟,Xieyi,FlowerBird,FlowerBird,Xieyi-FlowerBird,Xieyi-FlowerBird
"清_金农_梅花图_轴_写意,花鸟_梅花_纸本_130.2cmX28cm _ _73c094df.jpg",清,金农,梅花图,轴,写意,花鸟,Xieyi,FlowerBird,FlowerBird,Xieyi-FlowerBird,Xieyi-FlowerBird
"清_金农_梅花图_轴_写意,花鸟_梅花_纸本_61cmX33cm _ _f31d605b.jpg",清,金农,梅花图,轴,写意,花鸟,Xieyi,FlowerBird,FlowerBird,Xieyi-FlowerBird,Xieyi-FlowerBird
"清_金廷标_罗汉图_页_工笔,人物_ _工笔,人物_纸本_99.7cmX53.4cm_北京_af06d5e2.jpg",清,金廷标,罗汉图,页,工笔,人物,Gongbi,Figure,Figure,Gongbi-Figure,Gongbi-Figure
"清_金钥_蔡含秋_花蝴蝶图 _页_工笔,花鸟_花蝴蝶_绢本_30cmX75cm _ _8bb76ea9.jpg",清,金钥,蔡含秋,花蝴蝶图,工笔,花鸟,Gongbi,FlowerBird,FlowerBird,Gongbi-FlowerBird,Gongbi-FlowerBird
"清_钱松喦_山水诗画图_页_水墨,山水_轴_山水 _ _89cmX49cm _ _3b11f91e.jpg",清,钱松喦,山水诗画图,页,水墨,山水,Ink,Landscape,Landscape,Ink-Landscape,Ink-Landscape
"清_钱松喦_蜀道行旅册_页_浅绛,山水_ _山水 _ _82cmX44cm _ _fddc98ef.jpg",清,钱松喦,蜀道行旅册,页,浅绛,山水,LightOchre,Landscape,Landscape,LightOchre-Landscape,LightOchre-Landscape
"清_钱维乔_ _轴_水墨,山水_山水 _ _68cmX35cm _ _890589e3.jpg",清,钱维乔,,轴,水墨,山水,Ink,Landscape,Landscape,Ink-Landscape,Ink-Landscape
"清_钱维城_山水花鸟册_页_工笔,花鸟_花,盛开花,含苞花,树,树枝,树叶,文字,文字,印章_纸本__f11700e6.jpg",清,钱维城,山水花鸟册,页,工笔,花鸟,Gongbi,FlowerBird,FlowerBird,Gongbi-FlowerBird,Gongbi-FlowerBird
"清_钱维城_山水花鸟册_页_水墨,山水_山,山群,岩壁,悬崖,峭壁,石头,石头,树,枯树,松柏类,松_9268659f.jpg",清,钱维城,山水花鸟册,页,水墨,山水,Ink,Landscape,Landscape,Ink-Landscape,Ink-Landscape
"清_钱维城_山水花鸟册_页_水墨,山水_建筑,房屋,树,树林,枯树,地面,坡地,水,静水,兽鸟类,鸟_50a09648.jpg",清,钱维城,山水花鸟册,页,水墨,山水,Ink,Landscape,Landscape,Ink-Landscape,Ink-Landscape
"清_钱维城_山水花鸟册_页_水墨,山水_树,枯树林,山,山群,石头,石头,雾气,浓雾,房屋,村舍,岩壁,峭壁,悬崖文字,文字,印章_纸本_21.9cmX30.2cm_页_大都会博物馆_ef31b4c8.jpg",清,钱维城,山水花鸟册,页,水墨,山水,Ink,Landscape,Landscape,Ink-Landscape,Ink-Landscape
"清_钱维城_山水花鸟册_页_没骨,花鸟_大都会博物馆花,留白,盛开花,白花,黄花,印章,文字_纸本__6c1385c5.jpg",清,钱维城,山水花鸟册,页,没骨,花鸟,Mogu,FlowerBird,FlowerBird,Mogu-FlowerBird,Mogu-FlowerBird
"清_钱维城_山水花鸟册_页_没骨,花鸟_红花,留白,花,盛开花,印章,文字_纸本_21.9cmX30_7bc50e65.jpg",清,钱维城,山水花鸟册,页,没骨,花鸟,Mogu,FlowerBird,FlowerBird,Mogu-FlowerBird,Mogu-FlowerBird
"清_钱维城_山水花鸟册_页_没骨,花鸟_花,留白,盛开花,含苞花,文字,文字,印章_纸本_21.9c_ed6a6d51.jpg",清,钱维城,山水花鸟册,页,没骨,花鸟,Mogu,FlowerBird,FlowerBird,Mogu-FlowerBird,Mogu-FlowerBird
"清_钱维城_山水花鸟册_页_没骨,花鸟_花,留白,盛开花,文字,文字,印章_纸本_21.9cmX30_8b1d28b2.jpg",清,钱维城,山水花鸟册,页,没骨,花鸟,Mogu,FlowerBird,FlowerBird,Mogu-FlowerBird,Mogu-FlowerBird
"清_钱维城_山水花鸟册_页_没骨,花鸟_花,粉花,留白,盛开花,印章,文字_纸本_21.9cmX30_bb48b08c.jpg",清,钱维城,山水花鸟册,页,没骨,花鸟,Mogu,FlowerBird,FlowerBird,Mogu-FlowerBird,Mogu-FlowerBird
"清_钱维城_山水花鸟册_页_浅绛,山水_大都会博物馆山,水湖泊,树,建筑,屋顶_纸本_21.9cmX_e426e9c9.jpg",清,钱维城,山水花鸟册,页,浅绛,山水,LightOchre,Landscape,Landscape,LightOchre-Landscape,LightOchre-Landscape
"清_钱维城_山水花鸟册_页_浅绛,山水_山,山群,房屋,寺庙,亭子,房屋,树,树林岩壁,悬崖,雾气,晨雾_纸本_21.9cmX30.2cm_页_大都会博物馆_accddc43.jpg",清,钱维城,山水花鸟册,页,浅绛,山水,LightOchre,Landscape,Landscape,LightOchre-Landscape,LightOchre-Landscape
"清_钱维城_山水花鸟册_页_浅绛,山水_湖泊,湖泊,石头,石头,树,留白,树林,岩壁,峭壁,房屋,亭_1cbcacbc.jpg",清,钱维城,山水花鸟册,页,浅绛,山水,LightOchre,Landscape,Landscape,LightOchre-Landscape,LightOchre-Landscape
"清_阙岚_梧桐白头图_页_工笔,花鸟_ _花鸟_绢本_40.7cmX100.6cm _ _288669fd.jpg",清,阙岚,梧桐白头图,页,工笔,花鸟,Gongbi,FlowerBird,FlowerBird,Gongbi-FlowerBird,Gongbi-FlowerBird
"清_陈卓_牡丹_轴_工笔,花鸟_花鸟_绢本_65.6cmX146.4cm _ _1d585b3f.jpg",清,陈卓,牡丹,轴,工笔,花鸟,Gongbi,FlowerBird,FlowerBird,Gongbi-FlowerBird,Gongbi-FlowerBird
"清_陈枚,孙祜,金昆,戴洪,程志道,院本_清明上河图一版_页_浅绛,山水_ _绢本_35.6cmX1_c780859a.jpg",清,"陈枚,孙祜,金昆,戴洪,程志道,院本",清明上河图一版,页,浅绛,山水,LightOchre,Landscape,Landscape,LightOchre-Landscape,LightOchre-Landscape
"清_陈枚_山水楼阁图册_页_浅绛,山水_山,山林,山群,石头,树,树林,树叶,树枝,古树,,水,湖泊_8ca678ac.jpg",清,陈枚,山水楼阁图册,页,浅绛,山水,LightOchre,Landscape,Landscape,LightOchre-Landscape,LightOchre-Landscape
"清_陈枚_山水楼阁图册_页_浅绛,山水_山,山林,山群,石头,树,树林,树叶,树枝,古树,云,云朵,_59dc21df.jpg",清,陈枚,山水楼阁图册,页,浅绛,山水,LightOchre,Landscape,Landscape,LightOchre-Landscape,LightOchre-Landscape
"清_陈枚_山水楼阁图册_页_浅绛,山水_山,山林,山群,石头,树,树林,树叶,树枝,古树,枯树,水,_8d4de39c.jpg",清,陈枚,山水楼阁图册,页,浅绛,山水,LightOchre,Landscape,Landscape,LightOchre-Landscape,LightOchre-Landscape
"清_陈枚_山水楼阁图册_页_浅绛,山水_山,山林,山群,石头,树,树林,树叶,树枝,古树,枯树,水,_bf5d0504.jpg",清,陈枚,山水楼阁图册,页,浅绛,山水,LightOchre,Landscape,Landscape,LightOchre-Landscape,LightOchre-Landscape
"清_陈枚_山水楼阁图册_页_浅绛,山水_山,山林,山群,石头,树,树林,树叶,树枝,古树,枯树,水,湖泊,雾气,云,云朵,石桥,建筑,房子,柱子,瓦片,门窗,台阶,屋顶,人物,地面_纸本_ _页__8203fc1d.jpg",清,陈枚,山水楼阁图册,页,浅绛,山水,LightOchre,Landscape,Landscape,LightOchre-Landscape,LightOchre-Landscape
"清_陈枚_山水楼阁图册_页_浅绛,山水_山,山林,山群,石头,树,树林,树叶,树枝,古树,枯树,水,湖泊,雾气,云,云朵,石桥,建筑,房子,柱子,瓦片,门窗,台阶,屋顶,人物,行人,地面_纸本_ _页__b3641744.jpg",清,陈枚,山水楼阁图册,页,浅绛,山水,LightOchre,Landscape,Landscape,LightOchre-Landscape,LightOchre-Landscape
"清_陈枚_山水楼阁图册_页_浅绛,山水_山,山林,山群,石头,树,树林,树叶,树枝,古树,雾,云,云_05f9330e.jpg",清,陈枚,山水楼阁图册,页,浅绛,山水,LightOchre,Landscape,Landscape,LightOchre-Landscape,LightOchre-Landscape
"清_陈枚_山水楼阁图册_页_浅绛,山水_山,山林,山群,石头,树,树林,树叶,树枝,古树,雾气,云,_de69fdef.jpg",清,陈枚,山水楼阁图册,页,浅绛,山水,LightOchre,Landscape,Landscape,LightOchre-Landscape,LightOchre-Landscape
"清_陈枚_山水楼阁图册_页_浅绛,山水_山,山群,石头,树,树林,树叶,树枝,古树,水,湖泊,雾气,_5173103c.jpg",清,陈枚,山水楼阁图册,页,浅绛,山水,LightOchre,Landscape,Landscape,LightOchre-Landscape,LightOchre-Landscape
"清_陈枚_山水楼阁图册_页_浅绛,山水_山,石头,树,树叶,树枝,古树,水,湖泊,云,云朵,木桥,建_8737474d.jpg",清,陈枚,山水楼阁图册,页,浅绛,山水,LightOchre,Landscape,Landscape,LightOchre-Landscape,LightOchre-Landscape
"清_陈枚_山水楼阁图册_页_浅绛,山水_山,石头,树,树林,树叶,树枝,古树,枯树,水,湖泊,云,云_f84dedfc.jpg",清,陈枚,山水楼阁图册,页,浅绛,山水,LightOchre,Landscape,Landscape,LightOchre-Landscape,LightOchre-Landscape
"清_陈枚_山水楼阁图册_页_浅绛,山水_石头,树,树林,树叶,树枝,古树,水,,建筑,房子,柱子,瓦_1142c7cd.jpg",清,陈枚,山水楼阁图册,页,浅绛,山水,LightOchre,Landscape,Landscape,LightOchre-Landscape,LightOchre-Landscape
"清_陈枚_月曼清游图册_页_工笔,人物_  _  _  _ _4b969c7b.jpg",清,陈枚,月曼清游图册,页,工笔,人物,Gongbi,Figure,Figure,Gongbi-Figure,Gongbi-Figure
"清_陈枚_月曼清游图册_页_工笔,人物_人物 _  _  _ _87a67b94.jpg",清,陈枚,月曼清游图册,页,工笔,人物,Gongbi,Figure,Figure,Gongbi-Figure,Gongbi-Figure
"清_陈枚_月曼清游图册_页_工笔,人物_寒夜探梅 _  _  _ _53092f93.jpg",清,陈枚,月曼清游图册,页,工笔,人物,Gongbi,Figure,Figure,Gongbi-Figure,Gongbi-Figure
"清_陈枚_月曼清游图册_页_工笔,人物_庭院、花 _  _  _ _189e8224.jpg",清,陈枚,月曼清游图册,页,工笔,人物,Gongbi,Figure,Figure,Gongbi-Figure,Gongbi-Figure
"清_陈枚_月曼清游图册_页_工笔,人物_杨柳荡千 _  _  _ _42503757.jpg",清,陈枚,月曼清游图册,页,工笔,人物,Gongbi,Figure,Figure,Gongbi-Figure,Gongbi-Figure
"清_陈枚_月曼清游图册_页_工笔,人物_碧池采莲 _  _  _ _fc852aed.jpg",清,陈枚,月曼清游图册,页,工笔,人物,Gongbi,Figure,Figure,Gongbi-Figure,Gongbi-Figure
"清_陈枚_月曼清游图册_页_工笔,人物_重阳赏菊 _  _  _ _797172a0.jpg",清,陈枚,月曼清游图册,页,工笔,人物,Gongbi,Figure,Figure,Gongbi-Figure,Gongbi-Figure
"清_陈枚_月曼清游图册_页_工笔,人物_闲亭对弈 _  _  _ _1f70b557.jpg",清,陈枚,月曼清游图册,页,工笔,人物,Gongbi,Figure,Figure,Gongbi-Figure,Gongbi-Figure
"清_陈枚_月曼清游图册（琼台玩月）_页_工笔,人物_  _  _  _ _1a4ccf81.jpg",清,陈枚,月曼清游图册（琼台玩月）,页,工笔,人物,Gongbi,Figure,Figure,Gongbi-Figure,Gongbi-Figure
"清_陈枚_月曼清游图册（踏雪寻诗）_页_工笔,人物_  _  _  _ _49e380de.jpg",清,陈枚,月曼清游图册（踏雪寻诗）,页,工笔,人物,Gongbi,Figure,Figure,Gongbi-Figure,Gongbi-Figure
"清_马荃 _  _页_工笔,花鸟 _ _94cmX43cm _ _b4778e16.jpg",清,马荃,,页,工笔,花鸟,Gongbi,FlowerBird,FlowerBird,Gongbi-FlowerBird,Gongbi-FlowerBird
"清_马荃_花卉蝴蝶图_卷_工笔,花鸟_花卉、蝴蝶_纸本_27.9cmX248cm _ _ab881f75.jpg",清,马荃,花卉蝴蝶图,卷,工笔,花鸟,Gongbi,FlowerBird,FlowerBird,Gongbi-FlowerBird,Gongbi-FlowerBird
"清_马逸_国色天香图_页_工笔,花鸟_  _工笔,花鸟,石头,叶子_绢本_101.7cmX49.5c_535e98db.jpg",清,马逸,国色天香图,页,工笔,花鸟,Gongbi,FlowerBird,FlowerBird,Gongbi-FlowerBird,Gongbi-FlowerBird
"清_高其佩_山水册_页_水墨,山水_山,树,树林,船,树叶,树枝,文字,印章_纸本_ _页_荷兰阿姆_35e37956.jpg",清,高其佩,山水册,页,水墨,山水,Ink,Landscape,Landscape,Ink-Landscape,Ink-Landscape
"清_高其佩_山水册_页_水墨,山水_山,石头,树,树林,树叶,树枝,雾气,文字,印章_纸本_ _页__46c4065c.jpg",清,高其佩,山水册,页,水墨,山水,Ink,Landscape,Landscape,Ink-Landscape,Ink-Landscape
"清_高其佩_山水册_页_水墨,山水_草,鸟,文字,印章_纸本_ _页_荷兰阿姆斯特丹_4ad33556.jpg",清,高其佩,山水册,页,水墨,山水,Ink,Landscape,Landscape,Ink-Landscape,Ink-Landscape
"清_高其佩_山水册_页_浅绛,山水_山,山林,山群,石头,树,树林,树叶,树枝,建筑,房子,柱子,瓦_40de9aec.jpg",清,高其佩,山水册,页,浅绛,山水,LightOchre,Landscape,Landscape,LightOchre-Landscape,LightOchre-Landscape
"清_高其佩_山水册_页_浅绛,山水_山,山林,树,文字,印章_纸本_ _页_荷兰阿姆斯特丹_db6f1b3a.jpg",清,高其佩,山水册,页,浅绛,山水,LightOchre,Landscape,Landscape,LightOchre-Landscape,LightOchre-Landscape
"清_高其佩_山水册_页_浅绛,山水_山,水,树,云,云朵,建筑,桥,文字,印章_纸本_ _页_荷兰阿_c7440ce4.jpg",清,高其佩,山水册,页,浅绛,山水,LightOchre,Landscape,Landscape,LightOchre-Landscape,LightOchre-Landscape
"清_高其佩_山水册_页_浅绛,山水_山,水,树,云,云朵,文字,印章_纸本_ _页_荷兰阿姆斯特丹_d6769a7d.jpg",清,高其佩,山水册,页,浅绛,山水,LightOchre,Landscape,Landscape,LightOchre-Landscape,LightOchre-Landscape
"清_高其佩_山水册_页_浅绛,山水_山,水,树,云朵,文字,印章_纸本_ _页_荷兰阿姆斯特丹_9202ae11.jpg",清,高其佩,山水册,页,浅绛,山水,LightOchre,Landscape,Landscape,LightOchre-Landscape,LightOchre-Landscape
"清_高其佩_山水册_页_浅绛,山水_山,水,树,文字,印章_纸本_ _页_荷兰阿姆斯特丹_8545015a.jpg",清,高其佩,山水册,页,浅绛,山水,LightOchre,Landscape,Landscape,LightOchre-Landscape,LightOchre-Landscape
"清_高其佩_山水册_页_浅绛,山水_树,石头,文字,印章_纸本_ _页_荷兰阿姆斯特丹_1210e0ee.jpg",清,高其佩,山水册,页,浅绛,山水,LightOchre,Landscape,Landscape,LightOchre-Landscape,LightOchre-Landscape
"清_高其佩_山水册_页_浅绛,山水_水,湖泊,留白,人物,船,文字,印章_纸本_ _页_荷兰阿姆斯特_1a4e09ce.jpg",清,高其佩,山水册,页,浅绛,山水,LightOchre,Landscape,Landscape,LightOchre-Landscape,LightOchre-Landscape
"清_高其佩_指画·盆栽腊梅 _页_写意,花鸟_花鸟 _ _35.88x57.31cm_纳尔逊·艾金斯_ae046fc9.jpg",清,高其佩,指画·盆栽腊梅,页,写意,花鸟,Xieyi,FlowerBird,FlowerBird,Xieyi-FlowerBird,Xieyi-FlowerBird
"清_高其佩_指画怒容钟馗图_页_写意,人物_ _人物_纸本_148cmX67cm _ _4086cdb0.jpg",清,高其佩,指画怒容钟馗图,页,写意,人物,Xieyi,Figure,Figure,Xieyi-Figure,Xieyi-Figure
"清_高其佩_舞鹤_页_写意,花鸟_花鸟 _ _35.88x57.31cm_纳尔逊·艾金斯_6c736318.jpg",清,高其佩,舞鹤,页,写意,花鸟,Xieyi,FlowerBird,FlowerBird,Xieyi-FlowerBird,Xieyi-FlowerBird
"清_高其佩_黄葵_页_写意,花鸟_花鸟 _ _35.88cmX57.31cm_纳尔逊·艾金斯_782be604.jpg",清,高其佩,黄葵,页,写意,花鸟,Xieyi,FlowerBird,FlowerBird,Xieyi-FlowerBird,Xieyi-FlowerBird
"清_高其佩_齐峰_页_水墨,山水_写意,山_ _35.88x57.31cm_纳尔逊·艾金斯_2a2f69bd.jpg",清,高其佩,齐峰,页,水墨,山水,Ink,Landscape,Landscape,Ink-Landscape,Ink-Landscape
"清_高岑_古代景观册_页_水墨,山水_山,石头,树,树林,树叶,树枝,古树,枯树,雾气,云,云朵,石_3a400b59.jpg",清,高岑,古代景观册,页,水墨,山水,Ink,Landscape,Landscape,Ink-Landscape,Ink-Landscape
"清_高岑_古代景观册_页_浅绛,山水_山,,石头,树,树叶,树枝,古树,枯树,水,湖泊,雾气,云,云_5e0bf184.jpg",清,高岑,古代景观册,页,浅绛,山水,LightOchre,Landscape,Landscape,LightOchre-Landscape,LightOchre-Landscape
"清_高岑_古代景观册_页_浅绛,山水_山,山群,石头,树,树叶,树枝,古树,枯树,水,湖泊,建筑,房_d7e93162.jpg",清,高岑,古代景观册,页,浅绛,山水,LightOchre,Landscape,Landscape,LightOchre-Landscape,LightOchre-Landscape
"清_高岑_古代景观册_页_浅绛,山水_山,树,树叶,树枝,古树,云,建筑,房子,柱子,瓦片,门窗,台_3599e192.jpg",清,高岑,古代景观册,页,浅绛,山水,LightOchre,Landscape,Landscape,LightOchre-Landscape,LightOchre-Landscape
"清_高岑_古代景观册_页_浅绛,山水_山,石头,树,树叶,树枝,古树,水,雾气,云_纸本_ _页__f3262b7c.jpg",清,高岑,古代景观册,页,浅绛,山水,LightOchre,Landscape,Landscape,LightOchre-Landscape,LightOchre-Landscape
"清_高岑_古代景观册_页_浅绛,山水_山,石头,树,树林,树叶,树枝,古树,建筑,房子,柱子,瓦片,_13fc1134.jpg",清,高岑,古代景观册,页,浅绛,山水,LightOchre,Landscape,Landscape,LightOchre-Landscape,LightOchre-Landscape
"清_高岑_古代景观册_页_浅绛,山水_山,石头,树,树林,树叶,树枝,古树,枯树,水,湖泊,雾气,云_5e96b2b6.jpg",清,高岑,古代景观册,页,浅绛,山水,LightOchre,Landscape,Landscape,LightOchre-Landscape,LightOchre-Landscape
"清_高岑_古代景观册_页_浅绛,山水_山,石头,树,树林,树叶,树枝,古树,雾气,云,云朵,桥,建筑_d549ccf8.jpg",清,高岑,古代景观册,页,浅绛,山水,LightOchre,Landscape,Landscape,LightOchre-Landscape,LightOchre-Landscape
"清_髡残_山水册_页_浅绛,山水_山,水,彩绘,山林,草,树,建筑,印章,文字_纸本_ _页__3bc8b430.jpg",清,髡残,山水册,页,浅绛,山水,LightOchre,Landscape,Landscape,LightOchre-Landscape,LightOchre-Landscape
"清_髡残_山水册_页_浅绛,山水_山,水,树,印章,文字_纸本_ _页__c184c468.jpg",清,髡残,山水册,页,浅绛,山水,LightOchre,Landscape,Landscape,LightOchre-Landscape,LightOchre-Landscape
"清_髡残_山水册_页_浅绛,山水_山,水,树,建筑,人物,印章_纸本_ _页__e0f817cf.jpg",清,髡残,山水册,页,浅绛,山水,LightOchre,Landscape,Landscape,LightOchre-Landscape,LightOchre-Landscape
"清_髡残_山水册_页_浅绛,山水_山,水,树,建筑,印章,文字_纸本_ _页__c9a85975.jpg",清,髡残,山水册,页,浅绛,山水,LightOchre,Landscape,Landscape,LightOchre-Landscape,LightOchre-Landscape
"清_髡残_山水册_页_浅绛,山水_山,水,树,建筑,树林,屋顶,印章,文字_纸本_ _页__e38e7ca5.jpg",清,髡残,山水册,页,浅绛,山水,LightOchre,Landscape,Landscape,LightOchre-Landscape,LightOchre-Landscape
"清_髡残_山水册_页_浅绛,山水_山,水,树,建筑,桥,印章,文字_纸本_ _页__36f5900d.jpg",清,髡残,山水册,页,浅绛,山水,LightOchre,Landscape,Landscape,LightOchre-Landscape,LightOchre-Landscape
"清_髡残_山水册_页_浅绛,山水_山,水,树,彩绘_纸本_ _页__12de89d8.jpg",清,髡残,山水册,页,浅绛,山水,LightOchre,Landscape,Landscape,LightOchre-Landscape,LightOchre-Landscape
"清_髡残_山水册_页_浅绛,山水_山,水,树,树林,船,桅杆,建筑,印章,文字,彩绘_纸本_ _页__c7701d83.jpg",清,髡残,山水册,页,浅绛,山水,LightOchre,Landscape,Landscape,LightOchre-Landscape,LightOchre-Landscape
"清_髡残_山水册_页_浅绛,山水_山,水,树,石头,建筑,印章,文字_纸本_ _页__dec3d4eb.jpg",清,髡残,山水册,页,浅绛,山水,LightOchre,Landscape,Landscape,LightOchre-Landscape,LightOchre-Landscape
"清_髡残_山水册_页_浅绛,山水_山,水,树,雾气,建筑,亭子,印章,文字_纸本_ _页_ _8f4ad196.jpg",清,髡残,山水册,页,浅绛,山水,LightOchre,Landscape,Landscape,LightOchre-Landscape,LightOchre-Landscape
"清_髡残_山水册_页_浅绛,山水_山,水,树,雾气,建筑,印章,文字_纸本_ _页__aee253a8.jpg",清,髡残,山水册,页,浅绛,山水,LightOchre,Landscape,Landscape,LightOchre-Landscape,LightOchre-Landscape
"清_髡残_山水册_页_浅绛,山水_彩绘,山,水,树,卷云,建筑,人物,印章,文字_纸本_ _页__29632483.jpg",清,髡残,山水册,页,浅绛,山水,LightOchre,Landscape,Landscape,LightOchre-Landscape,LightOchre-Landscape
"清_髡残_山水册_页_浅绛,山水_彩绘,山,水,树,建筑,船,印章,文字_纸本_ _页__8554c756.jpg",清,髡残,山水册,页,浅绛,山水,LightOchre,Landscape,Landscape,LightOchre-Landscape,LightOchre-Landscape
"清_髡残_山水册_页_浅绛,山水_彩绘,山,水,树,树林,建筑,桥,印章,文字_纸本_ _页__e5ba02fb.jpg",清,髡残,山水册,页,浅绛,山水,LightOchre,Landscape,Landscape,LightOchre-Landscape,LightOchre-Landscape
"清_髡残_山水册_页_浅绛,山水_彩绘,轻雾,山,水,树,树林,建筑,印章,人物,文字_纸本_ _页_a6fbeaba.jpg",清,髡残,山水册,页,浅绛,山水,LightOchre,Landscape,Landscape,LightOchre-Landscape,LightOchre-Landscape
"清_髡残_泼墨溪山图_页_水墨,山水_ _纸本_77.2cmX27cm_天津艺术博物馆_dcdff993.jpg",清,髡残,泼墨溪山图,页,水墨,山水,Ink,Landscape,Landscape,Ink-Landscape,Ink-Landscape
"清_髡残_溪山秋雨 _页_浅绛,山水_山水_纸本_50cmX113cm _ _75a895f7.jpg",清,髡残,溪山秋雨,页,浅绛,山水,LightOchre,Landscape,Landscape,LightOchre-Landscape,LightOchre-Landscape
"清_髡残_雨洗山根图_页_浅绛,山水_  _ _62cmX106.54cm _ _ff66f9aa.jpg",清,髡残,雨洗山根图,页,浅绛,山水,LightOchre,Landscape,Landscape,LightOchre-Landscape,LightOchre-Landscape
"清_黄夔_桃花源图_页_水墨,山水_卷_山水人物_纸本_43.9cmX41.5cm _ _9e4e0537.jpg",清,黄夔,桃花源图,页,水墨,山水,Ink,Landscape,Landscape,Ink-Landscape,Ink-Landscape
"清_黄山寿_拟古山水册_页_浅绛,山水_人物,水,印章,文字_纸本_ _ __08e68fd3.jpg",清,黄山寿,拟古山水册,页,浅绛,山水,LightOchre,Landscape,Landscape,LightOchre-Landscape,LightOchre-Landscape
"清_黄山寿_拟古山水册_页_浅绛,山水_山,水,树,印章,文字_纸本_ _ __d9937297.jpg",清,黄山寿,拟古山水册,页,浅绛,山水,LightOchre,Landscape,Landscape,LightOchre-Landscape,LightOchre-Landscape
"清_黄山寿_拟古山水册_页_浅绛,山水_山,水,树,建筑,人物,印章,文字_纸本_ _ __6d23d291.jpg",清,黄山寿,拟古山水册,页,浅绛,山水,LightOchre,Landscape,Landscape,LightOchre-Landscape,LightOchre-Landscape
"清_黄山寿_拟古山水册_页_浅绛,山水_山,水,树,建筑,印章,文字_纸本_ _ __52f37be4.jpg",清,黄山寿,拟古山水册,页,浅绛,山水,LightOchre,Landscape,Landscape,LightOchre-Landscape,LightOchre-Landscape
"清_黄山寿_拟古山水册_页_浅绛,山水_山,水,树,建筑,桥,印章,文字_纸本_ _ __e821b7e3.jpg",清,黄山寿,拟古山水册,页,浅绛,山水,LightOchre,Landscape,Landscape,LightOchre-Landscape,LightOchre-Landscape
"清_黄山寿_拟古山水册_页_浅绛,山水_雾气,山,水,树,建筑,印章,文字_纸本_ _ __411ece2c.jpg",清,黄山寿,拟古山水册,页,浅绛,山水,LightOchre,Landscape,Landscape,LightOchre-Landscape,LightOchre-Landscape
"清_黄慎_商山四皓图 _页_浅绛,山水_  _ _155.6cmX31cm _ _7b0c3fb4.jpg",清,黄慎,商山四皓图,页,浅绛,山水,LightOchre,Landscape,Landscape,LightOchre-Landscape,LightOchre-Landscape
"清_黄慎_捧梅图_页_写意,人物_  _写意,人物_纸本_124cmX664cm_辽宁省博物馆_6e09f0be.jpg",清,黄慎,捧梅图,页,写意,人物,Xieyi,Figure,Figure,Xieyi-Figure,Xieyi-Figure
"清_黄慎_柳塘双鹭 _页_写意,花鸟_纸本_62.9cmX139cm _ _387da45c.jpg",清,黄慎,柳塘双鹭,页,写意,花鸟,Xieyi,FlowerBird,FlowerBird,Xieyi-FlowerBird,Xieyi-FlowerBird
"清_龔賢_山水圖_扇面_水墨,山水_山水_纸本_35cmX65cm _ _75bf543d.jpg",清,龔賢,山水圖,扇面,水墨,山水,Ink,Landscape,Landscape,Ink-Landscape,Ink-Landscape
"清_龚贤_十二景山水册_页_水墨,山水_山,山林,水流,水,树,建筑,印章_纸本_30.2cmX62_8db460d5.jpg",清,龚贤,十二景山水册,页,水墨,山水,Ink,Landscape,Landscape,Ink-Landscape,Ink-Landscape
"清_龚贤_十二景山水册_页_水墨,山水_山,水,树,建筑,印章,屋顶_纸本_30.2cmX62.9c_cd803be8.jpg",清,龚贤,十二景山水册,页,水墨,山水,Ink,Landscape,Landscape,Ink-Landscape,Ink-Landscape
"清_龚贤_十二景山水册_页_水墨,山水_山,水,树,建筑,印章,雾气_纸本_30.2cmX62.9c_94b9c062.jpg",清,龚贤,十二景山水册,页,水墨,山水,Ink,Landscape,Landscape,Ink-Landscape,Ink-Landscape
"清_龚贤_十二景山水册_页_水墨,山水_山,水,树,建筑,印章_纸本_30.2cmX62.9cm_页_6368f96f.jpg",清,龚贤,十二景山水册,页,水墨,山水,Ink,Landscape,Landscape,Ink-Landscape,Ink-Landscape
"清_龚贤_十二景山水册_页_水墨,山水_山,水,树,建筑,屋顶,印章_纸本_30.2cmX62.9c_09c45c4f.jpg",清,龚贤,十二景山水册,页,水墨,山水,Ink,Landscape,Landscape,Ink-Landscape,Ink-Landscape
"清_龚贤_十二景山水册_页_水墨,山水_山,水,树,建筑,桥,印章_纸本_30.2cmX62.9cm_0c76d6a8.jpg",清,龚贤,十二景山水册,页,水墨,山水,Ink,Landscape,Landscape,Ink-Landscape,Ink-Landscape
"清_龚贤_十二景山水册_页_水墨,山水_山,水,树,建筑,桥,屋顶印章_纸本_30.2cmX62.9_56b833f7.jpg",清,龚贤,十二景山水册,页,水墨,山水,Ink,Landscape,Landscape,Ink-Landscape,Ink-Landscape
"清_龚贤_十二景山水册_页_水墨,山水_山,水,树,建筑,石桥,印章_纸本_30.2cmX62.9c_7a636436.jpg",清,龚贤,十二景山水册,页,水墨,山水,Ink,Landscape,Landscape,Ink-Landscape,Ink-Landscape
"清_龚贤_十二景山水册_页_水墨,山水_山,水,树,树林,山林,建筑,印章_纸本_30.2cmX62_1436baf4.jpg",清,龚贤,十二景山水册,页,水墨,山水,Ink,Landscape,Landscape,Ink-Landscape,Ink-Landscape
"清_龚贤_十二景山水册_页_水墨,山水_山,水,水面,树,建筑,印章_纸本_30.2cmX62.9c_f5a7b083.jpg",清,龚贤,十二景山水册,页,水墨,山水,Ink,Landscape,Landscape,Ink-Landscape,Ink-Landscape
"清_龚贤_十二景山水册_页_水墨,山水_山,水,湖泊,树,建筑,印章_纸本_30.2cmX62.9c_165d79e9.jpg",清,龚贤,十二景山水册,页,水墨,山水,Ink,Landscape,Landscape,Ink-Landscape,Ink-Landscape
"清_龚贤_十二景山水册_页_水墨,山水_山,水湖泊,,树,建筑,屋顶,印章_纸本_30.2cmX62_b6445288.jpg",清,龚贤,十二景山水册,页,水墨,山水,Ink,Landscape,Landscape,Ink-Landscape,Ink-Landscape
"清_龚贤_山水八景_页_水墨,山水_山,石头,建筑,水,树,印章_纸本_ _页__cb0139ea.jpg",清,龚贤,山水八景,页,水墨,山水,Ink,Landscape,Landscape,Ink-Landscape,Ink-Landscape
"清_龚贤_山水八景_页_水墨,山水_山,石头,建筑,水,桥,树,印章_纸本_ _页__c8b45cf5.jpg",清,龚贤,山水八景,页,水墨,山水,Ink,Landscape,Landscape,Ink-Landscape,Ink-Landscape
"清_龚贤_山水八景_页_水墨,山水_山,石头,树,印章_纸本_ _页__b580dfb1.jpg",清,龚贤,山水八景,页,水墨,山水,Ink,Landscape,Landscape,Ink-Landscape,Ink-Landscape
"清_龚贤_山水八景_页_浅绛,山水_山,水,树,云,云朵,建筑,文字,印章_纸本_ _页__6dc6a870.jpg",清,龚贤,山水八景,页,浅绛,山水,LightOchre,Landscape,Landscape,LightOchre-Landscape,LightOchre-Landscape
"清_龚贤_山水八景_页_浅绛,山水_山,水,树,云,建筑,文字,印章_纸本_ _页_ _2a2ff56c.jpg",清,龚贤,山水八景,页,浅绛,山水,LightOchre,Landscape,Landscape,LightOchre-Landscape,LightOchre-Landscape
"清_龚贤_山水八景_页_浅绛,山水_山,石头,建筑,,树,印章_纸本_ _页__6b303e03.jpg",清,龚贤,山水八景,页,浅绛,山水,LightOchre,Landscape,Landscape,LightOchre-Landscape,LightOchre-Landscape
"清_龚贤_山水八景_页_浅绛,山水_山,石头,建筑,留白,水,湖泊,树,印章_纸本_ _页__b08a47ae.jpg",清,龚贤,山水八景,页,浅绛,山水,LightOchre,Landscape,Landscape,LightOchre-Landscape,LightOchre-Landscape
"清_龚贤_山水八景_页_浅绛,山水_水,石桥,湖泊,船,印章_纸本_ _页__2df5d07a.jpg",清,龚贤,山水八景,页,浅绛,山水,LightOchre,Landscape,Landscape,LightOchre-Landscape,LightOchre-Landscape
"清_龚贤_山水册_页_水墨,山水_ _山水_纸本_50cmX110cm _ _d1ddea54.jpg",清,龚贤,山水册,页,水墨,山水,Ink,Landscape,Landscape,Ink-Landscape,Ink-Landscape
"清_龚贤_山水册_页_水墨,山水_山,树,印章_纸本_ _ __ffc20a90.jpg",清,龚贤,山水册,页,水墨,山水,Ink,Landscape,Landscape,Ink-Landscape,Ink-Landscape
"清_龚贤_山水册_页_水墨,山水_山,水,树,云,云朵,建筑,台阶,印章_纸本_ _ __ecb2414d.jpg",清,龚贤,山水册,页,水墨,山水,Ink,Landscape,Landscape,Ink-Landscape,Ink-Landscape
"清_龚贤_山水册_页_水墨,山水_山,水,树,印章_纸本_ _ __e03181ab.jpg",清,龚贤,山水册,页,水墨,山水,Ink,Landscape,Landscape,Ink-Landscape,Ink-Landscape
"清_龚贤_山水册_页_水墨,山水_山,水,树,印章_纸本_ _页__4e6c4692.jpg",清,龚贤,山水册,页,水墨,山水,Ink,Landscape,Landscape,Ink-Landscape,Ink-Landscape
"清_龚贤_山水册_页_水墨,山水_山,水,树,山林,水面,建筑,印章_纸本_ _页_ _8b488bf5.jpg",清,龚贤,山水册,页,水墨,山水,Ink,Landscape,Landscape,Ink-Landscape,Ink-Landscape
"清_龚贤_山水册_页_水墨,山水_山,水,树,建筑,印章_纸本_ _页__fcbdc9c1.jpg",清,龚贤,山水册,页,水墨,山水,Ink,Landscape,Landscape,Ink-Landscape,Ink-Landscape
"清_龚贤_山水册_页_水墨,山水_山,水,树,建筑,屋顶,印章_纸本_ _页__a6279ff8.jpg",清,龚贤,山水册,页,水墨,山水,Ink,Landscape,Landscape,Ink-Landscape,Ink-Landscape
"清_龚贤_山水册_页_水墨,山水_山,水,树,树林,地面,草,建筑,印章_纸本_ _页__002f19a3.jpg",清,龚贤,山水册,页,水墨,山水,Ink,Landscape,Landscape,Ink-Landscape,Ink-Landscape
"清_龚贤_山水册_页_水墨,山水_山,水,树,河流,文字,印章_纸本_ _页__d0499586.jpg",清,龚贤,山水册,页,水墨,山水,Ink,Landscape,Landscape,Ink-Landscape,Ink-Landscape
"清_龚贤_山水册_页_水墨,山水_山,水,湖泊,印章_纸本_ _页__073d4437.jpg",清,龚贤,山水册,页,水墨,山水,Ink,Landscape,Landscape,Ink-Landscape,Ink-Landscape
"清_龚贤_山水册_页_水墨,山水_山,雾气,树,印章_纸本_ _页__d08ac7ea.jpg",清,龚贤,山水册,页,水墨,山水,Ink,Landscape,Landscape,Ink-Landscape,Ink-Landscape
"清_龚贤_山水图_卷_浅绛,山水_山水_纸本_28x404.1cm_北京故宫博物院_a96e92fd.jpg",清,龚贤,山水图,卷,浅绛,山水,LightOchre,Landscape,Landscape,LightOchre-Landscape,LightOchre-Landscape
"清_龚贤_山水画谱_页_水墨,山水_地面,水,树,建筑_纸本_ _页__f8eb15a6.jpg",清,龚贤,山水画谱,页,水墨,山水,Ink,Landscape,Landscape,Ink-Landscape,Ink-Landscape
"清_龚贤_山水画谱_页_水墨,山水_山,树,建筑,石头,地面_纸本_ _页__137c3e4f.jpg",清,龚贤,山水画谱,页,水墨,山水,Ink,Landscape,Landscape,Ink-Landscape,Ink-Landscape
"清_龚贤_山水画谱_页_水墨,山水_山,树枝,树,建筑,石头_纸本_ _页__17eede8f.jpg",清,龚贤,山水画谱,页,水墨,山水,Ink,Landscape,Landscape,Ink-Landscape,Ink-Landscape
"清_龚贤_山水画谱_页_水墨,山水_山,水,树,云_纸本_ _页__40f677a2.jpg",清,龚贤,山水画谱,页,水墨,山水,Ink,Landscape,Landscape,Ink-Landscape,Ink-Landscape
"清_龚贤_山水画谱_页_水墨,山水_山,水,树,印章_纸本_ _页__1436f4e7.jpg",清,龚贤,山水画谱,页,水墨,山水,Ink,Landscape,Landscape,Ink-Landscape,Ink-Landscape
"清_龚贤_山水画谱_页_水墨,山水_山,水,树,地面,水面,留白,雾气_纸本_ _页__ee45b1fa.jpg",清,龚贤,山水画谱,页,水墨,山水,Ink,Landscape,Landscape,Ink-Landscape,Ink-Landscape
"清_龚贤_山水画谱_页_水墨,山水_山,水,树,地面_纸本_ _页__e0fc25d8.jpg",清,龚贤,山水画谱,页,水墨,山水,Ink,Landscape,Landscape,Ink-Landscape,Ink-Landscape
"清_龚贤_山水画谱_页_水墨,山水_山,水,树,建筑,印章_纸本_ _页__9341a9b1.jpg",清,龚贤,山水画谱,页,水墨,山水,Ink,Landscape,Landscape,Ink-Landscape,Ink-Landscape
"清_龚贤_山水画谱_页_水墨,山水_山,水,树,建筑,屋顶_纸本_ _页__30fdba51.jpg",清,龚贤,山水画谱,页,水墨,山水,Ink,Landscape,Landscape,Ink-Landscape,Ink-Landscape
"清_龚贤_山水画谱_页_水墨,山水_山,水,树,建筑,山地_纸本_ _页__88fb1be5.jpg",清,龚贤,山水画谱,页,水墨,山水,Ink,Landscape,Landscape,Ink-Landscape,Ink-Landscape
"清_龚贤_山水画谱_页_水墨,山水_山,水,树,建筑,水面,山林_纸本_ _页__c967e7c1.jpg",清,龚贤,山水画谱,页,水墨,山水,Ink,Landscape,Landscape,Ink-Landscape,Ink-Landscape
"清_龚贤_山水画谱_页_水墨,山水_山,水,树,建筑,石头,屋顶,柱子_纸本_ _页__52990e29.jpg",清,龚贤,山水画谱,页,水墨,山水,Ink,Landscape,Landscape,Ink-Landscape,Ink-Landscape
"清_龚贤_山水画谱_页_水墨,山水_山,水,树,建筑_纸本_ _页__8cfbf948.jpg",清,龚贤,山水画谱,页,水墨,山水,Ink,Landscape,Landscape,Ink-Landscape,Ink-Landscape
"清_龚贤_山水画谱_页_水墨,山水_山,水,树,树林_纸本_ _页__01e3e491.jpg",清,龚贤,山水画谱,页,水墨,山水,Ink,Landscape,Landscape,Ink-Landscape,Ink-Landscape
"清_龚贤_山水画谱_页_水墨,山水_山,水,树,水面_纸本_ _页__883e5505.jpg",清,龚贤,山水画谱,页,水墨,山水,Ink,Landscape,Landscape,Ink-Landscape,Ink-Landscape
"清_龚贤_山水画谱_页_水墨,山水_山,水,树,石头,树林,水流_纸本_ _页__7a226b91.jpg",清,龚贤,山水画谱,页,水墨,山水,Ink,Landscape,Landscape,Ink-Landscape,Ink-Landscape
"清_龚贤_山水画谱_页_水墨,山水_山,水,树,石头_纸本_ _页__b4a428c6.jpg",清,龚贤,山水画谱,页,水墨,山水,Ink,Landscape,Landscape,Ink-Landscape,Ink-Landscape
"清_龚贤_山水画谱_页_水墨,山水_山,水,树,草地,建筑_纸本_ _页__c5dba21e.jpg",清,龚贤,山水画谱,页,水墨,山水,Ink,Landscape,Landscape,Ink-Landscape,Ink-Landscape
"清_龚贤_山水画谱_页_水墨,山水_山,水,树_纸本_ _页__4b45c1d7.jpg",清,龚贤,山水画谱,页,水墨,山水,Ink,Landscape,Landscape,Ink-Landscape,Ink-Landscape
"清_龚贤_山水画谱_页_水墨,山水_山,水,湖泊,树,建筑_纸本_ _页__3738d612.jpg",清,龚贤,山水画谱,页,水墨,山水,Ink,Landscape,Landscape,Ink-Landscape,Ink-Landscape
"清_龚贤_山水画谱_页_水墨,山水_山,水,湖泊,树,枯树_纸本_ _页__836ddeca.jpg",清,龚贤,山水画谱,页,水墨,山水,Ink,Landscape,Landscape,Ink-Landscape,Ink-Landscape
"清_龚贤_山水画谱_页_水墨,山水_山,水湖泊,树,建筑_纸本_ _页__e3c7e87b.jpg",清,龚贤,山水画谱,页,水墨,山水,Ink,Landscape,Landscape,Ink-Landscape,Ink-Landscape
"清_龚贤_山水画谱_页_水墨,山水_山,水面,水,树,建筑_纸本_ _页__c11f7e99.jpg",清,龚贤,山水画谱,页,水墨,山水,Ink,Landscape,Landscape,Ink-Landscape,Ink-Landscape
"清_龚贤_山水画谱_页_水墨,山水_山,雾,树,建筑_纸本_ _页__18bbd4ac.jpg",清,龚贤,山水画谱,页,水墨,山水,Ink,Landscape,Landscape,Ink-Landscape,Ink-Landscape
"清_龚贤_山水画谱_页_水墨,山水_石头,树,文字,印章 _纸本_ _页__4f5ae147.jpg",清,龚贤,山水画谱,页,水墨,山水,Ink,Landscape,Landscape,Ink-Landscape,Ink-Landscape
"清_龚贤_水墨山水 _页_水墨,山水_山水_纸本_45cmX120cm _ _570f3531.jpg",清,龚贤,水墨山水,页,水墨,山水,Ink,Landscape,Landscape,Ink-Landscape,Ink-Landscape
"清_龚贤_水墨山水册_页_水墨,山水_天,山,水,树,印章,文字_纸本_ _页__2f00de90.jpg",清,龚贤,水墨山水册,页,水墨,山水,Ink,Landscape,Landscape,Ink-Landscape,Ink-Landscape
"清_龚贤_水墨山水册_页_水墨,山水_山,建筑,印章,文字_纸本_ _页__21e65145.jpg",清,龚贤,水墨山水册,页,水墨,山水,Ink,Landscape,Landscape,Ink-Landscape,Ink-Landscape
"清_龚贤_水墨山水册_页_水墨,山水_山,水,树,印章,文字_纸本_ _页__bf14e3a5.jpg",清,龚贤,水墨山水册,页,水墨,山水,Ink,Landscape,Landscape,Ink-Landscape,Ink-Landscape
"清_龚贤_水墨山水册_页_水墨,山水_山,水,树,建筑,印章,文字_纸本_ _页__0c9caece.jpg",清,龚贤,水墨山水册,页,水墨,山水,Ink,Landscape,Landscape,Ink-Landscape,Ink-Landscape
"清_龚贤_水墨山水册_页_水墨,山水_山,水,树,建筑,地面,印章,文字_纸本_ _页__aad4d1f0.jpg",清,龚贤,水墨山水册,页,水墨,山水,Ink,Landscape,Landscape,Ink-Landscape,Ink-Landscape
"清_龚贤_水墨山水册_页_水墨,山水_山,水,树,树林,建筑,印章,文字_纸本_ _页__a8033e7a.jpg",清,龚贤,水墨山水册,页,水墨,山水,Ink,Landscape,Landscape,Ink-Landscape,Ink-Landscape
"清_龚贤_水墨山水册_页_水墨,山水_山,水,树,树林,建筑,房子,印章,文字_纸本_ _页__46b9b20e.jpg",清,龚贤,水墨山水册,页,水墨,山水,Ink,Landscape,Landscape,Ink-Landscape,Ink-Landscape
"清_龚贤_水墨山水册_页_水墨,山水_山,水,树,石桥,印章,文字_纸本_ _页__8e5778ae.jpg",清,龚贤,水墨山水册,页,水墨,山水,Ink,Landscape,Landscape,Ink-Landscape,Ink-Landscape
"清_龚贤_水墨山水册_页_水墨,山水_山,水,水面,树,建筑,印章,文字_纸本_ _页__79996a39.jpg",清,龚贤,水墨山水册,页,水墨,山水,Ink,Landscape,Landscape,Ink-Landscape,Ink-Landscape
"清_龚贤_水墨山水册_页_水墨,山水_山,水,水面,树,树林,建筑,印章,文字_纸本_ _页__582b6f94.jpg",清,龚贤,水墨山水册,页,水墨,山水,Ink,Landscape,Landscape,Ink-Landscape,Ink-Landscape
"清_龚贤_水墨山水册_页_水墨,山水_山,水,湖泊,树,建筑,印章,文字_纸本_ _页__aa3498a4.jpg",清,龚贤,水墨山水册,页,水墨,山水,Ink,Landscape,Landscape,Ink-Landscape,Ink-Landscape
"清_龚贤_水墨山水册_页_水墨,山水_石头,山,水,树,建筑,印章,文字_纸本_ _页__36df3ebd.jpg",清,龚贤,水墨山水册,页,水墨,山水,Ink,Landscape,Landscape,Ink-Landscape,Ink-Landscape
"清_龚贤_水墨山水册_页_水墨,山水_雾气,山,水,树,建筑,印章,文字_纸本_ _页__1bf59dac.jpg",清,龚贤,水墨山水册,页,水墨,山水,Ink,Landscape,Landscape,Ink-Landscape,Ink-Landscape
"清_龚贤_水墨山水册_页_水墨,山水_雾气,山,水,树,树林,建筑,印章,文字_纸本_ _页__bc0ae0bb.jpg",清,龚贤,水墨山水册,页,水墨,山水,Ink,Landscape,Landscape,Ink-Landscape,Ink-Landscape
"清_龚贤_水墨山水册_页_水墨,山水_雾气,山,石头,桥,水,树,建筑,印章,文字_纸本_ _页__f208ac5e.jpg",清,龚贤,水墨山水册,页,水墨,山水,Ink,Landscape,Landscape,Ink-Landscape,Ink-Landscape
"齐_杨子华_北齐校书图宋摹本残卷画芯_卷_工笔,人物_马,行人,聚会,学者,舞者,印章_绢本_ _美_bd69d3dd.jpg",齐,杨子华,北齐校书图宋摹本残卷画芯,卷,工笔,人物,Gongbi,Figure,Figure,Gongbi-Figure,Gongbi-Figure
"齐_杨子华_校书图_卷_工笔,人物_印章,文字,马,行人,长袍,聚会_纸本,绢本_29.3cmX12_b07aa619.jpg",齐,杨子华,校书图,卷,工笔,人物,Gongbi,Figure,Figure,Gongbi-Figure,Gongbi-Figure
